seq_from_file1,seq_from_file2,alignment_score,alignment_length
>Random Sequence 1,>Random Sequence 1,113,1056
>Random Sequence 2,>Random Sequence 2,115,960
>Random Sequence 3,>Random Sequence 3,135,1149
>Random Sequence 4,>Random Sequence 4,116,1019
>Random Sequence 5,>Random Sequence 5,113,970
>Random Sequence 6,>Random Sequence 6,118,1140
>Random Sequence 7,>Random Sequence 7,110,1016
>Random Sequence 8,>Random Sequence 8,125,1122
>Random Sequence 9,>Random Sequence 9,115,1146
>Random Sequence 10,>Random Sequence 10,105,1137
>Random Sequence 11,>Random Sequence 11,110,1038
>Random Sequence 12,>Random Sequence 12,124,1111
>Random Sequence 13,>Random Sequence 13,124,1100
>Random Sequence 14,>Random Sequence 14,108,1013
>Random Sequence 15,>Random Sequence 15,114,992
>Random Sequence 16,>Random Sequence 16,119,961
>Random Sequence 17,>Random Sequence 17,118,983
>Random Sequence 18,>Random Sequence 18,116,1065
>Random Sequence 19,>Random Sequence 19,125,1129
>Random Sequence 20,>Random Sequence 20,117,1167
>Random Sequence 21,>Random Sequence 21,109,862
>Random Sequence 22,>Random Sequence 22,100,1043
>Random Sequence 23,>Random Sequence 23,126,962
>Random Sequence 24,>Random Sequence 24,107,1063
>Random Sequence 25,>Random Sequence 25,112,1175
>Random Sequence 26,>Random Sequence 26,112,1042
>Random Sequence 27,>Random Sequence 27,110,1122
>Random Sequence 28,>Random Sequence 28,114,1032
>Random Sequence 29,>Random Sequence 29,128,1122
>Random Sequence 30,>Random Sequence 30,122,1112
>Random Sequence 31,>Random Sequence 31,131,1073
>Random Sequence 32,>Random Sequence 32,113,1025
>Random Sequence 33,>Random Sequence 33,118,978
>Random Sequence 34,>Random Sequence 34,113,1060
>Random Sequence 35,>Random Sequence 35,119,1108
>Random Sequence 36,>Random Sequence 36,111,1039
>Random Sequence 37,>Random Sequence 37,104,1159
>Random Sequence 38,>Random Sequence 38,110,1138
>Random Sequence 39,>Random Sequence 39,115,1001
>Random Sequence 40,>Random Sequence 40,107,1141
>Random Sequence 41,>Random Sequence 41,115,1097
>Random Sequence 42,>Random Sequence 42,112,977
>Random Sequence 43,>Random Sequence 43,109,911
>Random Sequence 44,>Random Sequence 44,115,1114
>Random Sequence 45,>Random Sequence 45,110,1116
>Random Sequence 46,>Random Sequence 46,113,1086
>Random Sequence 47,>Random Sequence 47,121,1123
>Random Sequence 48,>Random Sequence 48,123,1146
>Random Sequence 49,>Random Sequence 49,128,1119
>Random Sequence 50,>Random Sequence 50,123,1124
>Random Sequence 51,>Random Sequence 51,119,1124
>Random Sequence 52,>Random Sequence 52,118,1091
>Random Sequence 53,>Random Sequence 53,107,1031
>Random Sequence 54,>Random Sequence 54,103,1068
>Random Sequence 55,>Random Sequence 55,114,890
>Random Sequence 56,>Random Sequence 56,114,1079
>Random Sequence 57,>Random Sequence 57,101,955
>Random Sequence 58,>Random Sequence 58,126,1055
>Random Sequence 59,>Random Sequence 59,108,1031
>Random Sequence 60,>Random Sequence 60,112,801
>Random Sequence 61,>Random Sequence 61,107,942
>Random Sequence 62,>Random Sequence 62,121,999
>Random Sequence 63,>Random Sequence 63,108,1110
>Random Sequence 64,>Random Sequence 64,118,1107
>Random Sequence 65,>Random Sequence 65,120,1157
>Random Sequence 66,>Random Sequence 66,109,1094
>Random Sequence 67,>Random Sequence 67,106,1113
>Random Sequence 68,>Random Sequence 68,130,1069
>Random Sequence 69,>Random Sequence 69,120,1142
>Random Sequence 70,>Random Sequence 70,123,1116
>Random Sequence 71,>Random Sequence 71,114,1139
>Random Sequence 72,>Random Sequence 72,123,1172
>Random Sequence 73,>Random Sequence 73,121,1097
>Random Sequence 74,>Random Sequence 74,92,808
>Random Sequence 75,>Random Sequence 75,109,985
>Random Sequence 76,>Random Sequence 76,122,1142
>Random Sequence 77,>Random Sequence 77,108,1019
>Random Sequence 78,>Random Sequence 78,126,1017
>Random Sequence 79,>Random Sequence 79,123,1102
>Random Sequence 80,>Random Sequence 80,126,1099
>Random Sequence 81,>Random Sequence 81,108,1022
>Random Sequence 82,>Random Sequence 82,102,1127
>Random Sequence 83,>Random Sequence 83,111,953
>Random Sequence 84,>Random Sequence 84,130,1109
>Random Sequence 85,>Random Sequence 85,106,1080
>Random Sequence 86,>Random Sequence 86,119,949
>Random Sequence 87,>Random Sequence 87,135,1120
>Random Sequence 88,>Random Sequence 88,134,1039
>Random Sequence 89,>Random Sequence 89,106,1055
>Random Sequence 90,>Random Sequence 90,124,1110
>Random Sequence 91,>Random Sequence 91,109,1113
>Random Sequence 92,>Random Sequence 92,108,1126
>Random Sequence 93,>Random Sequence 93,115,1153
>Random Sequence 94,>Random Sequence 94,105,930
>Random Sequence 95,>Random Sequence 95,113,1156
>Random Sequence 96,>Random Sequence 96,121,1124
>Random Sequence 97,>Random Sequence 97,95,1097
>Random Sequence 98,>Random Sequence 98,109,1069
>Random Sequence 99,>Random Sequence 99,124,1135
>Random Sequence 100,>Random Sequence 100,117,1020
>Random Sequence 101,>Random Sequence 101,116,1151
>Random Sequence 102,>Random Sequence 102,118,1129
>Random Sequence 103,>Random Sequence 103,116,1103
>Random Sequence 104,>Random Sequence 104,111,1160
>Random Sequence 105,>Random Sequence 105,136,1085
>Random Sequence 106,>Random Sequence 106,122,969
>Random Sequence 107,>Random Sequence 107,117,1055
>Random Sequence 108,>Random Sequence 108,123,923
>Random Sequence 109,>Random Sequence 109,114,984
>Random Sequence 110,>Random Sequence 110,112,1136
>Random Sequence 111,>Random Sequence 111,115,886
>Random Sequence 112,>Random Sequence 112,112,1135
>Random Sequence 113,>Random Sequence 113,124,1115
>Random Sequence 114,>Random Sequence 114,124,1169
>Random Sequence 115,>Random Sequence 115,110,1022
>Random Sequence 116,>Random Sequence 116,111,1033
>Random Sequence 117,>Random Sequence 117,118,1039
>Random Sequence 118,>Random Sequence 118,103,1167
>Random Sequence 119,>Random Sequence 119,101,1120
>Random Sequence 120,>Random Sequence 120,118,1083
>Random Sequence 121,>Random Sequence 121,130,1130
>Random Sequence 122,>Random Sequence 122,110,1051
>Random Sequence 123,>Random Sequence 123,122,1079
>Random Sequence 124,>Random Sequence 124,118,974
>Random Sequence 125,>Random Sequence 125,109,869
>Random Sequence 126,>Random Sequence 126,132,1144
>Random Sequence 127,>Random Sequence 127,112,1090
>Random Sequence 128,>Random Sequence 128,119,1092
>Random Sequence 129,>Random Sequence 129,121,1162
>Random Sequence 130,>Random Sequence 130,115,1063
>Random Sequence 131,>Random Sequence 131,119,1120
>Random Sequence 132,>Random Sequence 132,110,1037
>Random Sequence 133,>Random Sequence 133,117,1108
>Random Sequence 134,>Random Sequence 134,114,1102
>Random Sequence 135,>Random Sequence 135,126,1143
>Random Sequence 136,>Random Sequence 136,122,1034
>Random Sequence 137,>Random Sequence 137,128,1062
>Random Sequence 138,>Random Sequence 138,105,1057
>Random Sequence 139,>Random Sequence 139,121,1167
>Random Sequence 140,>Random Sequence 140,114,909
>Random Sequence 141,>Random Sequence 141,117,1118
>Random Sequence 142,>Random Sequence 142,119,1115
>Random Sequence 143,>Random Sequence 143,105,1108
>Random Sequence 144,>Random Sequence 144,125,1070
>Random Sequence 145,>Random Sequence 145,126,1147
>Random Sequence 146,>Random Sequence 146,136,1050
>Random Sequence 147,>Random Sequence 147,107,1154
>Random Sequence 148,>Random Sequence 148,111,1040
>Random Sequence 149,>Random Sequence 149,118,1090
>Random Sequence 150,>Random Sequence 150,134,942
>Random Sequence 151,>Random Sequence 151,108,1026
>Random Sequence 152,>Random Sequence 152,111,991
>Random Sequence 153,>Random Sequence 153,126,1130
>Random Sequence 154,>Random Sequence 154,119,1067
>Random Sequence 155,>Random Sequence 155,134,1164
>Random Sequence 156,>Random Sequence 156,112,1081
>Random Sequence 157,>Random Sequence 157,115,1113
>Random Sequence 158,>Random Sequence 158,115,1007
>Random Sequence 159,>Random Sequence 159,104,979
>Random Sequence 160,>Random Sequence 160,120,1117
>Random Sequence 161,>Random Sequence 161,106,1087
>Random Sequence 162,>Random Sequence 162,121,954
>Random Sequence 163,>Random Sequence 163,112,962
>Random Sequence 164,>Random Sequence 164,132,1142
>Random Sequence 165,>Random Sequence 165,116,1190
>Random Sequence 166,>Random Sequence 166,115,755
>Random Sequence 167,>Random Sequence 167,110,1113
>Random Sequence 168,>Random Sequence 168,118,1156
>Random Sequence 169,>Random Sequence 169,130,1146
>Random Sequence 170,>Random Sequence 170,109,1044
>Random Sequence 171,>Random Sequence 171,112,1003
>Random Sequence 172,>Random Sequence 172,138,1109
>Random Sequence 173,>Random Sequence 173,98,875
>Random Sequence 174,>Random Sequence 174,119,1022
>Random Sequence 175,>Random Sequence 175,115,1064
>Random Sequence 176,>Random Sequence 176,107,1038
>Random Sequence 177,>Random Sequence 177,104,1003
>Random Sequence 178,>Random Sequence 178,107,1043
>Random Sequence 179,>Random Sequence 179,118,1055
>Random Sequence 180,>Random Sequence 180,124,1109
>Random Sequence 181,>Random Sequence 181,113,1089
>Random Sequence 182,>Random Sequence 182,127,987
>Random Sequence 183,>Random Sequence 183,127,1170
>Random Sequence 184,>Random Sequence 184,122,1030
>Random Sequence 185,>Random Sequence 185,117,1077
>Random Sequence 186,>Random Sequence 186,93,980
>Random Sequence 187,>Random Sequence 187,107,1123
>Random Sequence 188,>Random Sequence 188,117,1059
>Random Sequence 189,>Random Sequence 189,113,1155
>Random Sequence 190,>Random Sequence 190,127,1052
>Random Sequence 191,>Random Sequence 191,116,948
>Random Sequence 192,>Random Sequence 192,107,992
>Random Sequence 193,>Random Sequence 193,106,1189
>Random Sequence 194,>Random Sequence 194,105,1106
>Random Sequence 195,>Random Sequence 195,117,1041
>Random Sequence 196,>Random Sequence 196,103,1088
>Random Sequence 197,>Random Sequence 197,119,1115
>Random Sequence 198,>Random Sequence 198,106,1064
>Random Sequence 199,>Random Sequence 199,109,809
>Random Sequence 200,>Random Sequence 200,106,1001
>Random Sequence 201,>Random Sequence 201,113,974
>Random Sequence 202,>Random Sequence 202,107,1098
>Random Sequence 203,>Random Sequence 203,121,1096
>Random Sequence 204,>Random Sequence 204,128,1049
>Random Sequence 205,>Random Sequence 205,102,1041
>Random Sequence 206,>Random Sequence 206,119,1159
>Random Sequence 207,>Random Sequence 207,106,1125
>Random Sequence 208,>Random Sequence 208,116,902
>Random Sequence 209,>Random Sequence 209,110,1004
>Random Sequence 210,>Random Sequence 210,131,1074
>Random Sequence 211,>Random Sequence 211,115,1020
>Random Sequence 212,>Random Sequence 212,122,1073
>Random Sequence 213,>Random Sequence 213,117,1104
>Random Sequence 214,>Random Sequence 214,121,1055
>Random Sequence 215,>Random Sequence 215,126,1131
>Random Sequence 216,>Random Sequence 216,108,1079
>Random Sequence 217,>Random Sequence 217,114,1120
>Random Sequence 218,>Random Sequence 218,119,1095
>Random Sequence 219,>Random Sequence 219,127,1039
>Random Sequence 220,>Random Sequence 220,106,866
>Random Sequence 221,>Random Sequence 221,102,926
>Random Sequence 222,>Random Sequence 222,128,957
>Random Sequence 223,>Random Sequence 223,113,1053
>Random Sequence 224,>Random Sequence 224,119,894
>Random Sequence 225,>Random Sequence 225,111,912
>Random Sequence 226,>Random Sequence 226,112,1085
>Random Sequence 227,>Random Sequence 227,108,959
>Random Sequence 228,>Random Sequence 228,116,1115
>Random Sequence 229,>Random Sequence 229,103,1008
>Random Sequence 230,>Random Sequence 230,110,1060
>Random Sequence 231,>Random Sequence 231,114,1035
>Random Sequence 232,>Random Sequence 232,108,937
>Random Sequence 233,>Random Sequence 233,102,1140
>Random Sequence 234,>Random Sequence 234,130,1152
>Random Sequence 235,>Random Sequence 235,110,1119
>Random Sequence 236,>Random Sequence 236,129,1141
>Random Sequence 237,>Random Sequence 237,120,1034
>Random Sequence 238,>Random Sequence 238,116,970
>Random Sequence 239,>Random Sequence 239,103,1128
>Random Sequence 240,>Random Sequence 240,96,947
>Random Sequence 241,>Random Sequence 241,114,1020
>Random Sequence 242,>Random Sequence 242,91,1059
>Random Sequence 243,>Random Sequence 243,104,1051
>Random Sequence 244,>Random Sequence 244,126,1121
>Random Sequence 245,>Random Sequence 245,109,1110
>Random Sequence 246,>Random Sequence 246,123,1096
>Random Sequence 247,>Random Sequence 247,111,1054
>Random Sequence 248,>Random Sequence 248,99,995
>Random Sequence 249,>Random Sequence 249,122,1020
>Random Sequence 250,>Random Sequence 250,105,1092
>Random Sequence 251,>Random Sequence 251,121,1136
>Random Sequence 252,>Random Sequence 252,115,1088
>Random Sequence 253,>Random Sequence 253,111,1005
>Random Sequence 254,>Random Sequence 254,115,1110
>Random Sequence 255,>Random Sequence 255,120,901
>Random Sequence 256,>Random Sequence 256,139,1091
>Random Sequence 257,>Random Sequence 257,108,891
>Random Sequence 258,>Random Sequence 258,126,1016
>Random Sequence 259,>Random Sequence 259,106,934
>Random Sequence 260,>Random Sequence 260,112,1112
>Random Sequence 261,>Random Sequence 261,124,1125
>Random Sequence 262,>Random Sequence 262,111,1037
>Random Sequence 263,>Random Sequence 263,113,1119
>Random Sequence 264,>Random Sequence 264,116,1066
>Random Sequence 265,>Random Sequence 265,98,1001
>Random Sequence 266,>Random Sequence 266,117,984
>Random Sequence 267,>Random Sequence 267,119,1124
>Random Sequence 268,>Random Sequence 268,107,1155
>Random Sequence 269,>Random Sequence 269,124,1122
>Random Sequence 270,>Random Sequence 270,121,1035
>Random Sequence 271,>Random Sequence 271,123,1048
>Random Sequence 272,>Random Sequence 272,127,1119
>Random Sequence 273,>Random Sequence 273,106,1029
>Random Sequence 274,>Random Sequence 274,121,1008
>Random Sequence 275,>Random Sequence 275,122,1177
>Random Sequence 276,>Random Sequence 276,124,1063
>Random Sequence 277,>Random Sequence 277,132,995
>Random Sequence 278,>Random Sequence 278,110,957
>Random Sequence 279,>Random Sequence 279,111,1030
>Random Sequence 280,>Random Sequence 280,127,1086
>Random Sequence 281,>Random Sequence 281,123,1109
>Random Sequence 282,>Random Sequence 282,122,1053
>Random Sequence 283,>Random Sequence 283,119,1100
>Random Sequence 284,>Random Sequence 284,112,1104
>Random Sequence 285,>Random Sequence 285,116,1157
>Random Sequence 286,>Random Sequence 286,116,836
>Random Sequence 287,>Random Sequence 287,130,1118
>Random Sequence 288,>Random Sequence 288,106,1159
>Random Sequence 289,>Random Sequence 289,102,1100
>Random Sequence 290,>Random Sequence 290,131,1076
>Random Sequence 291,>Random Sequence 291,123,1075
>Random Sequence 292,>Random Sequence 292,119,1090
>Random Sequence 293,>Random Sequence 293,104,1049
>Random Sequence 294,>Random Sequence 294,113,1196
>Random Sequence 295,>Random Sequence 295,104,924
>Random Sequence 296,>Random Sequence 296,118,1161
>Random Sequence 297,>Random Sequence 297,111,1034
>Random Sequence 298,>Random Sequence 298,111,1085
>Random Sequence 299,>Random Sequence 299,120,1134
>Random Sequence 300,>Random Sequence 300,133,1127
>Random Sequence 301,>Random Sequence 301,114,1171
>Random Sequence 302,>Random Sequence 302,123,1110
>Random Sequence 303,>Random Sequence 303,109,1120
>Random Sequence 304,>Random Sequence 304,109,1031
>Random Sequence 305,>Random Sequence 305,110,1126
>Random Sequence 306,>Random Sequence 306,111,1117
>Random Sequence 307,>Random Sequence 307,126,1068
>Random Sequence 308,>Random Sequence 308,121,1047
>Random Sequence 309,>Random Sequence 309,120,1050
>Random Sequence 310,>Random Sequence 310,102,1001
>Random Sequence 311,>Random Sequence 311,117,1112
>Random Sequence 312,>Random Sequence 312,118,1130
>Random Sequence 313,>Random Sequence 313,115,1086
>Random Sequence 314,>Random Sequence 314,134,1116
>Random Sequence 315,>Random Sequence 315,120,1169
>Random Sequence 316,>Random Sequence 316,110,1022
>Random Sequence 317,>Random Sequence 317,117,1191
>Random Sequence 318,>Random Sequence 318,115,905
>Random Sequence 319,>Random Sequence 319,128,1104
>Random Sequence 320,>Random Sequence 320,114,1015
>Random Sequence 321,>Random Sequence 321,132,1167
>Random Sequence 322,>Random Sequence 322,109,1181
>Random Sequence 323,>Random Sequence 323,127,1111
>Random Sequence 324,>Random Sequence 324,120,1109
>Random Sequence 325,>Random Sequence 325,120,1036
>Random Sequence 326,>Random Sequence 326,118,1067
>Random Sequence 327,>Random Sequence 327,115,1133
>Random Sequence 328,>Random Sequence 328,125,1032
>Random Sequence 329,>Random Sequence 329,115,989
>Random Sequence 330,>Random Sequence 330,120,1040
>Random Sequence 331,>Random Sequence 331,134,1176
>Random Sequence 332,>Random Sequence 332,119,1047
>Random Sequence 333,>Random Sequence 333,113,1064
>Random Sequence 334,>Random Sequence 334,109,883
>Random Sequence 335,>Random Sequence 335,112,1035
>Random Sequence 336,>Random Sequence 336,109,1047
>Random Sequence 337,>Random Sequence 337,107,988
>Random Sequence 338,>Random Sequence 338,97,1122
>Random Sequence 339,>Random Sequence 339,107,1122
>Random Sequence 340,>Random Sequence 340,117,1001
>Random Sequence 341,>Random Sequence 341,100,1082
>Random Sequence 342,>Random Sequence 342,132,974
>Random Sequence 343,>Random Sequence 343,119,1024
>Random Sequence 344,>Random Sequence 344,124,1015
>Random Sequence 345,>Random Sequence 345,136,1100
>Random Sequence 346,>Random Sequence 346,112,1083
>Random Sequence 347,>Random Sequence 347,121,1083
>Random Sequence 348,>Random Sequence 348,111,1047
>Random Sequence 349,>Random Sequence 349,110,1022
>Random Sequence 350,>Random Sequence 350,110,935
>Random Sequence 351,>Random Sequence 351,115,885
>Random Sequence 352,>Random Sequence 352,113,1145
>Random Sequence 353,>Random Sequence 353,121,1056
>Random Sequence 354,>Random Sequence 354,103,964
>Random Sequence 355,>Random Sequence 355,96,1002
>Random Sequence 356,>Random Sequence 356,114,932
>Random Sequence 357,>Random Sequence 357,109,929
>Random Sequence 358,>Random Sequence 358,110,1066
>Random Sequence 359,>Random Sequence 359,119,1039
>Random Sequence 360,>Random Sequence 360,125,1020
>Random Sequence 361,>Random Sequence 361,137,1110
>Random Sequence 362,>Random Sequence 362,118,1108
>Random Sequence 363,>Random Sequence 363,123,1136
>Random Sequence 364,>Random Sequence 364,118,1125
>Random Sequence 365,>Random Sequence 365,127,1056
>Random Sequence 366,>Random Sequence 366,104,1040
>Random Sequence 367,>Random Sequence 367,116,1112
>Random Sequence 368,>Random Sequence 368,122,1029
>Random Sequence 369,>Random Sequence 369,121,1165
>Random Sequence 370,>Random Sequence 370,110,1078
>Random Sequence 371,>Random Sequence 371,106,1081
>Random Sequence 372,>Random Sequence 372,123,1115
>Random Sequence 373,>Random Sequence 373,115,1110
>Random Sequence 374,>Random Sequence 374,115,1072
>Random Sequence 375,>Random Sequence 375,107,1114
>Random Sequence 376,>Random Sequence 376,114,1048
>Random Sequence 377,>Random Sequence 377,97,985
>Random Sequence 378,>Random Sequence 378,118,1051
>Random Sequence 379,>Random Sequence 379,114,1029
>Random Sequence 380,>Random Sequence 380,109,1003
>Random Sequence 381,>Random Sequence 381,129,1167
>Random Sequence 382,>Random Sequence 382,128,1024
>Random Sequence 383,>Random Sequence 383,107,992
>Random Sequence 384,>Random Sequence 384,123,1067
>Random Sequence 385,>Random Sequence 385,122,1078
>Random Sequence 386,>Random Sequence 386,113,1117
>Random Sequence 387,>Random Sequence 387,108,1086
>Random Sequence 388,>Random Sequence 388,126,1137
>Random Sequence 389,>Random Sequence 389,122,1058
>Random Sequence 390,>Random Sequence 390,121,1133
>Random Sequence 391,>Random Sequence 391,112,1127
>Random Sequence 392,>Random Sequence 392,132,1103
>Random Sequence 393,>Random Sequence 393,106,1164
>Random Sequence 394,>Random Sequence 394,111,1014
>Random Sequence 395,>Random Sequence 395,129,1131
>Random Sequence 396,>Random Sequence 396,118,1032
>Random Sequence 397,>Random Sequence 397,136,1147
>Random Sequence 398,>Random Sequence 398,120,976
>Random Sequence 399,>Random Sequence 399,113,1159
>Random Sequence 400,>Random Sequence 400,121,1017
>Random Sequence 401,>Random Sequence 401,123,886
>Random Sequence 402,>Random Sequence 402,109,1134
>Random Sequence 403,>Random Sequence 403,111,968
>Random Sequence 404,>Random Sequence 404,114,1027
>Random Sequence 405,>Random Sequence 405,104,1007
>Random Sequence 406,>Random Sequence 406,117,1038
>Random Sequence 407,>Random Sequence 407,107,970
>Random Sequence 408,>Random Sequence 408,112,1041
>Random Sequence 409,>Random Sequence 409,120,1116
>Random Sequence 410,>Random Sequence 410,109,1051
>Random Sequence 411,>Random Sequence 411,130,1042
>Random Sequence 412,>Random Sequence 412,113,1061
>Random Sequence 413,>Random Sequence 413,93,839
>Random Sequence 414,>Random Sequence 414,115,1055
>Random Sequence 415,>Random Sequence 415,113,1136
>Random Sequence 416,>Random Sequence 416,112,1131
>Random Sequence 417,>Random Sequence 417,120,1004
>Random Sequence 418,>Random Sequence 418,100,1045
>Random Sequence 419,>Random Sequence 419,113,933
>Random Sequence 420,>Random Sequence 420,111,994
>Random Sequence 421,>Random Sequence 421,116,1014
>Random Sequence 422,>Random Sequence 422,104,1172
>Random Sequence 423,>Random Sequence 423,123,998
>Random Sequence 424,>Random Sequence 424,117,1083
>Random Sequence 425,>Random Sequence 425,131,1110
>Random Sequence 426,>Random Sequence 426,133,1159
>Random Sequence 427,>Random Sequence 427,123,1017
>Random Sequence 428,>Random Sequence 428,114,1049
>Random Sequence 429,>Random Sequence 429,109,1064
>Random Sequence 430,>Random Sequence 430,109,1073
>Random Sequence 431,>Random Sequence 431,111,1074
>Random Sequence 432,>Random Sequence 432,108,1152
>Random Sequence 433,>Random Sequence 433,113,1083
>Random Sequence 434,>Random Sequence 434,111,1055
>Random Sequence 435,>Random Sequence 435,113,1112
>Random Sequence 436,>Random Sequence 436,131,1082
>Random Sequence 437,>Random Sequence 437,121,1054
>Random Sequence 438,>Random Sequence 438,115,1087
>Random Sequence 439,>Random Sequence 439,112,1128
>Random Sequence 440,>Random Sequence 440,103,1094
>Random Sequence 441,>Random Sequence 441,126,1094
>Random Sequence 442,>Random Sequence 442,118,1027
>Random Sequence 443,>Random Sequence 443,112,1014
>Random Sequence 444,>Random Sequence 444,113,1118
>Random Sequence 445,>Random Sequence 445,113,1023
>Random Sequence 446,>Random Sequence 446,115,1140
>Random Sequence 447,>Random Sequence 447,123,1110
>Random Sequence 448,>Random Sequence 448,115,1050
>Random Sequence 449,>Random Sequence 449,124,1062
>Random Sequence 450,>Random Sequence 450,101,1069
>Random Sequence 451,>Random Sequence 451,106,988
>Random Sequence 452,>Random Sequence 452,144,1151
>Random Sequence 453,>Random Sequence 453,112,1008
>Random Sequence 454,>Random Sequence 454,115,1158
>Random Sequence 455,>Random Sequence 455,120,1028
>Random Sequence 456,>Random Sequence 456,108,1087
>Random Sequence 457,>Random Sequence 457,118,1030
>Random Sequence 458,>Random Sequence 458,119,1129
>Random Sequence 459,>Random Sequence 459,96,1057
>Random Sequence 460,>Random Sequence 460,121,861
>Random Sequence 461,>Random Sequence 461,131,1038
>Random Sequence 462,>Random Sequence 462,113,1149
>Random Sequence 463,>Random Sequence 463,108,996
>Random Sequence 464,>Random Sequence 464,125,1128
>Random Sequence 465,>Random Sequence 465,111,998
>Random Sequence 466,>Random Sequence 466,110,1052
>Random Sequence 467,>Random Sequence 467,122,1175
>Random Sequence 468,>Random Sequence 468,110,1092
>Random Sequence 469,>Random Sequence 469,111,1128
>Random Sequence 470,>Random Sequence 470,114,893
>Random Sequence 471,>Random Sequence 471,109,1064
>Random Sequence 472,>Random Sequence 472,119,977
>Random Sequence 473,>Random Sequence 473,124,1114
>Random Sequence 474,>Random Sequence 474,112,993
>Random Sequence 475,>Random Sequence 475,124,1103
>Random Sequence 476,>Random Sequence 476,125,1161
>Random Sequence 477,>Random Sequence 477,111,1083
>Random Sequence 478,>Random Sequence 478,122,1093
>Random Sequence 479,>Random Sequence 479,130,960
>Random Sequence 480,>Random Sequence 480,121,1126
>Random Sequence 481,>Random Sequence 481,132,1047
>Random Sequence 482,>Random Sequence 482,103,939
>Random Sequence 483,>Random Sequence 483,120,1102
>Random Sequence 484,>Random Sequence 484,134,1066
>Random Sequence 485,>Random Sequence 485,106,1059
>Random Sequence 486,>Random Sequence 486,135,1085
>Random Sequence 487,>Random Sequence 487,108,1126
>Random Sequence 488,>Random Sequence 488,112,1172
>Random Sequence 489,>Random Sequence 489,109,1188
>Random Sequence 490,>Random Sequence 490,105,1111
>Random Sequence 491,>Random Sequence 491,114,936
>Random Sequence 492,>Random Sequence 492,121,1052
>Random Sequence 493,>Random Sequence 493,106,1005
>Random Sequence 494,>Random Sequence 494,107,1033
>Random Sequence 495,>Random Sequence 495,120,1033
>Random Sequence 496,>Random Sequence 496,111,1031
>Random Sequence 497,>Random Sequence 497,120,1095
>Random Sequence 498,>Random Sequence 498,121,1114
>Random Sequence 499,>Random Sequence 499,105,925
>Random Sequence 500,>Random Sequence 500,120,1075
