seq_from_file1,seq_from_file2,alignment_score,alignment_length
>Random Sequence 1,>Random Sequence 1,10,15
>Random Sequence 2,>Random Sequence 2,14,17
>Random Sequence 3,>Random Sequence 3,11,11
>Random Sequence 4,>Random Sequence 4,11,14
>Random Sequence 5,>Random Sequence 5,9,15
>Random Sequence 6,>Random Sequence 6,14,14
>Random Sequence 7,>Random Sequence 7,10,12
>Random Sequence 8,>Random Sequence 8,11,20
>Random Sequence 9,>Random Sequence 9,11,14
>Random Sequence 10,>Random Sequence 10,10,10
>Random Sequence 11,>Random Sequence 11,10,12
>Random Sequence 12,>Random Sequence 12,10,15
>Random Sequence 13,>Random Sequence 13,12,21
>Random Sequence 14,>Random Sequence 14,12,19
>Random Sequence 15,>Random Sequence 15,11,11
>Random Sequence 16,>Random Sequence 16,10,14
>Random Sequence 17,>Random Sequence 17,11,11
>Random Sequence 18,>Random Sequence 18,12,17
>Random Sequence 19,>Random Sequence 19,9,18
>Random Sequence 20,>Random Sequence 20,10,10
>Random Sequence 21,>Random Sequence 21,11,17
>Random Sequence 22,>Random Sequence 22,9,9
>Random Sequence 23,>Random Sequence 23,9,14
>Random Sequence 24,>Random Sequence 24,9,9
>Random Sequence 25,>Random Sequence 25,12,14
>Random Sequence 26,>Random Sequence 26,12,29
>Random Sequence 27,>Random Sequence 27,11,13
>Random Sequence 28,>Random Sequence 28,10,19
>Random Sequence 29,>Random Sequence 29,12,18
>Random Sequence 30,>Random Sequence 30,13,20
>Random Sequence 31,>Random Sequence 31,11,27
>Random Sequence 32,>Random Sequence 32,9,9
>Random Sequence 33,>Random Sequence 33,12,12
>Random Sequence 34,>Random Sequence 34,11,19
>Random Sequence 35,>Random Sequence 35,10,27
>Random Sequence 36,>Random Sequence 36,10,20
>Random Sequence 37,>Random Sequence 37,10,10
>Random Sequence 38,>Random Sequence 38,11,19
>Random Sequence 39,>Random Sequence 39,10,17
>Random Sequence 40,>Random Sequence 40,11,16
>Random Sequence 41,>Random Sequence 41,10,10
>Random Sequence 42,>Random Sequence 42,10,13
>Random Sequence 43,>Random Sequence 43,11,14
>Random Sequence 44,>Random Sequence 44,10,13
>Random Sequence 45,>Random Sequence 45,11,13
>Random Sequence 46,>Random Sequence 46,14,21
>Random Sequence 47,>Random Sequence 47,10,15
>Random Sequence 48,>Random Sequence 48,11,14
>Random Sequence 49,>Random Sequence 49,12,35
>Random Sequence 50,>Random Sequence 50,10,13
>Random Sequence 51,>Random Sequence 51,10,12
>Random Sequence 52,>Random Sequence 52,11,11
>Random Sequence 53,>Random Sequence 53,11,15
>Random Sequence 54,>Random Sequence 54,10,10
>Random Sequence 55,>Random Sequence 55,11,11
>Random Sequence 56,>Random Sequence 56,10,15
>Random Sequence 57,>Random Sequence 57,9,9
>Random Sequence 58,>Random Sequence 58,12,12
>Random Sequence 59,>Random Sequence 59,10,18
>Random Sequence 60,>Random Sequence 60,10,13
>Random Sequence 61,>Random Sequence 61,10,14
>Random Sequence 62,>Random Sequence 62,12,12
>Random Sequence 63,>Random Sequence 63,11,16
>Random Sequence 64,>Random Sequence 64,10,13
>Random Sequence 65,>Random Sequence 65,12,18
>Random Sequence 66,>Random Sequence 66,15,15
>Random Sequence 67,>Random Sequence 67,10,10
>Random Sequence 68,>Random Sequence 68,10,22
>Random Sequence 69,>Random Sequence 69,12,19
>Random Sequence 70,>Random Sequence 70,10,15
>Random Sequence 71,>Random Sequence 71,11,11
>Random Sequence 72,>Random Sequence 72,10,10
>Random Sequence 73,>Random Sequence 73,11,28
>Random Sequence 74,>Random Sequence 74,10,10
>Random Sequence 75,>Random Sequence 75,10,10
>Random Sequence 76,>Random Sequence 76,9,18
>Random Sequence 77,>Random Sequence 77,11,18
>Random Sequence 78,>Random Sequence 78,11,11
>Random Sequence 79,>Random Sequence 79,10,26
>Random Sequence 80,>Random Sequence 80,11,16
>Random Sequence 81,>Random Sequence 81,11,17
>Random Sequence 82,>Random Sequence 82,9,13
>Random Sequence 83,>Random Sequence 83,14,18
>Random Sequence 84,>Random Sequence 84,10,20
>Random Sequence 85,>Random Sequence 85,11,11
>Random Sequence 86,>Random Sequence 86,12,22
>Random Sequence 87,>Random Sequence 87,12,19
>Random Sequence 88,>Random Sequence 88,11,24
>Random Sequence 89,>Random Sequence 89,10,12
>Random Sequence 90,>Random Sequence 90,11,11
>Random Sequence 91,>Random Sequence 91,10,10
>Random Sequence 92,>Random Sequence 92,9,11
>Random Sequence 93,>Random Sequence 93,11,11
>Random Sequence 94,>Random Sequence 94,10,12
>Random Sequence 95,>Random Sequence 95,11,18
>Random Sequence 96,>Random Sequence 96,11,25
>Random Sequence 97,>Random Sequence 97,12,12
>Random Sequence 98,>Random Sequence 98,10,14
>Random Sequence 99,>Random Sequence 99,10,12
>Random Sequence 100,>Random Sequence 100,10,18
>Random Sequence 101,>Random Sequence 101,11,14
>Random Sequence 102,>Random Sequence 102,10,14
>Random Sequence 103,>Random Sequence 103,9,14
>Random Sequence 104,>Random Sequence 104,10,13
>Random Sequence 105,>Random Sequence 105,13,20
>Random Sequence 106,>Random Sequence 106,10,10
>Random Sequence 107,>Random Sequence 107,9,12
>Random Sequence 108,>Random Sequence 108,10,19
>Random Sequence 109,>Random Sequence 109,11,17
>Random Sequence 110,>Random Sequence 110,10,10
>Random Sequence 111,>Random Sequence 111,11,11
>Random Sequence 112,>Random Sequence 112,11,19
>Random Sequence 113,>Random Sequence 113,11,22
>Random Sequence 114,>Random Sequence 114,11,21
>Random Sequence 115,>Random Sequence 115,9,12
>Random Sequence 116,>Random Sequence 116,10,23
>Random Sequence 117,>Random Sequence 117,11,11
>Random Sequence 118,>Random Sequence 118,10,10
>Random Sequence 119,>Random Sequence 119,10,13
>Random Sequence 120,>Random Sequence 120,10,21
>Random Sequence 121,>Random Sequence 121,11,11
>Random Sequence 122,>Random Sequence 122,10,10
>Random Sequence 123,>Random Sequence 123,12,15
>Random Sequence 124,>Random Sequence 124,10,15
>Random Sequence 125,>Random Sequence 125,10,23
>Random Sequence 126,>Random Sequence 126,11,17
>Random Sequence 127,>Random Sequence 127,10,22
>Random Sequence 128,>Random Sequence 128,11,14
>Random Sequence 129,>Random Sequence 129,11,22
>Random Sequence 130,>Random Sequence 130,11,25
>Random Sequence 131,>Random Sequence 131,10,10
>Random Sequence 132,>Random Sequence 132,9,9
>Random Sequence 133,>Random Sequence 133,9,9
>Random Sequence 134,>Random Sequence 134,12,27
>Random Sequence 135,>Random Sequence 135,11,15
>Random Sequence 136,>Random Sequence 136,10,10
>Random Sequence 137,>Random Sequence 137,9,15
>Random Sequence 138,>Random Sequence 138,10,17
>Random Sequence 139,>Random Sequence 139,10,19
>Random Sequence 140,>Random Sequence 140,9,15
>Random Sequence 141,>Random Sequence 141,11,11
>Random Sequence 142,>Random Sequence 142,13,26
>Random Sequence 143,>Random Sequence 143,13,29
>Random Sequence 144,>Random Sequence 144,10,15
>Random Sequence 145,>Random Sequence 145,12,31
>Random Sequence 146,>Random Sequence 146,9,9
>Random Sequence 147,>Random Sequence 147,10,13
>Random Sequence 148,>Random Sequence 148,10,14
>Random Sequence 149,>Random Sequence 149,13,27
>Random Sequence 150,>Random Sequence 150,10,10
>Random Sequence 151,>Random Sequence 151,11,14
>Random Sequence 152,>Random Sequence 152,12,18
>Random Sequence 153,>Random Sequence 153,11,15
>Random Sequence 154,>Random Sequence 154,10,13
>Random Sequence 155,>Random Sequence 155,10,19
>Random Sequence 156,>Random Sequence 156,9,11
>Random Sequence 157,>Random Sequence 157,9,14
>Random Sequence 158,>Random Sequence 158,12,12
>Random Sequence 159,>Random Sequence 159,11,15
>Random Sequence 160,>Random Sequence 160,11,20
>Random Sequence 161,>Random Sequence 161,12,17
>Random Sequence 162,>Random Sequence 162,15,28
>Random Sequence 163,>Random Sequence 163,8,8
>Random Sequence 164,>Random Sequence 164,11,21
>Random Sequence 165,>Random Sequence 165,11,22
>Random Sequence 166,>Random Sequence 166,10,10
>Random Sequence 167,>Random Sequence 167,9,9
>Random Sequence 168,>Random Sequence 168,10,10
>Random Sequence 169,>Random Sequence 169,14,30
>Random Sequence 170,>Random Sequence 170,10,16
>Random Sequence 171,>Random Sequence 171,9,12
>Random Sequence 172,>Random Sequence 172,11,21
>Random Sequence 173,>Random Sequence 173,9,9
>Random Sequence 174,>Random Sequence 174,10,16
>Random Sequence 175,>Random Sequence 175,9,9
>Random Sequence 176,>Random Sequence 176,11,23
>Random Sequence 177,>Random Sequence 177,10,13
>Random Sequence 178,>Random Sequence 178,10,10
>Random Sequence 179,>Random Sequence 179,10,18
>Random Sequence 180,>Random Sequence 180,11,24
>Random Sequence 181,>Random Sequence 181,10,19
>Random Sequence 182,>Random Sequence 182,10,10
>Random Sequence 183,>Random Sequence 183,10,14
>Random Sequence 184,>Random Sequence 184,12,36
>Random Sequence 185,>Random Sequence 185,11,31
>Random Sequence 186,>Random Sequence 186,10,13
>Random Sequence 187,>Random Sequence 187,9,11
>Random Sequence 188,>Random Sequence 188,10,13
>Random Sequence 189,>Random Sequence 189,10,14
>Random Sequence 190,>Random Sequence 190,12,16
>Random Sequence 191,>Random Sequence 191,10,10
>Random Sequence 192,>Random Sequence 192,11,25
>Random Sequence 193,>Random Sequence 193,13,23
>Random Sequence 194,>Random Sequence 194,11,24
>Random Sequence 195,>Random Sequence 195,10,12
>Random Sequence 196,>Random Sequence 196,10,10
>Random Sequence 197,>Random Sequence 197,9,12
>Random Sequence 198,>Random Sequence 198,11,11
>Random Sequence 199,>Random Sequence 199,12,14
>Random Sequence 200,>Random Sequence 200,9,12
>Random Sequence 201,>Random Sequence 201,12,20
>Random Sequence 202,>Random Sequence 202,9,28
>Random Sequence 203,>Random Sequence 203,10,10
>Random Sequence 204,>Random Sequence 204,11,19
>Random Sequence 205,>Random Sequence 205,14,35
>Random Sequence 206,>Random Sequence 206,10,17
>Random Sequence 207,>Random Sequence 207,9,9
>Random Sequence 208,>Random Sequence 208,11,20
>Random Sequence 209,>Random Sequence 209,10,14
>Random Sequence 210,>Random Sequence 210,11,11
>Random Sequence 211,>Random Sequence 211,12,19
>Random Sequence 212,>Random Sequence 212,11,11
>Random Sequence 213,>Random Sequence 213,10,22
>Random Sequence 214,>Random Sequence 214,12,14
>Random Sequence 215,>Random Sequence 215,13,31
>Random Sequence 216,>Random Sequence 216,10,14
>Random Sequence 217,>Random Sequence 217,10,18
>Random Sequence 218,>Random Sequence 218,12,12
>Random Sequence 219,>Random Sequence 219,9,14
>Random Sequence 220,>Random Sequence 220,12,22
>Random Sequence 221,>Random Sequence 221,10,17
>Random Sequence 222,>Random Sequence 222,10,10
>Random Sequence 223,>Random Sequence 223,9,9
>Random Sequence 224,>Random Sequence 224,10,10
>Random Sequence 225,>Random Sequence 225,10,13
>Random Sequence 226,>Random Sequence 226,10,14
>Random Sequence 227,>Random Sequence 227,10,14
>Random Sequence 228,>Random Sequence 228,10,15
>Random Sequence 229,>Random Sequence 229,12,12
>Random Sequence 230,>Random Sequence 230,11,14
>Random Sequence 231,>Random Sequence 231,10,12
>Random Sequence 232,>Random Sequence 232,10,14
>Random Sequence 233,>Random Sequence 233,11,24
>Random Sequence 234,>Random Sequence 234,10,14
>Random Sequence 235,>Random Sequence 235,10,14
>Random Sequence 236,>Random Sequence 236,11,23
>Random Sequence 237,>Random Sequence 237,10,12
>Random Sequence 238,>Random Sequence 238,10,12
>Random Sequence 239,>Random Sequence 239,10,10
>Random Sequence 240,>Random Sequence 240,10,10
>Random Sequence 241,>Random Sequence 241,10,24
>Random Sequence 242,>Random Sequence 242,10,12
>Random Sequence 243,>Random Sequence 243,12,12
>Random Sequence 244,>Random Sequence 244,12,18
>Random Sequence 245,>Random Sequence 245,10,14
>Random Sequence 246,>Random Sequence 246,10,14
>Random Sequence 247,>Random Sequence 247,10,10
>Random Sequence 248,>Random Sequence 248,11,11
>Random Sequence 249,>Random Sequence 249,11,11
>Random Sequence 250,>Random Sequence 250,13,37
>Random Sequence 251,>Random Sequence 251,10,10
>Random Sequence 252,>Random Sequence 252,9,23
>Random Sequence 253,>Random Sequence 253,11,11
>Random Sequence 254,>Random Sequence 254,12,12
>Random Sequence 255,>Random Sequence 255,11,11
>Random Sequence 256,>Random Sequence 256,11,19
>Random Sequence 257,>Random Sequence 257,10,12
>Random Sequence 258,>Random Sequence 258,12,15
>Random Sequence 259,>Random Sequence 259,10,10
>Random Sequence 260,>Random Sequence 260,9,9
>Random Sequence 261,>Random Sequence 261,9,13
>Random Sequence 262,>Random Sequence 262,12,40
>Random Sequence 263,>Random Sequence 263,11,27
>Random Sequence 264,>Random Sequence 264,11,15
>Random Sequence 265,>Random Sequence 265,12,24
>Random Sequence 266,>Random Sequence 266,11,35
>Random Sequence 267,>Random Sequence 267,11,11
>Random Sequence 268,>Random Sequence 268,12,12
>Random Sequence 269,>Random Sequence 269,10,10
>Random Sequence 270,>Random Sequence 270,11,13
>Random Sequence 271,>Random Sequence 271,10,10
>Random Sequence 272,>Random Sequence 272,11,14
>Random Sequence 273,>Random Sequence 273,12,12
>Random Sequence 274,>Random Sequence 274,10,13
>Random Sequence 275,>Random Sequence 275,11,29
>Random Sequence 276,>Random Sequence 276,10,17
>Random Sequence 277,>Random Sequence 277,12,16
>Random Sequence 278,>Random Sequence 278,10,10
>Random Sequence 279,>Random Sequence 279,10,12
>Random Sequence 280,>Random Sequence 280,9,9
>Random Sequence 281,>Random Sequence 281,11,16
>Random Sequence 282,>Random Sequence 282,12,16
>Random Sequence 283,>Random Sequence 283,10,13
>Random Sequence 284,>Random Sequence 284,12,12
>Random Sequence 285,>Random Sequence 285,13,21
>Random Sequence 286,>Random Sequence 286,10,10
>Random Sequence 287,>Random Sequence 287,11,14
>Random Sequence 288,>Random Sequence 288,11,18
>Random Sequence 289,>Random Sequence 289,9,13
>Random Sequence 290,>Random Sequence 290,12,28
>Random Sequence 291,>Random Sequence 291,10,14
>Random Sequence 292,>Random Sequence 292,10,18
>Random Sequence 293,>Random Sequence 293,11,22
>Random Sequence 294,>Random Sequence 294,10,22
>Random Sequence 295,>Random Sequence 295,11,16
>Random Sequence 296,>Random Sequence 296,12,14
>Random Sequence 297,>Random Sequence 297,12,15
>Random Sequence 298,>Random Sequence 298,11,11
>Random Sequence 299,>Random Sequence 299,12,33
>Random Sequence 300,>Random Sequence 300,11,11
>Random Sequence 301,>Random Sequence 301,10,28
>Random Sequence 302,>Random Sequence 302,11,11
>Random Sequence 303,>Random Sequence 303,10,10
>Random Sequence 304,>Random Sequence 304,10,10
>Random Sequence 305,>Random Sequence 305,12,12
>Random Sequence 306,>Random Sequence 306,12,14
>Random Sequence 307,>Random Sequence 307,13,15
>Random Sequence 308,>Random Sequence 308,9,9
>Random Sequence 309,>Random Sequence 309,10,10
>Random Sequence 310,>Random Sequence 310,11,11
>Random Sequence 311,>Random Sequence 311,11,14
>Random Sequence 312,>Random Sequence 312,11,23
>Random Sequence 313,>Random Sequence 313,14,18
>Random Sequence 314,>Random Sequence 314,10,12
>Random Sequence 315,>Random Sequence 315,9,13
>Random Sequence 316,>Random Sequence 316,13,16
>Random Sequence 317,>Random Sequence 317,9,9
>Random Sequence 318,>Random Sequence 318,11,11
>Random Sequence 319,>Random Sequence 319,10,10
>Random Sequence 320,>Random Sequence 320,10,10
>Random Sequence 321,>Random Sequence 321,12,42
>Random Sequence 322,>Random Sequence 322,10,10
>Random Sequence 323,>Random Sequence 323,10,18
>Random Sequence 324,>Random Sequence 324,11,15
>Random Sequence 325,>Random Sequence 325,11,35
>Random Sequence 326,>Random Sequence 326,9,9
>Random Sequence 327,>Random Sequence 327,11,16
>Random Sequence 328,>Random Sequence 328,11,16
>Random Sequence 329,>Random Sequence 329,11,11
>Random Sequence 330,>Random Sequence 330,11,11
>Random Sequence 331,>Random Sequence 331,10,10
>Random Sequence 332,>Random Sequence 332,10,24
>Random Sequence 333,>Random Sequence 333,10,16
>Random Sequence 334,>Random Sequence 334,10,18
>Random Sequence 335,>Random Sequence 335,9,18
>Random Sequence 336,>Random Sequence 336,10,17
>Random Sequence 337,>Random Sequence 337,9,9
>Random Sequence 338,>Random Sequence 338,10,14
>Random Sequence 339,>Random Sequence 339,11,15
>Random Sequence 340,>Random Sequence 340,13,22
>Random Sequence 341,>Random Sequence 341,11,17
>Random Sequence 342,>Random Sequence 342,11,23
>Random Sequence 343,>Random Sequence 343,10,10
>Random Sequence 344,>Random Sequence 344,9,11
>Random Sequence 345,>Random Sequence 345,10,33
>Random Sequence 346,>Random Sequence 346,12,14
>Random Sequence 347,>Random Sequence 347,10,10
>Random Sequence 348,>Random Sequence 348,10,18
>Random Sequence 349,>Random Sequence 349,11,18
>Random Sequence 350,>Random Sequence 350,9,9
>Random Sequence 351,>Random Sequence 351,12,15
>Random Sequence 352,>Random Sequence 352,10,15
>Random Sequence 353,>Random Sequence 353,11,20
>Random Sequence 354,>Random Sequence 354,11,11
>Random Sequence 355,>Random Sequence 355,9,9
>Random Sequence 356,>Random Sequence 356,10,16
>Random Sequence 357,>Random Sequence 357,11,13
>Random Sequence 358,>Random Sequence 358,10,17
>Random Sequence 359,>Random Sequence 359,9,29
>Random Sequence 360,>Random Sequence 360,10,13
>Random Sequence 361,>Random Sequence 361,12,17
>Random Sequence 362,>Random Sequence 362,10,13
>Random Sequence 363,>Random Sequence 363,10,14
>Random Sequence 364,>Random Sequence 364,10,19
>Random Sequence 365,>Random Sequence 365,13,19
>Random Sequence 366,>Random Sequence 366,10,10
>Random Sequence 367,>Random Sequence 367,10,10
>Random Sequence 368,>Random Sequence 368,11,13
>Random Sequence 369,>Random Sequence 369,10,10
>Random Sequence 370,>Random Sequence 370,11,15
>Random Sequence 371,>Random Sequence 371,10,21
>Random Sequence 372,>Random Sequence 372,10,10
>Random Sequence 373,>Random Sequence 373,9,9
>Random Sequence 374,>Random Sequence 374,10,10
>Random Sequence 375,>Random Sequence 375,10,13
>Random Sequence 376,>Random Sequence 376,10,12
>Random Sequence 377,>Random Sequence 377,11,11
>Random Sequence 378,>Random Sequence 378,9,12
>Random Sequence 379,>Random Sequence 379,10,10
>Random Sequence 380,>Random Sequence 380,11,17
>Random Sequence 381,>Random Sequence 381,10,28
>Random Sequence 382,>Random Sequence 382,12,23
>Random Sequence 383,>Random Sequence 383,11,23
>Random Sequence 384,>Random Sequence 384,12,12
>Random Sequence 385,>Random Sequence 385,13,13
>Random Sequence 386,>Random Sequence 386,10,10
>Random Sequence 387,>Random Sequence 387,10,12
>Random Sequence 388,>Random Sequence 388,10,31
>Random Sequence 389,>Random Sequence 389,10,10
>Random Sequence 390,>Random Sequence 390,11,27
>Random Sequence 391,>Random Sequence 391,9,9
>Random Sequence 392,>Random Sequence 392,9,13
>Random Sequence 393,>Random Sequence 393,10,10
>Random Sequence 394,>Random Sequence 394,12,17
>Random Sequence 395,>Random Sequence 395,11,15
>Random Sequence 396,>Random Sequence 396,10,13
>Random Sequence 397,>Random Sequence 397,11,25
>Random Sequence 398,>Random Sequence 398,13,13
>Random Sequence 399,>Random Sequence 399,9,9
>Random Sequence 400,>Random Sequence 400,11,15
>Random Sequence 401,>Random Sequence 401,10,15
>Random Sequence 402,>Random Sequence 402,10,781
>Random Sequence 403,>Random Sequence 403,10,28
>Random Sequence 404,>Random Sequence 404,11,20
>Random Sequence 405,>Random Sequence 405,9,12
>Random Sequence 406,>Random Sequence 406,10,10
>Random Sequence 407,>Random Sequence 407,10,14
>Random Sequence 408,>Random Sequence 408,10,15
>Random Sequence 409,>Random Sequence 409,11,16
>Random Sequence 410,>Random Sequence 410,10,10
>Random Sequence 411,>Random Sequence 411,12,15
>Random Sequence 412,>Random Sequence 412,12,19
>Random Sequence 413,>Random Sequence 413,10,13
>Random Sequence 414,>Random Sequence 414,10,23
>Random Sequence 415,>Random Sequence 415,11,15
>Random Sequence 416,>Random Sequence 416,11,15
>Random Sequence 417,>Random Sequence 417,10,10
>Random Sequence 418,>Random Sequence 418,10,10
>Random Sequence 419,>Random Sequence 419,10,27
>Random Sequence 420,>Random Sequence 420,11,11
>Random Sequence 421,>Random Sequence 421,10,21
>Random Sequence 422,>Random Sequence 422,11,11
>Random Sequence 423,>Random Sequence 423,11,15
>Random Sequence 424,>Random Sequence 424,11,22
>Random Sequence 425,>Random Sequence 425,13,16
>Random Sequence 426,>Random Sequence 426,13,17
>Random Sequence 427,>Random Sequence 427,10,10
>Random Sequence 428,>Random Sequence 428,9,16
>Random Sequence 429,>Random Sequence 429,11,19
>Random Sequence 430,>Random Sequence 430,11,11
>Random Sequence 431,>Random Sequence 431,10,24
>Random Sequence 432,>Random Sequence 432,12,25
>Random Sequence 433,>Random Sequence 433,11,15
>Random Sequence 434,>Random Sequence 434,10,10
>Random Sequence 435,>Random Sequence 435,11,20
>Random Sequence 436,>Random Sequence 436,11,22
>Random Sequence 437,>Random Sequence 437,12,14
>Random Sequence 438,>Random Sequence 438,11,11
>Random Sequence 439,>Random Sequence 439,10,16
>Random Sequence 440,>Random Sequence 440,10,10
>Random Sequence 441,>Random Sequence 441,12,18
>Random Sequence 442,>Random Sequence 442,10,12
>Random Sequence 443,>Random Sequence 443,10,14
>Random Sequence 444,>Random Sequence 444,10,12
>Random Sequence 445,>Random Sequence 445,10,14
>Random Sequence 446,>Random Sequence 446,11,13
>Random Sequence 447,>Random Sequence 447,10,10
>Random Sequence 448,>Random Sequence 448,10,10
>Random Sequence 449,>Random Sequence 449,11,17
>Random Sequence 450,>Random Sequence 450,10,16
>Random Sequence 451,>Random Sequence 451,11,17
>Random Sequence 452,>Random Sequence 452,10,10
>Random Sequence 453,>Random Sequence 453,11,24
>Random Sequence 454,>Random Sequence 454,9,9
>Random Sequence 455,>Random Sequence 455,10,10
>Random Sequence 456,>Random Sequence 456,9,9
>Random Sequence 457,>Random Sequence 457,11,20
>Random Sequence 458,>Random Sequence 458,11,22
>Random Sequence 459,>Random Sequence 459,12,23
>Random Sequence 460,>Random Sequence 460,10,10
>Random Sequence 461,>Random Sequence 461,11,19
>Random Sequence 462,>Random Sequence 462,10,16
>Random Sequence 463,>Random Sequence 463,9,9
>Random Sequence 464,>Random Sequence 464,10,10
>Random Sequence 465,>Random Sequence 465,10,23
>Random Sequence 466,>Random Sequence 466,11,17
>Random Sequence 467,>Random Sequence 467,12,19
>Random Sequence 468,>Random Sequence 468,11,11
>Random Sequence 469,>Random Sequence 469,13,44
>Random Sequence 470,>Random Sequence 470,11,14
>Random Sequence 471,>Random Sequence 471,17,20
>Random Sequence 472,>Random Sequence 472,9,9
>Random Sequence 473,>Random Sequence 473,9,9
>Random Sequence 474,>Random Sequence 474,9,18
>Random Sequence 475,>Random Sequence 475,9,16
>Random Sequence 476,>Random Sequence 476,11,27
>Random Sequence 477,>Random Sequence 477,9,13
>Random Sequence 478,>Random Sequence 478,11,19
>Random Sequence 479,>Random Sequence 479,11,14
>Random Sequence 480,>Random Sequence 480,11,25
>Random Sequence 481,>Random Sequence 481,9,18
>Random Sequence 482,>Random Sequence 482,9,9
>Random Sequence 483,>Random Sequence 483,10,10
>Random Sequence 484,>Random Sequence 484,10,15
>Random Sequence 485,>Random Sequence 485,9,9
>Random Sequence 486,>Random Sequence 486,11,11
>Random Sequence 487,>Random Sequence 487,11,15
>Random Sequence 488,>Random Sequence 488,11,22
>Random Sequence 489,>Random Sequence 489,11,28
>Random Sequence 490,>Random Sequence 490,12,12
>Random Sequence 491,>Random Sequence 491,9,9
>Random Sequence 492,>Random Sequence 492,10,25
>Random Sequence 493,>Random Sequence 493,11,25
>Random Sequence 494,>Random Sequence 494,11,11
>Random Sequence 495,>Random Sequence 495,10,15
>Random Sequence 496,>Random Sequence 496,11,13
>Random Sequence 497,>Random Sequence 497,11,14
>Random Sequence 498,>Random Sequence 498,10,18
>Random Sequence 499,>Random Sequence 499,10,14
>Random Sequence 500,>Random Sequence 500,10,15
