seq_from_file1,seq_from_file2,alignment_score,alignment_length
>Random Sequence 1,>Random Sequence 1,647,1219
>Random Sequence 2,>Random Sequence 2,651,1222
>Random Sequence 3,>Random Sequence 3,657,1219
>Random Sequence 4,>Random Sequence 4,639,1227
>Random Sequence 5,>Random Sequence 5,646,1223
>Random Sequence 6,>Random Sequence 6,649,1217
>Random Sequence 7,>Random Sequence 7,650,1236
>Random Sequence 8,>Random Sequence 8,655,1211
>Random Sequence 9,>Random Sequence 9,654,1224
>Random Sequence 10,>Random Sequence 10,641,1233
>Random Sequence 11,>Random Sequence 11,640,1227
>Random Sequence 12,>Random Sequence 12,652,1217
>Random Sequence 13,>Random Sequence 13,650,1204
>Random Sequence 14,>Random Sequence 14,646,1236
>Random Sequence 15,>Random Sequence 15,647,1235
>Random Sequence 16,>Random Sequence 16,644,1218
>Random Sequence 17,>Random Sequence 17,640,1216
>Random Sequence 18,>Random Sequence 18,640,1231
>Random Sequence 19,>Random Sequence 19,649,1244
>Random Sequence 20,>Random Sequence 20,647,1217
>Random Sequence 21,>Random Sequence 21,644,1231
>Random Sequence 22,>Random Sequence 22,635,1238
>Random Sequence 23,>Random Sequence 23,644,1237
>Random Sequence 24,>Random Sequence 24,643,1230
>Random Sequence 25,>Random Sequence 25,648,1234
>Random Sequence 26,>Random Sequence 26,643,1175
>Random Sequence 27,>Random Sequence 27,646,1214
>Random Sequence 28,>Random Sequence 28,639,1220
>Random Sequence 29,>Random Sequence 29,652,1206
>Random Sequence 30,>Random Sequence 30,650,1212
>Random Sequence 31,>Random Sequence 31,651,1214
>Random Sequence 32,>Random Sequence 32,649,1225
>Random Sequence 33,>Random Sequence 33,647,1228
>Random Sequence 34,>Random Sequence 34,642,1228
>Random Sequence 35,>Random Sequence 35,647,1230
>Random Sequence 36,>Random Sequence 36,648,1224
>Random Sequence 37,>Random Sequence 37,645,1235
>Random Sequence 38,>Random Sequence 38,649,1219
>Random Sequence 39,>Random Sequence 39,647,1222
>Random Sequence 40,>Random Sequence 40,645,1228
>Random Sequence 41,>Random Sequence 41,635,1241
>Random Sequence 42,>Random Sequence 42,637,1234
>Random Sequence 43,>Random Sequence 43,641,1217
>Random Sequence 44,>Random Sequence 44,642,1256
>Random Sequence 45,>Random Sequence 45,643,1201
>Random Sequence 46,>Random Sequence 46,649,1218
>Random Sequence 47,>Random Sequence 47,651,1236
>Random Sequence 48,>Random Sequence 48,652,1223
>Random Sequence 49,>Random Sequence 49,649,1198
>Random Sequence 50,>Random Sequence 50,646,1222
>Random Sequence 51,>Random Sequence 51,645,1223
>Random Sequence 52,>Random Sequence 52,650,1218
>Random Sequence 53,>Random Sequence 53,643,1222
>Random Sequence 54,>Random Sequence 54,647,1245
>Random Sequence 55,>Random Sequence 55,645,1240
>Random Sequence 56,>Random Sequence 56,647,1214
>Random Sequence 57,>Random Sequence 57,640,1248
>Random Sequence 58,>Random Sequence 58,651,1218
>Random Sequence 59,>Random Sequence 59,643,1217
>Random Sequence 60,>Random Sequence 60,646,1225
>Random Sequence 61,>Random Sequence 61,641,1229
>Random Sequence 62,>Random Sequence 62,654,1243
>Random Sequence 63,>Random Sequence 63,643,1237
>Random Sequence 64,>Random Sequence 64,646,1225
>Random Sequence 65,>Random Sequence 65,653,1239
>Random Sequence 66,>Random Sequence 66,639,1235
>Random Sequence 67,>Random Sequence 67,640,1234
>Random Sequence 68,>Random Sequence 68,649,1211
>Random Sequence 69,>Random Sequence 69,644,1237
>Random Sequence 70,>Random Sequence 70,651,1213
>Random Sequence 71,>Random Sequence 71,647,1209
>Random Sequence 72,>Random Sequence 72,656,1213
>Random Sequence 73,>Random Sequence 73,644,1236
>Random Sequence 74,>Random Sequence 74,633,1237
>Random Sequence 75,>Random Sequence 75,644,1224
>Random Sequence 76,>Random Sequence 76,651,1224
>Random Sequence 77,>Random Sequence 77,641,1235
>Random Sequence 78,>Random Sequence 78,640,1223
>Random Sequence 79,>Random Sequence 79,650,1225
>Random Sequence 80,>Random Sequence 80,650,1231
>Random Sequence 81,>Random Sequence 81,640,1228
>Random Sequence 82,>Random Sequence 82,643,1227
>Random Sequence 83,>Random Sequence 83,653,1233
>Random Sequence 84,>Random Sequence 84,653,1226
>Random Sequence 85,>Random Sequence 85,641,1245
>Random Sequence 86,>Random Sequence 86,642,1239
>Random Sequence 87,>Random Sequence 87,650,1229
>Random Sequence 88,>Random Sequence 88,656,1212
>Random Sequence 89,>Random Sequence 89,640,1239
>Random Sequence 90,>Random Sequence 90,653,1245
>Random Sequence 91,>Random Sequence 91,647,1216
>Random Sequence 92,>Random Sequence 92,648,1232
>Random Sequence 93,>Random Sequence 93,645,1212
>Random Sequence 94,>Random Sequence 94,640,1223
>Random Sequence 95,>Random Sequence 95,643,1214
>Random Sequence 96,>Random Sequence 96,652,1234
>Random Sequence 97,>Random Sequence 97,633,1236
>Random Sequence 98,>Random Sequence 98,645,1218
>Random Sequence 99,>Random Sequence 99,647,1200
>Random Sequence 100,>Random Sequence 100,644,1246
>Random Sequence 101,>Random Sequence 101,646,1227
>Random Sequence 102,>Random Sequence 102,648,1231
>Random Sequence 103,>Random Sequence 103,645,1224
>Random Sequence 104,>Random Sequence 104,649,1232
>Random Sequence 105,>Random Sequence 105,655,1213
>Random Sequence 106,>Random Sequence 106,646,1225
>Random Sequence 107,>Random Sequence 107,647,1250
>Random Sequence 108,>Random Sequence 108,641,1211
>Random Sequence 109,>Random Sequence 109,643,1221
>Random Sequence 110,>Random Sequence 110,644,1216
>Random Sequence 111,>Random Sequence 111,644,1215
>Random Sequence 112,>Random Sequence 112,640,1218
>Random Sequence 113,>Random Sequence 113,650,1211
>Random Sequence 114,>Random Sequence 114,648,1229
>Random Sequence 115,>Random Sequence 115,641,1237
>Random Sequence 116,>Random Sequence 116,634,1205
>Random Sequence 117,>Random Sequence 117,645,1217
>Random Sequence 118,>Random Sequence 118,637,1233
>Random Sequence 119,>Random Sequence 119,633,1217
>Random Sequence 120,>Random Sequence 120,648,1228
>Random Sequence 121,>Random Sequence 121,658,1220
>Random Sequence 122,>Random Sequence 122,646,1244
>Random Sequence 123,>Random Sequence 123,651,1229
>Random Sequence 124,>Random Sequence 124,649,1238
>Random Sequence 125,>Random Sequence 125,642,1224
>Random Sequence 126,>Random Sequence 126,654,1218
>Random Sequence 127,>Random Sequence 127,646,1222
>Random Sequence 128,>Random Sequence 128,646,1229
>Random Sequence 129,>Random Sequence 129,651,1217
>Random Sequence 130,>Random Sequence 130,647,1228
>Random Sequence 131,>Random Sequence 131,650,1221
>Random Sequence 132,>Random Sequence 132,641,1211
>Random Sequence 133,>Random Sequence 133,637,1248
>Random Sequence 134,>Random Sequence 134,644,1218
>Random Sequence 135,>Random Sequence 135,649,1206
>Random Sequence 136,>Random Sequence 136,645,1209
>Random Sequence 137,>Random Sequence 137,647,1241
>Random Sequence 138,>Random Sequence 138,647,1222
>Random Sequence 139,>Random Sequence 139,659,1228
>Random Sequence 140,>Random Sequence 140,645,1223
>Random Sequence 141,>Random Sequence 141,647,1249
>Random Sequence 142,>Random Sequence 142,645,1221
>Random Sequence 143,>Random Sequence 143,645,1229
>Random Sequence 144,>Random Sequence 144,650,1223
>Random Sequence 145,>Random Sequence 145,649,1212
>Random Sequence 146,>Random Sequence 146,653,1227
>Random Sequence 147,>Random Sequence 147,647,1232
>Random Sequence 148,>Random Sequence 148,644,1234
>Random Sequence 149,>Random Sequence 149,644,1234
>Random Sequence 150,>Random Sequence 150,648,1194
>Random Sequence 151,>Random Sequence 151,645,1238
>Random Sequence 152,>Random Sequence 152,644,1234
>Random Sequence 153,>Random Sequence 153,650,1213
>Random Sequence 154,>Random Sequence 154,645,1235
>Random Sequence 155,>Random Sequence 155,660,1226
>Random Sequence 156,>Random Sequence 156,643,1193
>Random Sequence 157,>Random Sequence 157,650,1226
>Random Sequence 158,>Random Sequence 158,642,1245
>Random Sequence 159,>Random Sequence 159,638,1234
>Random Sequence 160,>Random Sequence 160,654,1218
>Random Sequence 161,>Random Sequence 161,642,1231
>Random Sequence 162,>Random Sequence 162,648,1229
>Random Sequence 163,>Random Sequence 163,638,1234
>Random Sequence 164,>Random Sequence 164,652,1229
>Random Sequence 165,>Random Sequence 165,647,1233
>Random Sequence 166,>Random Sequence 166,651,1231
>Random Sequence 167,>Random Sequence 167,638,1219
>Random Sequence 168,>Random Sequence 168,644,1230
>Random Sequence 169,>Random Sequence 169,650,1218
>Random Sequence 170,>Random Sequence 170,644,1215
>Random Sequence 171,>Random Sequence 171,645,1206
>Random Sequence 172,>Random Sequence 172,660,1224
>Random Sequence 173,>Random Sequence 173,635,1226
>Random Sequence 174,>Random Sequence 174,649,1213
>Random Sequence 175,>Random Sequence 175,641,1246
>Random Sequence 176,>Random Sequence 176,644,1239
>Random Sequence 177,>Random Sequence 177,636,1237
>Random Sequence 178,>Random Sequence 178,635,1258
>Random Sequence 179,>Random Sequence 179,647,1241
>Random Sequence 180,>Random Sequence 180,648,1217
>Random Sequence 181,>Random Sequence 181,642,1223
>Random Sequence 182,>Random Sequence 182,655,1241
>Random Sequence 183,>Random Sequence 183,646,1228
>Random Sequence 184,>Random Sequence 184,651,1221
>Random Sequence 185,>Random Sequence 185,648,1228
>Random Sequence 186,>Random Sequence 186,637,1230
>Random Sequence 187,>Random Sequence 187,642,1229
>Random Sequence 188,>Random Sequence 188,651,1216
>Random Sequence 189,>Random Sequence 189,644,1211
>Random Sequence 190,>Random Sequence 190,651,1205
>Random Sequence 191,>Random Sequence 191,645,1227
>Random Sequence 192,>Random Sequence 192,639,1242
>Random Sequence 193,>Random Sequence 193,638,1233
>Random Sequence 194,>Random Sequence 194,640,1217
>Random Sequence 195,>Random Sequence 195,651,1228
>Random Sequence 196,>Random Sequence 196,640,1215
>Random Sequence 197,>Random Sequence 197,645,1235
>Random Sequence 198,>Random Sequence 198,636,1218
>Random Sequence 199,>Random Sequence 199,643,1224
>Random Sequence 200,>Random Sequence 200,643,1244
>Random Sequence 201,>Random Sequence 201,645,1222
>Random Sequence 202,>Random Sequence 202,641,1204
>Random Sequence 203,>Random Sequence 203,646,1245
>Random Sequence 204,>Random Sequence 204,650,1234
>Random Sequence 205,>Random Sequence 205,642,1233
>Random Sequence 206,>Random Sequence 206,643,1237
>Random Sequence 207,>Random Sequence 207,645,1223
>Random Sequence 208,>Random Sequence 208,648,1223
>Random Sequence 209,>Random Sequence 209,647,1237
>Random Sequence 210,>Random Sequence 210,651,1205
>Random Sequence 211,>Random Sequence 211,648,1224
>Random Sequence 212,>Random Sequence 212,651,1212
>Random Sequence 213,>Random Sequence 213,653,1227
>Random Sequence 214,>Random Sequence 214,648,1230
>Random Sequence 215,>Random Sequence 215,647,1217
>Random Sequence 216,>Random Sequence 216,645,1214
>Random Sequence 217,>Random Sequence 217,647,1231
>Random Sequence 218,>Random Sequence 218,643,1210
>Random Sequence 219,>Random Sequence 219,650,1218
>Random Sequence 220,>Random Sequence 220,643,1228
>Random Sequence 221,>Random Sequence 221,636,1227
>Random Sequence 222,>Random Sequence 222,646,1228
>Random Sequence 223,>Random Sequence 223,647,1229
>Random Sequence 224,>Random Sequence 224,648,1229
>Random Sequence 225,>Random Sequence 225,643,1240
>Random Sequence 226,>Random Sequence 226,646,1223
>Random Sequence 227,>Random Sequence 227,645,1221
>Random Sequence 228,>Random Sequence 228,639,1235
>Random Sequence 229,>Random Sequence 229,638,1222
>Random Sequence 230,>Random Sequence 230,644,1199
>Random Sequence 231,>Random Sequence 231,637,1221
>Random Sequence 232,>Random Sequence 232,640,1205
>Random Sequence 233,>Random Sequence 233,638,1235
>Random Sequence 234,>Random Sequence 234,650,1210
>Random Sequence 235,>Random Sequence 235,650,1233
>Random Sequence 236,>Random Sequence 236,653,1223
>Random Sequence 237,>Random Sequence 237,647,1227
>Random Sequence 238,>Random Sequence 238,649,1219
>Random Sequence 239,>Random Sequence 239,643,1230
>Random Sequence 240,>Random Sequence 240,636,1240
>Random Sequence 241,>Random Sequence 241,640,1216
>Random Sequence 242,>Random Sequence 242,638,1231
>Random Sequence 243,>Random Sequence 243,639,1240
>Random Sequence 244,>Random Sequence 244,653,1218
>Random Sequence 245,>Random Sequence 245,647,1231
>Random Sequence 246,>Random Sequence 246,650,1224
>Random Sequence 247,>Random Sequence 247,643,1210
>Random Sequence 248,>Random Sequence 248,641,1210
>Random Sequence 249,>Random Sequence 249,641,1204
>Random Sequence 250,>Random Sequence 250,640,1235
>Random Sequence 251,>Random Sequence 251,649,1211
>Random Sequence 252,>Random Sequence 252,649,1227
>Random Sequence 253,>Random Sequence 253,649,1228
>Random Sequence 254,>Random Sequence 254,641,1224
>Random Sequence 255,>Random Sequence 255,645,1238
>Random Sequence 256,>Random Sequence 256,654,1254
>Random Sequence 257,>Random Sequence 257,643,1240
>Random Sequence 258,>Random Sequence 258,658,1224
>Random Sequence 259,>Random Sequence 259,640,1242
>Random Sequence 260,>Random Sequence 260,645,1220
>Random Sequence 261,>Random Sequence 261,651,1248
>Random Sequence 262,>Random Sequence 262,642,1217
>Random Sequence 263,>Random Sequence 263,644,1187
>Random Sequence 264,>Random Sequence 264,651,1228
>Random Sequence 265,>Random Sequence 265,639,1243
>Random Sequence 266,>Random Sequence 266,642,1215
>Random Sequence 267,>Random Sequence 267,653,1220
>Random Sequence 268,>Random Sequence 268,647,1226
>Random Sequence 269,>Random Sequence 269,647,1215
>Random Sequence 270,>Random Sequence 270,641,1211
>Random Sequence 271,>Random Sequence 271,649,1203
>Random Sequence 272,>Random Sequence 272,649,1231
>Random Sequence 273,>Random Sequence 273,641,1218
>Random Sequence 274,>Random Sequence 274,649,1213
>Random Sequence 275,>Random Sequence 275,644,1212
>Random Sequence 276,>Random Sequence 276,646,1237
>Random Sequence 277,>Random Sequence 277,653,1232
>Random Sequence 278,>Random Sequence 278,638,1236
>Random Sequence 279,>Random Sequence 279,647,1230
>Random Sequence 280,>Random Sequence 280,658,1229
>Random Sequence 281,>Random Sequence 281,655,1232
>Random Sequence 282,>Random Sequence 282,652,1211
>Random Sequence 283,>Random Sequence 283,651,1218
>Random Sequence 284,>Random Sequence 284,645,1222
>Random Sequence 285,>Random Sequence 285,654,1239
>Random Sequence 286,>Random Sequence 286,654,1245
>Random Sequence 287,>Random Sequence 287,653,1217
>Random Sequence 288,>Random Sequence 288,645,1229
>Random Sequence 289,>Random Sequence 289,639,1216
>Random Sequence 290,>Random Sequence 290,657,1222
>Random Sequence 291,>Random Sequence 291,645,1212
>Random Sequence 292,>Random Sequence 292,652,1213
>Random Sequence 293,>Random Sequence 293,645,1239
>Random Sequence 294,>Random Sequence 294,650,1223
>Random Sequence 295,>Random Sequence 295,643,1249
>Random Sequence 296,>Random Sequence 296,647,1208
>Random Sequence 297,>Random Sequence 297,644,1234
>Random Sequence 298,>Random Sequence 298,642,1240
>Random Sequence 299,>Random Sequence 299,648,1211
>Random Sequence 300,>Random Sequence 300,652,1197
>Random Sequence 301,>Random Sequence 301,646,1224
>Random Sequence 302,>Random Sequence 302,650,1212
>Random Sequence 303,>Random Sequence 303,643,1239
>Random Sequence 304,>Random Sequence 304,646,1223
>Random Sequence 305,>Random Sequence 305,645,1233
>Random Sequence 306,>Random Sequence 306,642,1234
>Random Sequence 307,>Random Sequence 307,651,1236
>Random Sequence 308,>Random Sequence 308,643,1221
>Random Sequence 309,>Random Sequence 309,648,1213
>Random Sequence 310,>Random Sequence 310,640,1243
>Random Sequence 311,>Random Sequence 311,647,1229
>Random Sequence 312,>Random Sequence 312,647,1227
>Random Sequence 313,>Random Sequence 313,648,1236
>Random Sequence 314,>Random Sequence 314,656,1220
>Random Sequence 315,>Random Sequence 315,650,1221
>Random Sequence 316,>Random Sequence 316,642,1235
>Random Sequence 317,>Random Sequence 317,642,1231
>Random Sequence 318,>Random Sequence 318,647,1238
>Random Sequence 319,>Random Sequence 319,638,1226
>Random Sequence 320,>Random Sequence 320,651,1227
>Random Sequence 321,>Random Sequence 321,652,1224
>Random Sequence 322,>Random Sequence 322,644,1231
>Random Sequence 323,>Random Sequence 323,652,1217
>Random Sequence 324,>Random Sequence 324,650,1226
>Random Sequence 325,>Random Sequence 325,644,1226
>Random Sequence 326,>Random Sequence 326,640,1235
>Random Sequence 327,>Random Sequence 327,648,1219
>Random Sequence 328,>Random Sequence 328,646,1234
>Random Sequence 329,>Random Sequence 329,633,1221
>Random Sequence 330,>Random Sequence 330,651,1249
>Random Sequence 331,>Random Sequence 331,660,1212
>Random Sequence 332,>Random Sequence 332,647,1245
>Random Sequence 333,>Random Sequence 333,643,1215
>Random Sequence 334,>Random Sequence 334,638,1251
>Random Sequence 335,>Random Sequence 335,651,1229
>Random Sequence 336,>Random Sequence 336,649,1220
>Random Sequence 337,>Random Sequence 337,640,1228
>Random Sequence 338,>Random Sequence 338,641,1246
>Random Sequence 339,>Random Sequence 339,646,1229
>Random Sequence 340,>Random Sequence 340,638,1237
>Random Sequence 341,>Random Sequence 341,641,1233
>Random Sequence 342,>Random Sequence 342,657,1227
>Random Sequence 343,>Random Sequence 343,647,1241
>Random Sequence 344,>Random Sequence 344,652,1230
>Random Sequence 345,>Random Sequence 345,658,1219
>Random Sequence 346,>Random Sequence 346,650,1216
>Random Sequence 347,>Random Sequence 347,645,1224
>Random Sequence 348,>Random Sequence 348,638,1225
>Random Sequence 349,>Random Sequence 349,638,1230
>Random Sequence 350,>Random Sequence 350,642,1233
>Random Sequence 351,>Random Sequence 351,645,1257
>Random Sequence 352,>Random Sequence 352,648,1222
>Random Sequence 353,>Random Sequence 353,645,1224
>Random Sequence 354,>Random Sequence 354,646,1252
>Random Sequence 355,>Random Sequence 355,639,1224
>Random Sequence 356,>Random Sequence 356,642,1218
>Random Sequence 357,>Random Sequence 357,642,1211
>Random Sequence 358,>Random Sequence 358,642,1222
>Random Sequence 359,>Random Sequence 359,650,1243
>Random Sequence 360,>Random Sequence 360,650,1217
>Random Sequence 361,>Random Sequence 361,656,1202
>Random Sequence 362,>Random Sequence 362,648,1230
>Random Sequence 363,>Random Sequence 363,648,1214
>Random Sequence 364,>Random Sequence 364,649,1229
>Random Sequence 365,>Random Sequence 365,657,1231
>Random Sequence 366,>Random Sequence 366,639,1240
>Random Sequence 367,>Random Sequence 367,647,1213
>Random Sequence 368,>Random Sequence 368,654,1218
>Random Sequence 369,>Random Sequence 369,647,1226
>Random Sequence 370,>Random Sequence 370,651,1235
>Random Sequence 371,>Random Sequence 371,643,1232
>Random Sequence 372,>Random Sequence 372,653,1233
>Random Sequence 373,>Random Sequence 373,647,1224
>Random Sequence 374,>Random Sequence 374,646,1221
>Random Sequence 375,>Random Sequence 375,650,1234
>Random Sequence 376,>Random Sequence 376,645,1221
>Random Sequence 377,>Random Sequence 377,638,1224
>Random Sequence 378,>Random Sequence 378,652,1220
>Random Sequence 379,>Random Sequence 379,643,1260
>Random Sequence 380,>Random Sequence 380,642,1231
>Random Sequence 381,>Random Sequence 381,654,1209
>Random Sequence 382,>Random Sequence 382,649,1240
>Random Sequence 383,>Random Sequence 383,636,1237
>Random Sequence 384,>Random Sequence 384,648,1234
>Random Sequence 385,>Random Sequence 385,648,1232
>Random Sequence 386,>Random Sequence 386,645,1204
>Random Sequence 387,>Random Sequence 387,639,1229
>Random Sequence 388,>Random Sequence 388,649,1208
>Random Sequence 389,>Random Sequence 389,654,1228
>Random Sequence 390,>Random Sequence 390,649,1215
>Random Sequence 391,>Random Sequence 391,645,1213
>Random Sequence 392,>Random Sequence 392,651,1210
>Random Sequence 393,>Random Sequence 393,648,1249
>Random Sequence 394,>Random Sequence 394,646,1216
>Random Sequence 395,>Random Sequence 395,654,1226
>Random Sequence 396,>Random Sequence 396,653,1226
>Random Sequence 397,>Random Sequence 397,648,1184
>Random Sequence 398,>Random Sequence 398,652,1212
>Random Sequence 399,>Random Sequence 399,650,1214
>Random Sequence 400,>Random Sequence 400,646,1224
>Random Sequence 401,>Random Sequence 401,645,1203
>Random Sequence 402,>Random Sequence 402,648,1223
>Random Sequence 403,>Random Sequence 403,634,1247
>Random Sequence 404,>Random Sequence 404,651,1241
>Random Sequence 405,>Random Sequence 405,641,1236
>Random Sequence 406,>Random Sequence 406,654,1228
>Random Sequence 407,>Random Sequence 407,644,1222
>Random Sequence 408,>Random Sequence 408,644,1224
>Random Sequence 409,>Random Sequence 409,654,1225
>Random Sequence 410,>Random Sequence 410,644,1224
>Random Sequence 411,>Random Sequence 411,652,1219
>Random Sequence 412,>Random Sequence 412,645,1222
>Random Sequence 413,>Random Sequence 413,640,1239
>Random Sequence 414,>Random Sequence 414,644,1224
>Random Sequence 415,>Random Sequence 415,639,1221
>Random Sequence 416,>Random Sequence 416,641,1247
>Random Sequence 417,>Random Sequence 417,640,1226
>Random Sequence 418,>Random Sequence 418,638,1212
>Random Sequence 419,>Random Sequence 419,641,1208
>Random Sequence 420,>Random Sequence 420,643,1194
>Random Sequence 421,>Random Sequence 421,641,1231
>Random Sequence 422,>Random Sequence 422,644,1200
>Random Sequence 423,>Random Sequence 423,647,1239
>Random Sequence 424,>Random Sequence 424,652,1229
>Random Sequence 425,>Random Sequence 425,653,1204
>Random Sequence 426,>Random Sequence 426,656,1227
>Random Sequence 427,>Random Sequence 427,648,1219
>Random Sequence 428,>Random Sequence 428,637,1246
>Random Sequence 429,>Random Sequence 429,643,1209
>Random Sequence 430,>Random Sequence 430,640,1222
>Random Sequence 431,>Random Sequence 431,644,1207
>Random Sequence 432,>Random Sequence 432,647,1253
>Random Sequence 433,>Random Sequence 433,646,1226
>Random Sequence 434,>Random Sequence 434,648,1222
>Random Sequence 435,>Random Sequence 435,639,1203
>Random Sequence 436,>Random Sequence 436,654,1224
>Random Sequence 437,>Random Sequence 437,648,1253
>Random Sequence 438,>Random Sequence 438,647,1224
>Random Sequence 439,>Random Sequence 439,646,1233
>Random Sequence 440,>Random Sequence 440,644,1223
>Random Sequence 441,>Random Sequence 441,656,1237
>Random Sequence 442,>Random Sequence 442,639,1219
>Random Sequence 443,>Random Sequence 443,645,1212
>Random Sequence 444,>Random Sequence 444,644,1226
>Random Sequence 445,>Random Sequence 445,642,1218
>Random Sequence 446,>Random Sequence 446,643,1223
>Random Sequence 447,>Random Sequence 447,655,1232
>Random Sequence 448,>Random Sequence 448,649,1219
>Random Sequence 449,>Random Sequence 449,649,1211
>Random Sequence 450,>Random Sequence 450,637,1248
>Random Sequence 451,>Random Sequence 451,642,1239
>Random Sequence 452,>Random Sequence 452,654,1223
>Random Sequence 453,>Random Sequence 453,640,1226
>Random Sequence 454,>Random Sequence 454,652,1237
>Random Sequence 455,>Random Sequence 455,645,1231
>Random Sequence 456,>Random Sequence 456,636,1223
>Random Sequence 457,>Random Sequence 457,647,1211
>Random Sequence 458,>Random Sequence 458,652,1221
>Random Sequence 459,>Random Sequence 459,642,1257
>Random Sequence 460,>Random Sequence 460,653,1228
>Random Sequence 461,>Random Sequence 461,647,1239
>Random Sequence 462,>Random Sequence 462,647,1231
>Random Sequence 463,>Random Sequence 463,644,1221
>Random Sequence 464,>Random Sequence 464,649,1201
>Random Sequence 465,>Random Sequence 465,638,1215
>Random Sequence 466,>Random Sequence 466,638,1229
>Random Sequence 467,>Random Sequence 467,652,1232
>Random Sequence 468,>Random Sequence 468,644,1232
>Random Sequence 469,>Random Sequence 469,649,1224
>Random Sequence 470,>Random Sequence 470,640,1235
>Random Sequence 471,>Random Sequence 471,643,1241
>Random Sequence 472,>Random Sequence 472,641,1243
>Random Sequence 473,>Random Sequence 473,650,1218
>Random Sequence 474,>Random Sequence 474,644,1221
>Random Sequence 475,>Random Sequence 475,649,1228
>Random Sequence 476,>Random Sequence 476,656,1228
>Random Sequence 477,>Random Sequence 477,643,1220
>Random Sequence 478,>Random Sequence 478,653,1230
>Random Sequence 479,>Random Sequence 479,649,1223
>Random Sequence 480,>Random Sequence 480,647,1237
>Random Sequence 481,>Random Sequence 481,646,1207
>Random Sequence 482,>Random Sequence 482,635,1232
>Random Sequence 483,>Random Sequence 483,654,1226
>Random Sequence 484,>Random Sequence 484,649,1221
>Random Sequence 485,>Random Sequence 485,640,1232
>Random Sequence 486,>Random Sequence 486,654,1223
>Random Sequence 487,>Random Sequence 487,644,1222
>Random Sequence 488,>Random Sequence 488,639,1223
>Random Sequence 489,>Random Sequence 489,637,1230
>Random Sequence 490,>Random Sequence 490,639,1226
>Random Sequence 491,>Random Sequence 491,645,1239
>Random Sequence 492,>Random Sequence 492,650,1219
>Random Sequence 493,>Random Sequence 493,642,1251
>Random Sequence 494,>Random Sequence 494,641,1239
>Random Sequence 495,>Random Sequence 495,641,1220
>Random Sequence 496,>Random Sequence 496,646,1220
>Random Sequence 497,>Random Sequence 497,641,1223
>Random Sequence 498,>Random Sequence 498,652,1234
>Random Sequence 499,>Random Sequence 499,633,1243
>Random Sequence 500,>Random Sequence 500,647,1222
