seq_from_file1,seq_from_file2,alignment_score,alignment_length
>Random Sequence 1,>Random Sequence 1,2607,5369
>Random Sequence 2,>Random Sequence 2,2596,5399
>Random Sequence 3,>Random Sequence 3,2591,5396
>Random Sequence 4,>Random Sequence 4,2591,5399
>Random Sequence 5,>Random Sequence 5,2595,5393
>Random Sequence 6,>Random Sequence 6,2610,5365
>Random Sequence 7,>Random Sequence 7,2610,5380
>Random Sequence 8,>Random Sequence 8,2592,5392
>Random Sequence 9,>Random Sequence 9,2598,5400
>Random Sequence 10,>Random Sequence 10,2617,5379
>Random Sequence 11,>Random Sequence 11,2610,5389
>Random Sequence 12,>Random Sequence 12,2601,5391
>Random Sequence 13,>Random Sequence 13,2615,5374
>Random Sequence 14,>Random Sequence 14,2600,5387
>Random Sequence 15,>Random Sequence 15,2599,5392
>Random Sequence 16,>Random Sequence 16,2606,5390
>Random Sequence 17,>Random Sequence 17,2603,5392
>Random Sequence 18,>Random Sequence 18,2613,5386
>Random Sequence 19,>Random Sequence 19,2610,5378
>Random Sequence 20,>Random Sequence 20,2584,5411
>Random Sequence 21,>Random Sequence 21,2612,5380
>Random Sequence 22,>Random Sequence 22,2599,5389
>Random Sequence 23,>Random Sequence 23,2585,5411
>Random Sequence 24,>Random Sequence 24,2610,5380
>Random Sequence 25,>Random Sequence 25,2599,5374
>Random Sequence 26,>Random Sequence 26,2607,5385
>Random Sequence 27,>Random Sequence 27,2601,5392
>Random Sequence 28,>Random Sequence 28,2591,5391
>Random Sequence 29,>Random Sequence 29,2606,5387
>Random Sequence 30,>Random Sequence 30,2605,5386
>Random Sequence 31,>Random Sequence 31,2599,5400
>Random Sequence 32,>Random Sequence 32,2600,5397
>Random Sequence 33,>Random Sequence 33,2609,5386
>Random Sequence 34,>Random Sequence 34,2612,5387
>Random Sequence 35,>Random Sequence 35,2602,5386
>Random Sequence 36,>Random Sequence 36,2603,5396
>Random Sequence 37,>Random Sequence 37,2597,5388
>Random Sequence 38,>Random Sequence 38,2606,5359
>Random Sequence 39,>Random Sequence 39,2592,5398
>Random Sequence 40,>Random Sequence 40,2611,5384
>Random Sequence 41,>Random Sequence 41,2602,5385
>Random Sequence 42,>Random Sequence 42,2600,5384
>Random Sequence 43,>Random Sequence 43,2606,5389
>Random Sequence 44,>Random Sequence 44,2609,5379
>Random Sequence 45,>Random Sequence 45,2612,5379
>Random Sequence 46,>Random Sequence 46,2608,5367
>Random Sequence 47,>Random Sequence 47,2610,5375
>Random Sequence 48,>Random Sequence 48,2610,5377
>Random Sequence 49,>Random Sequence 49,2610,5381
>Random Sequence 50,>Random Sequence 50,2607,5386
>Random Sequence 51,>Random Sequence 51,2610,5379
>Random Sequence 52,>Random Sequence 52,2602,5393
>Random Sequence 53,>Random Sequence 53,2591,5390
>Random Sequence 54,>Random Sequence 54,2608,5377
>Random Sequence 55,>Random Sequence 55,2607,5386
>Random Sequence 56,>Random Sequence 56,2597,5378
>Random Sequence 57,>Random Sequence 57,2599,5390
>Random Sequence 58,>Random Sequence 58,2608,5381
>Random Sequence 59,>Random Sequence 59,2607,5384
>Random Sequence 60,>Random Sequence 60,2607,5380
>Random Sequence 61,>Random Sequence 61,2605,5394
>Random Sequence 62,>Random Sequence 62,2603,5384
>Random Sequence 63,>Random Sequence 63,2615,5383
>Random Sequence 64,>Random Sequence 64,2594,5402
>Random Sequence 65,>Random Sequence 65,2609,5385
>Random Sequence 66,>Random Sequence 66,2593,5398
>Random Sequence 67,>Random Sequence 67,2598,5389
>Random Sequence 68,>Random Sequence 68,2600,5385
>Random Sequence 69,>Random Sequence 69,2607,5383
>Random Sequence 70,>Random Sequence 70,2606,5373
>Random Sequence 71,>Random Sequence 71,2609,5371
>Random Sequence 72,>Random Sequence 72,2607,5371
>Random Sequence 73,>Random Sequence 73,2612,5382
>Random Sequence 74,>Random Sequence 74,2595,5394
>Random Sequence 75,>Random Sequence 75,2612,5376
>Random Sequence 76,>Random Sequence 76,2601,5386
>Random Sequence 77,>Random Sequence 77,2605,5392
>Random Sequence 78,>Random Sequence 78,2612,5380
>Random Sequence 79,>Random Sequence 79,2600,5397
>Random Sequence 80,>Random Sequence 80,2594,5400
>Random Sequence 81,>Random Sequence 81,2610,5382
>Random Sequence 82,>Random Sequence 82,2612,5382
>Random Sequence 83,>Random Sequence 83,2602,5395
>Random Sequence 84,>Random Sequence 84,2602,5375
>Random Sequence 85,>Random Sequence 85,2604,5395
>Random Sequence 86,>Random Sequence 86,2592,5397
>Random Sequence 87,>Random Sequence 87,2586,5402
>Random Sequence 88,>Random Sequence 88,2610,5385
>Random Sequence 89,>Random Sequence 89,2612,5386
>Random Sequence 90,>Random Sequence 90,2608,5391
>Random Sequence 91,>Random Sequence 91,2597,5393
>Random Sequence 92,>Random Sequence 92,2606,5391
>Random Sequence 93,>Random Sequence 93,2597,5393
>Random Sequence 94,>Random Sequence 94,2602,5379
>Random Sequence 95,>Random Sequence 95,2596,5394
>Random Sequence 96,>Random Sequence 96,2604,5393
>Random Sequence 97,>Random Sequence 97,2609,5380
>Random Sequence 98,>Random Sequence 98,2571,5426
>Random Sequence 99,>Random Sequence 99,2608,5382
>Random Sequence 100,>Random Sequence 100,2607,5379
>Random Sequence 101,>Random Sequence 101,2596,5385
>Random Sequence 102,>Random Sequence 102,2613,5386
>Random Sequence 103,>Random Sequence 103,2598,5392
>Random Sequence 104,>Random Sequence 104,2593,5399
>Random Sequence 105,>Random Sequence 105,2596,5399
>Random Sequence 106,>Random Sequence 106,2603,5396
>Random Sequence 107,>Random Sequence 107,2584,5397
>Random Sequence 108,>Random Sequence 108,2604,5373
>Random Sequence 109,>Random Sequence 109,2606,5383
>Random Sequence 110,>Random Sequence 110,2626,5371
>Random Sequence 111,>Random Sequence 111,2595,5393
>Random Sequence 112,>Random Sequence 112,2597,5391
>Random Sequence 113,>Random Sequence 113,2602,5395
>Random Sequence 114,>Random Sequence 114,2598,5394
>Random Sequence 115,>Random Sequence 115,2609,5389
>Random Sequence 116,>Random Sequence 116,2616,5381
>Random Sequence 117,>Random Sequence 117,2593,5396
>Random Sequence 118,>Random Sequence 118,2602,5385
>Random Sequence 119,>Random Sequence 119,2606,5391
>Random Sequence 120,>Random Sequence 120,2606,5387
>Random Sequence 121,>Random Sequence 121,2609,5385
>Random Sequence 122,>Random Sequence 122,2611,5382
>Random Sequence 123,>Random Sequence 123,2620,5361
>Random Sequence 124,>Random Sequence 124,2597,5399
>Random Sequence 125,>Random Sequence 125,2604,5388
>Random Sequence 126,>Random Sequence 126,2592,5378
>Random Sequence 127,>Random Sequence 127,2607,5387
>Random Sequence 128,>Random Sequence 128,2605,5392
>Random Sequence 129,>Random Sequence 129,2614,5357
>Random Sequence 130,>Random Sequence 130,2592,5401
>Random Sequence 131,>Random Sequence 131,2604,5382
>Random Sequence 132,>Random Sequence 132,2598,5390
>Random Sequence 133,>Random Sequence 133,2600,5392
>Random Sequence 134,>Random Sequence 134,2619,5355
>Random Sequence 135,>Random Sequence 135,2599,5395
>Random Sequence 136,>Random Sequence 136,2625,5369
>Random Sequence 137,>Random Sequence 137,2609,5388
>Random Sequence 138,>Random Sequence 138,2606,5380
>Random Sequence 139,>Random Sequence 139,2604,5391
>Random Sequence 140,>Random Sequence 140,2602,5380
>Random Sequence 141,>Random Sequence 141,2613,5376
>Random Sequence 142,>Random Sequence 142,2604,5389
>Random Sequence 143,>Random Sequence 143,2603,5383
>Random Sequence 144,>Random Sequence 144,2604,5389
>Random Sequence 145,>Random Sequence 145,2620,5350
>Random Sequence 146,>Random Sequence 146,2592,5402
>Random Sequence 147,>Random Sequence 147,2602,5383
>Random Sequence 148,>Random Sequence 148,2590,5405
>Random Sequence 149,>Random Sequence 149,2604,5393
>Random Sequence 150,>Random Sequence 150,2611,5386
>Random Sequence 151,>Random Sequence 151,2598,5398
>Random Sequence 152,>Random Sequence 152,2602,5394
>Random Sequence 153,>Random Sequence 153,2610,5385
>Random Sequence 154,>Random Sequence 154,2603,5396
>Random Sequence 155,>Random Sequence 155,2608,5385
>Random Sequence 156,>Random Sequence 156,2614,5374
>Random Sequence 157,>Random Sequence 157,2607,5390
>Random Sequence 158,>Random Sequence 158,2606,5385
>Random Sequence 159,>Random Sequence 159,2603,5390
>Random Sequence 160,>Random Sequence 160,2605,5388
>Random Sequence 161,>Random Sequence 161,2604,5390
>Random Sequence 162,>Random Sequence 162,2606,5383
>Random Sequence 163,>Random Sequence 163,2613,5366
>Random Sequence 164,>Random Sequence 164,2595,5386
>Random Sequence 165,>Random Sequence 165,2612,5368
>Random Sequence 166,>Random Sequence 166,2609,5367
>Random Sequence 167,>Random Sequence 167,2603,5391
>Random Sequence 168,>Random Sequence 168,2606,5389
>Random Sequence 169,>Random Sequence 169,2593,5403
>Random Sequence 170,>Random Sequence 170,2596,5394
>Random Sequence 171,>Random Sequence 171,2626,5371
>Random Sequence 172,>Random Sequence 172,2608,5383
>Random Sequence 173,>Random Sequence 173,2611,5383
>Random Sequence 174,>Random Sequence 174,2605,5386
>Random Sequence 175,>Random Sequence 175,2608,5373
>Random Sequence 176,>Random Sequence 176,2595,5404
>Random Sequence 177,>Random Sequence 177,2611,5381
>Random Sequence 178,>Random Sequence 178,2593,5396
>Random Sequence 179,>Random Sequence 179,2592,5395
>Random Sequence 180,>Random Sequence 180,2606,5391
>Random Sequence 181,>Random Sequence 181,2601,5389
>Random Sequence 182,>Random Sequence 182,2592,5401
>Random Sequence 183,>Random Sequence 183,2606,5381
>Random Sequence 184,>Random Sequence 184,2608,5389
>Random Sequence 185,>Random Sequence 185,2595,5402
>Random Sequence 186,>Random Sequence 186,2609,5366
>Random Sequence 187,>Random Sequence 187,2601,5388
>Random Sequence 188,>Random Sequence 188,2600,5397
>Random Sequence 189,>Random Sequence 189,2603,5390
>Random Sequence 190,>Random Sequence 190,2617,5367
>Random Sequence 191,>Random Sequence 191,2604,5379
>Random Sequence 192,>Random Sequence 192,2598,5388
>Random Sequence 193,>Random Sequence 193,2604,5381
>Random Sequence 194,>Random Sequence 194,2603,5393
>Random Sequence 195,>Random Sequence 195,2611,5388
>Random Sequence 196,>Random Sequence 196,2603,5379
>Random Sequence 197,>Random Sequence 197,2591,5402
>Random Sequence 198,>Random Sequence 198,2596,5385
>Random Sequence 199,>Random Sequence 199,2595,5392
>Random Sequence 200,>Random Sequence 200,2612,5382
>Random Sequence 201,>Random Sequence 201,2594,5395
>Random Sequence 202,>Random Sequence 202,2608,5390
>Random Sequence 203,>Random Sequence 203,2596,5392
>Random Sequence 204,>Random Sequence 204,2594,5392
>Random Sequence 205,>Random Sequence 205,2603,5377
>Random Sequence 206,>Random Sequence 206,2614,5377
>Random Sequence 207,>Random Sequence 207,2603,5394
>Random Sequence 208,>Random Sequence 208,2613,5382
>Random Sequence 209,>Random Sequence 209,2592,5397
>Random Sequence 210,>Random Sequence 210,2612,5376
>Random Sequence 211,>Random Sequence 211,2606,5345
>Random Sequence 212,>Random Sequence 212,2605,5374
>Random Sequence 213,>Random Sequence 213,2598,5391
>Random Sequence 214,>Random Sequence 214,2602,5371
>Random Sequence 215,>Random Sequence 215,2600,5391
>Random Sequence 216,>Random Sequence 216,2613,5374
>Random Sequence 217,>Random Sequence 217,2608,5382
>Random Sequence 218,>Random Sequence 218,2621,5372
>Random Sequence 219,>Random Sequence 219,2600,5397
>Random Sequence 220,>Random Sequence 220,2586,5413
>Random Sequence 221,>Random Sequence 221,2606,5382
>Random Sequence 222,>Random Sequence 222,2600,5399
>Random Sequence 223,>Random Sequence 223,2611,5381
>Random Sequence 224,>Random Sequence 224,2598,5385
>Random Sequence 225,>Random Sequence 225,2595,5386
>Random Sequence 226,>Random Sequence 226,2599,5367
>Random Sequence 227,>Random Sequence 227,2606,5385
>Random Sequence 228,>Random Sequence 228,2602,5382
>Random Sequence 229,>Random Sequence 229,2602,5377
>Random Sequence 230,>Random Sequence 230,2611,5379
>Random Sequence 231,>Random Sequence 231,2605,5394
>Random Sequence 232,>Random Sequence 232,2594,5398
>Random Sequence 233,>Random Sequence 233,2611,5380
>Random Sequence 234,>Random Sequence 234,2599,5385
>Random Sequence 235,>Random Sequence 235,2605,5372
>Random Sequence 236,>Random Sequence 236,2624,5371
>Random Sequence 237,>Random Sequence 237,2599,5386
>Random Sequence 238,>Random Sequence 238,2607,5385
>Random Sequence 239,>Random Sequence 239,2593,5404
>Random Sequence 240,>Random Sequence 240,2602,5393
>Random Sequence 241,>Random Sequence 241,2629,5369
>Random Sequence 242,>Random Sequence 242,2614,5374
>Random Sequence 243,>Random Sequence 243,2607,5388
>Random Sequence 244,>Random Sequence 244,2608,5386
>Random Sequence 245,>Random Sequence 245,2606,5379
>Random Sequence 246,>Random Sequence 246,2620,5379
>Random Sequence 247,>Random Sequence 247,2608,5391
>Random Sequence 248,>Random Sequence 248,2596,5400
>Random Sequence 249,>Random Sequence 249,2602,5384
>Random Sequence 250,>Random Sequence 250,2604,5361
>Random Sequence 251,>Random Sequence 251,2615,5379
>Random Sequence 252,>Random Sequence 252,2605,5393
>Random Sequence 253,>Random Sequence 253,2614,5381
>Random Sequence 254,>Random Sequence 254,2598,5399
>Random Sequence 255,>Random Sequence 255,2607,5375
>Random Sequence 256,>Random Sequence 256,2618,5372
>Random Sequence 257,>Random Sequence 257,2607,5381
>Random Sequence 258,>Random Sequence 258,2599,5392
>Random Sequence 259,>Random Sequence 259,2602,5375
>Random Sequence 260,>Random Sequence 260,2606,5386
>Random Sequence 261,>Random Sequence 261,2594,5401
>Random Sequence 262,>Random Sequence 262,2596,5402
>Random Sequence 263,>Random Sequence 263,2593,5400
>Random Sequence 264,>Random Sequence 264,2613,5385
>Random Sequence 265,>Random Sequence 265,2616,5383
>Random Sequence 266,>Random Sequence 266,2607,5381
>Random Sequence 267,>Random Sequence 267,2597,5389
>Random Sequence 268,>Random Sequence 268,2615,5377
>Random Sequence 269,>Random Sequence 269,2614,5374
>Random Sequence 270,>Random Sequence 270,2597,5382
>Random Sequence 271,>Random Sequence 271,2607,5365
>Random Sequence 272,>Random Sequence 272,2610,5381
>Random Sequence 273,>Random Sequence 273,2586,5410
>Random Sequence 274,>Random Sequence 274,2602,5391
>Random Sequence 275,>Random Sequence 275,2597,5395
>Random Sequence 276,>Random Sequence 276,2602,5384
>Random Sequence 277,>Random Sequence 277,2590,5393
>Random Sequence 278,>Random Sequence 278,2607,5382
>Random Sequence 279,>Random Sequence 279,2620,5375
>Random Sequence 280,>Random Sequence 280,2613,5374
>Random Sequence 281,>Random Sequence 281,2600,5378
>Random Sequence 282,>Random Sequence 282,2601,5398
>Random Sequence 283,>Random Sequence 283,2607,5384
>Random Sequence 284,>Random Sequence 284,2592,5397
>Random Sequence 285,>Random Sequence 285,2591,5406
>Random Sequence 286,>Random Sequence 286,2602,5389
>Random Sequence 287,>Random Sequence 287,2605,5385
>Random Sequence 288,>Random Sequence 288,2606,5391
>Random Sequence 289,>Random Sequence 289,2593,5395
>Random Sequence 290,>Random Sequence 290,2606,5355
>Random Sequence 291,>Random Sequence 291,2609,5380
>Random Sequence 292,>Random Sequence 292,2610,5372
>Random Sequence 293,>Random Sequence 293,2607,5389
>Random Sequence 294,>Random Sequence 294,2614,5379
>Random Sequence 295,>Random Sequence 295,2599,5397
>Random Sequence 296,>Random Sequence 296,2602,5395
>Random Sequence 297,>Random Sequence 297,2606,5383
>Random Sequence 298,>Random Sequence 298,2617,5380
>Random Sequence 299,>Random Sequence 299,2592,5405
>Random Sequence 300,>Random Sequence 300,2598,5399
>Random Sequence 301,>Random Sequence 301,2605,5390
>Random Sequence 302,>Random Sequence 302,2615,5384
>Random Sequence 303,>Random Sequence 303,2595,5402
>Random Sequence 304,>Random Sequence 304,2604,5390
>Random Sequence 305,>Random Sequence 305,2606,5390
>Random Sequence 306,>Random Sequence 306,2604,5386
>Random Sequence 307,>Random Sequence 307,2601,5387
>Random Sequence 308,>Random Sequence 308,2606,5393
>Random Sequence 309,>Random Sequence 309,2605,5394
>Random Sequence 310,>Random Sequence 310,2616,5375
>Random Sequence 311,>Random Sequence 311,2608,5379
>Random Sequence 312,>Random Sequence 312,2605,5380
>Random Sequence 313,>Random Sequence 313,2599,5397
>Random Sequence 314,>Random Sequence 314,2616,5383
>Random Sequence 315,>Random Sequence 315,2609,5386
>Random Sequence 316,>Random Sequence 316,2597,5400
>Random Sequence 317,>Random Sequence 317,2598,5400
>Random Sequence 318,>Random Sequence 318,2610,5370
>Random Sequence 319,>Random Sequence 319,2610,5389
>Random Sequence 320,>Random Sequence 320,2602,5395
>Random Sequence 321,>Random Sequence 321,2617,5376
>Random Sequence 322,>Random Sequence 322,2611,5382
>Random Sequence 323,>Random Sequence 323,2608,5387
>Random Sequence 324,>Random Sequence 324,2609,5384
>Random Sequence 325,>Random Sequence 325,2597,5402
>Random Sequence 326,>Random Sequence 326,2613,5382
>Random Sequence 327,>Random Sequence 327,2602,5397
>Random Sequence 328,>Random Sequence 328,2596,5401
>Random Sequence 329,>Random Sequence 329,2614,5372
>Random Sequence 330,>Random Sequence 330,2601,5393
>Random Sequence 331,>Random Sequence 331,2618,5373
>Random Sequence 332,>Random Sequence 332,2598,5400
>Random Sequence 333,>Random Sequence 333,2591,5389
>Random Sequence 334,>Random Sequence 334,2607,5388
>Random Sequence 335,>Random Sequence 335,2608,5381
>Random Sequence 336,>Random Sequence 336,2600,5399
>Random Sequence 337,>Random Sequence 337,2609,5388
>Random Sequence 338,>Random Sequence 338,2593,5398
>Random Sequence 339,>Random Sequence 339,2615,5383
>Random Sequence 340,>Random Sequence 340,2594,5397
>Random Sequence 341,>Random Sequence 341,2590,5390
>Random Sequence 342,>Random Sequence 342,2593,5383
>Random Sequence 343,>Random Sequence 343,2601,5396
>Random Sequence 344,>Random Sequence 344,2600,5354
>Random Sequence 345,>Random Sequence 345,2598,5391
>Random Sequence 346,>Random Sequence 346,2622,5376
>Random Sequence 347,>Random Sequence 347,2601,5386
>Random Sequence 348,>Random Sequence 348,2606,5393
>Random Sequence 349,>Random Sequence 349,2609,5386
>Random Sequence 350,>Random Sequence 350,2604,5382
>Random Sequence 351,>Random Sequence 351,2595,5399
>Random Sequence 352,>Random Sequence 352,2606,5392
>Random Sequence 353,>Random Sequence 353,2610,5381
>Random Sequence 354,>Random Sequence 354,2615,5379
>Random Sequence 355,>Random Sequence 355,2619,5377
>Random Sequence 356,>Random Sequence 356,2597,5401
>Random Sequence 357,>Random Sequence 357,2604,5383
>Random Sequence 358,>Random Sequence 358,2599,5390
>Random Sequence 359,>Random Sequence 359,2606,5393
>Random Sequence 360,>Random Sequence 360,2598,5398
>Random Sequence 361,>Random Sequence 361,2611,5351
>Random Sequence 362,>Random Sequence 362,2608,5390
>Random Sequence 363,>Random Sequence 363,2595,5396
>Random Sequence 364,>Random Sequence 364,2588,5395
>Random Sequence 365,>Random Sequence 365,2611,5378
>Random Sequence 366,>Random Sequence 366,2594,5403
>Random Sequence 367,>Random Sequence 367,2603,5395
>Random Sequence 368,>Random Sequence 368,2599,5388
>Random Sequence 369,>Random Sequence 369,2608,5388
>Random Sequence 370,>Random Sequence 370,2588,5411
>Random Sequence 371,>Random Sequence 371,2598,5385
>Random Sequence 372,>Random Sequence 372,2594,5396
>Random Sequence 373,>Random Sequence 373,2595,5392
>Random Sequence 374,>Random Sequence 374,2597,5397
>Random Sequence 375,>Random Sequence 375,2602,5387
>Random Sequence 376,>Random Sequence 376,2608,5390
>Random Sequence 377,>Random Sequence 377,2592,5403
>Random Sequence 378,>Random Sequence 378,2610,5379
>Random Sequence 379,>Random Sequence 379,2606,5364
>Random Sequence 380,>Random Sequence 380,2612,5378
>Random Sequence 381,>Random Sequence 381,2609,5390
>Random Sequence 382,>Random Sequence 382,2594,5403
>Random Sequence 383,>Random Sequence 383,2611,5384
>Random Sequence 384,>Random Sequence 384,2610,5382
>Random Sequence 385,>Random Sequence 385,2598,5392
>Random Sequence 386,>Random Sequence 386,2596,5395
>Random Sequence 387,>Random Sequence 387,2601,5396
>Random Sequence 388,>Random Sequence 388,2585,5412
>Random Sequence 389,>Random Sequence 389,2602,5396
>Random Sequence 390,>Random Sequence 390,2597,5385
>Random Sequence 391,>Random Sequence 391,2596,5396
>Random Sequence 392,>Random Sequence 392,2616,5373
>Random Sequence 393,>Random Sequence 393,2603,5384
>Random Sequence 394,>Random Sequence 394,2601,5391
>Random Sequence 395,>Random Sequence 395,2609,5378
>Random Sequence 396,>Random Sequence 396,2612,5383
>Random Sequence 397,>Random Sequence 397,2610,5385
>Random Sequence 398,>Random Sequence 398,2595,5390
>Random Sequence 399,>Random Sequence 399,2610,5389
>Random Sequence 400,>Random Sequence 400,2595,5403
>Random Sequence 401,>Random Sequence 401,2606,5373
>Random Sequence 402,>Random Sequence 402,2605,5394
>Random Sequence 403,>Random Sequence 403,2610,5374
>Random Sequence 404,>Random Sequence 404,2588,5384
>Random Sequence 405,>Random Sequence 405,2618,5364
>Random Sequence 406,>Random Sequence 406,2604,5392
>Random Sequence 407,>Random Sequence 407,2617,5382
>Random Sequence 408,>Random Sequence 408,2610,5383
>Random Sequence 409,>Random Sequence 409,2611,5374
>Random Sequence 410,>Random Sequence 410,2605,5390
>Random Sequence 411,>Random Sequence 411,2597,5399
>Random Sequence 412,>Random Sequence 412,2592,5392
>Random Sequence 413,>Random Sequence 413,2607,5391
>Random Sequence 414,>Random Sequence 414,2607,5386
>Random Sequence 415,>Random Sequence 415,2614,5385
>Random Sequence 416,>Random Sequence 416,2600,5388
>Random Sequence 417,>Random Sequence 417,2619,5380
>Random Sequence 418,>Random Sequence 418,2592,5405
>Random Sequence 419,>Random Sequence 419,2610,5369
>Random Sequence 420,>Random Sequence 420,2598,5401
>Random Sequence 421,>Random Sequence 421,2598,5399
>Random Sequence 422,>Random Sequence 422,2597,5402
>Random Sequence 423,>Random Sequence 423,2613,5384
>Random Sequence 424,>Random Sequence 424,2608,5383
>Random Sequence 425,>Random Sequence 425,2612,5386
>Random Sequence 426,>Random Sequence 426,2598,5401
>Random Sequence 427,>Random Sequence 427,2607,5383
>Random Sequence 428,>Random Sequence 428,2604,5371
>Random Sequence 429,>Random Sequence 429,2590,5388
>Random Sequence 430,>Random Sequence 430,2609,5372
>Random Sequence 431,>Random Sequence 431,2603,5396
>Random Sequence 432,>Random Sequence 432,2615,5359
>Random Sequence 433,>Random Sequence 433,2596,5397
>Random Sequence 434,>Random Sequence 434,2611,5383
>Random Sequence 435,>Random Sequence 435,2596,5397
>Random Sequence 436,>Random Sequence 436,2605,5380
>Random Sequence 437,>Random Sequence 437,2582,5417
>Random Sequence 438,>Random Sequence 438,2596,5402
>Random Sequence 439,>Random Sequence 439,2589,5402
>Random Sequence 440,>Random Sequence 440,2605,5377
>Random Sequence 441,>Random Sequence 441,2609,5383
>Random Sequence 442,>Random Sequence 442,2613,5385
>Random Sequence 443,>Random Sequence 443,2619,5367
>Random Sequence 444,>Random Sequence 444,2605,5375
>Random Sequence 445,>Random Sequence 445,2619,5377
>Random Sequence 446,>Random Sequence 446,2600,5383
>Random Sequence 447,>Random Sequence 447,2604,5379
>Random Sequence 448,>Random Sequence 448,2598,5393
>Random Sequence 449,>Random Sequence 449,2605,5379
>Random Sequence 450,>Random Sequence 450,2595,5404
>Random Sequence 451,>Random Sequence 451,2578,5415
>Random Sequence 452,>Random Sequence 452,2596,5390
>Random Sequence 453,>Random Sequence 453,2602,5382
>Random Sequence 454,>Random Sequence 454,2598,5392
>Random Sequence 455,>Random Sequence 455,2610,5386
>Random Sequence 456,>Random Sequence 456,2590,5397
>Random Sequence 457,>Random Sequence 457,2607,5344
>Random Sequence 458,>Random Sequence 458,2590,5392
>Random Sequence 459,>Random Sequence 459,2610,5361
>Random Sequence 460,>Random Sequence 460,2613,5381
>Random Sequence 461,>Random Sequence 461,2616,5370
>Random Sequence 462,>Random Sequence 462,2624,5357
>Random Sequence 463,>Random Sequence 463,2596,5403
>Random Sequence 464,>Random Sequence 464,2598,5382
>Random Sequence 465,>Random Sequence 465,2614,5377
>Random Sequence 466,>Random Sequence 466,2607,5371
>Random Sequence 467,>Random Sequence 467,2602,5383
>Random Sequence 468,>Random Sequence 468,2589,5405
>Random Sequence 469,>Random Sequence 469,2600,5399
>Random Sequence 470,>Random Sequence 470,2595,5402
>Random Sequence 471,>Random Sequence 471,2611,5385
>Random Sequence 472,>Random Sequence 472,2600,5395
>Random Sequence 473,>Random Sequence 473,2601,5385
>Random Sequence 474,>Random Sequence 474,2610,5377
>Random Sequence 475,>Random Sequence 475,2609,5380
>Random Sequence 476,>Random Sequence 476,2608,5389
>Random Sequence 477,>Random Sequence 477,2622,5363
>Random Sequence 478,>Random Sequence 478,2599,5397
>Random Sequence 479,>Random Sequence 479,2614,5377
>Random Sequence 480,>Random Sequence 480,2607,5386
>Random Sequence 481,>Random Sequence 481,2612,5387
>Random Sequence 482,>Random Sequence 482,2605,5391
>Random Sequence 483,>Random Sequence 483,2605,5386
>Random Sequence 484,>Random Sequence 484,2601,5388
>Random Sequence 485,>Random Sequence 485,2610,5383
>Random Sequence 486,>Random Sequence 486,2604,5395
>Random Sequence 487,>Random Sequence 487,2599,5398
>Random Sequence 488,>Random Sequence 488,2603,5380
>Random Sequence 489,>Random Sequence 489,2598,5390
>Random Sequence 490,>Random Sequence 490,2601,5395
>Random Sequence 491,>Random Sequence 491,2601,5393
>Random Sequence 492,>Random Sequence 492,2609,5360
>Random Sequence 493,>Random Sequence 493,2604,5387
>Random Sequence 494,>Random Sequence 494,2605,5389
>Random Sequence 495,>Random Sequence 495,2608,5391
>Random Sequence 496,>Random Sequence 496,2603,5392
>Random Sequence 497,>Random Sequence 497,2607,5390
>Random Sequence 498,>Random Sequence 498,2601,5395
>Random Sequence 499,>Random Sequence 499,2611,5384
>Random Sequence 500,>Random Sequence 500,2604,5389
