seq_from_file1,seq_from_file2,alignment_score,alignment_length
>Random Sequence 1,>Random Sequence 1,1082,3988
>Random Sequence 2,>Random Sequence 2,1056,3906
>Random Sequence 3,>Random Sequence 3,1068,3932
>Random Sequence 4,>Random Sequence 4,1081,3993
>Random Sequence 5,>Random Sequence 5,1055,3927
>Random Sequence 6,>Random Sequence 6,1079,3959
>Random Sequence 7,>Random Sequence 7,1082,3989
>Random Sequence 8,>Random Sequence 8,1048,3957
>Random Sequence 9,>Random Sequence 9,1063,3961
>Random Sequence 10,>Random Sequence 10,1064,3961
>Random Sequence 11,>Random Sequence 11,1064,3964
>Random Sequence 12,>Random Sequence 12,1070,3990
>Random Sequence 13,>Random Sequence 13,1054,3954
>Random Sequence 14,>Random Sequence 14,1072,3972
>Random Sequence 15,>Random Sequence 15,1072,3886
>Random Sequence 16,>Random Sequence 16,1095,3976
>Random Sequence 17,>Random Sequence 17,1057,3913
>Random Sequence 18,>Random Sequence 18,1053,3955
>Random Sequence 19,>Random Sequence 19,1061,3986
>Random Sequence 20,>Random Sequence 20,1065,3967
>Random Sequence 21,>Random Sequence 21,1060,3968
>Random Sequence 22,>Random Sequence 22,1067,3961
>Random Sequence 23,>Random Sequence 23,1059,3969
>Random Sequence 24,>Random Sequence 24,1078,3957
>Random Sequence 25,>Random Sequence 25,1051,3855
>Random Sequence 26,>Random Sequence 26,1064,3979
>Random Sequence 27,>Random Sequence 27,1076,3990
>Random Sequence 28,>Random Sequence 28,1058,3965
>Random Sequence 29,>Random Sequence 29,1058,3951
>Random Sequence 30,>Random Sequence 30,1077,3993
>Random Sequence 31,>Random Sequence 31,1088,3964
>Random Sequence 32,>Random Sequence 32,1057,3919
>Random Sequence 33,>Random Sequence 33,1086,3977
>Random Sequence 34,>Random Sequence 34,1059,3972
>Random Sequence 35,>Random Sequence 35,1074,3979
>Random Sequence 36,>Random Sequence 36,1059,3896
>Random Sequence 37,>Random Sequence 37,1065,3986
>Random Sequence 38,>Random Sequence 38,1070,3935
>Random Sequence 39,>Random Sequence 39,1064,3889
>Random Sequence 40,>Random Sequence 40,1069,3974
>Random Sequence 41,>Random Sequence 41,1069,3978
>Random Sequence 42,>Random Sequence 42,1054,3964
>Random Sequence 43,>Random Sequence 43,1064,3960
>Random Sequence 44,>Random Sequence 44,1068,3955
>Random Sequence 45,>Random Sequence 45,1067,3987
>Random Sequence 46,>Random Sequence 46,1054,3923
>Random Sequence 47,>Random Sequence 47,1062,3935
>Random Sequence 48,>Random Sequence 48,1073,3986
>Random Sequence 49,>Random Sequence 49,1080,3974
>Random Sequence 50,>Random Sequence 50,1082,3993
>Random Sequence 51,>Random Sequence 51,1063,3988
>Random Sequence 52,>Random Sequence 52,1052,3972
>Random Sequence 53,>Random Sequence 53,1061,3912
>Random Sequence 54,>Random Sequence 54,1063,3991
>Random Sequence 55,>Random Sequence 55,1056,3984
>Random Sequence 56,>Random Sequence 56,1061,3976
>Random Sequence 57,>Random Sequence 57,1098,3986
>Random Sequence 58,>Random Sequence 58,1077,3971
>Random Sequence 59,>Random Sequence 59,1068,3951
>Random Sequence 60,>Random Sequence 60,1051,3978
>Random Sequence 61,>Random Sequence 61,1093,3963
>Random Sequence 62,>Random Sequence 62,1056,3979
>Random Sequence 63,>Random Sequence 63,1062,3922
>Random Sequence 64,>Random Sequence 64,1072,3997
>Random Sequence 65,>Random Sequence 65,1065,3988
>Random Sequence 66,>Random Sequence 66,1083,3981
>Random Sequence 67,>Random Sequence 67,1087,3998
>Random Sequence 68,>Random Sequence 68,1073,3926
>Random Sequence 69,>Random Sequence 69,1056,3923
>Random Sequence 70,>Random Sequence 70,1061,3986
>Random Sequence 71,>Random Sequence 71,1092,3930
>Random Sequence 72,>Random Sequence 72,1078,3975
>Random Sequence 73,>Random Sequence 73,1064,3979
>Random Sequence 74,>Random Sequence 74,1057,3979
>Random Sequence 75,>Random Sequence 75,1069,3993
>Random Sequence 76,>Random Sequence 76,1060,3967
>Random Sequence 77,>Random Sequence 77,1067,3948
>Random Sequence 78,>Random Sequence 78,1063,3978
>Random Sequence 79,>Random Sequence 79,1056,3879
>Random Sequence 80,>Random Sequence 80,1061,3997
>Random Sequence 81,>Random Sequence 81,1061,3969
>Random Sequence 82,>Random Sequence 82,1067,3984
>Random Sequence 83,>Random Sequence 83,1069,3959
>Random Sequence 84,>Random Sequence 84,1064,3915
>Random Sequence 85,>Random Sequence 85,1058,3985
>Random Sequence 86,>Random Sequence 86,1055,3989
>Random Sequence 87,>Random Sequence 87,1082,3976
>Random Sequence 88,>Random Sequence 88,1067,3938
>Random Sequence 89,>Random Sequence 89,1059,3917
>Random Sequence 90,>Random Sequence 90,1057,3996
>Random Sequence 91,>Random Sequence 91,1075,3975
>Random Sequence 92,>Random Sequence 92,1066,3921
>Random Sequence 93,>Random Sequence 93,1081,3979
>Random Sequence 94,>Random Sequence 94,1064,3941
>Random Sequence 95,>Random Sequence 95,1073,3989
>Random Sequence 96,>Random Sequence 96,1071,3981
>Random Sequence 97,>Random Sequence 97,1078,3979
>Random Sequence 98,>Random Sequence 98,1067,3970
>Random Sequence 99,>Random Sequence 99,1092,3968
>Random Sequence 100,>Random Sequence 100,1068,3954
>Random Sequence 101,>Random Sequence 101,1066,3966
>Random Sequence 102,>Random Sequence 102,1062,3963
>Random Sequence 103,>Random Sequence 103,1057,3898
>Random Sequence 104,>Random Sequence 104,1060,3967
>Random Sequence 105,>Random Sequence 105,1067,3973
>Random Sequence 106,>Random Sequence 106,1075,3989
>Random Sequence 107,>Random Sequence 107,1068,3981
>Random Sequence 108,>Random Sequence 108,1058,3954
>Random Sequence 109,>Random Sequence 109,1071,3950
>Random Sequence 110,>Random Sequence 110,1067,3927
>Random Sequence 111,>Random Sequence 111,1052,3868
>Random Sequence 112,>Random Sequence 112,1102,3985
>Random Sequence 113,>Random Sequence 113,1066,3984
>Random Sequence 114,>Random Sequence 114,1072,3991
>Random Sequence 115,>Random Sequence 115,1065,3972
>Random Sequence 116,>Random Sequence 116,1063,3989
>Random Sequence 117,>Random Sequence 117,1063,3928
>Random Sequence 118,>Random Sequence 118,1059,3984
>Random Sequence 119,>Random Sequence 119,1084,3992
>Random Sequence 120,>Random Sequence 120,1069,3986
>Random Sequence 121,>Random Sequence 121,1061,3964
>Random Sequence 122,>Random Sequence 122,1071,3994
>Random Sequence 123,>Random Sequence 123,1066,3959
>Random Sequence 124,>Random Sequence 124,1085,3995
>Random Sequence 125,>Random Sequence 125,1071,3953
>Random Sequence 126,>Random Sequence 126,1068,3957
>Random Sequence 127,>Random Sequence 127,1072,3987
>Random Sequence 128,>Random Sequence 128,1061,3982
>Random Sequence 129,>Random Sequence 129,1057,3935
>Random Sequence 130,>Random Sequence 130,1069,3965
>Random Sequence 131,>Random Sequence 131,1072,3982
>Random Sequence 132,>Random Sequence 132,1070,3943
>Random Sequence 133,>Random Sequence 133,1056,3963
>Random Sequence 134,>Random Sequence 134,1065,3971
>Random Sequence 135,>Random Sequence 135,1071,3967
>Random Sequence 136,>Random Sequence 136,1049,3942
>Random Sequence 137,>Random Sequence 137,1061,3971
>Random Sequence 138,>Random Sequence 138,1054,3994
>Random Sequence 139,>Random Sequence 139,1066,3994
>Random Sequence 140,>Random Sequence 140,1059,3966
>Random Sequence 141,>Random Sequence 141,1068,3978
>Random Sequence 142,>Random Sequence 142,1072,3982
>Random Sequence 143,>Random Sequence 143,1074,3988
>Random Sequence 144,>Random Sequence 144,1069,3948
>Random Sequence 145,>Random Sequence 145,1062,3945
>Random Sequence 146,>Random Sequence 146,1061,3957
>Random Sequence 147,>Random Sequence 147,1072,3978
>Random Sequence 148,>Random Sequence 148,1075,3943
>Random Sequence 149,>Random Sequence 149,1058,3952
>Random Sequence 150,>Random Sequence 150,1055,3969
>Random Sequence 151,>Random Sequence 151,1083,3989
>Random Sequence 152,>Random Sequence 152,1063,3966
>Random Sequence 153,>Random Sequence 153,1069,3991
>Random Sequence 154,>Random Sequence 154,1053,3949
>Random Sequence 155,>Random Sequence 155,1080,3974
>Random Sequence 156,>Random Sequence 156,1060,3981
>Random Sequence 157,>Random Sequence 157,1054,3984
>Random Sequence 158,>Random Sequence 158,1062,3934
>Random Sequence 159,>Random Sequence 159,1058,3988
>Random Sequence 160,>Random Sequence 160,1068,3886
>Random Sequence 161,>Random Sequence 161,1058,3937
>Random Sequence 162,>Random Sequence 162,1061,3915
>Random Sequence 163,>Random Sequence 163,1063,3979
>Random Sequence 164,>Random Sequence 164,1057,3996
>Random Sequence 165,>Random Sequence 165,1057,3974
>Random Sequence 166,>Random Sequence 166,1063,3968
>Random Sequence 167,>Random Sequence 167,1081,3981
>Random Sequence 168,>Random Sequence 168,1050,3907
>Random Sequence 169,>Random Sequence 169,1075,3988
>Random Sequence 170,>Random Sequence 170,1064,3966
>Random Sequence 171,>Random Sequence 171,1053,3953
>Random Sequence 172,>Random Sequence 172,1064,3941
>Random Sequence 173,>Random Sequence 173,1055,3959
>Random Sequence 174,>Random Sequence 174,1070,3934
>Random Sequence 175,>Random Sequence 175,1066,3987
>Random Sequence 176,>Random Sequence 176,1046,3967
>Random Sequence 177,>Random Sequence 177,1066,3989
>Random Sequence 178,>Random Sequence 178,1087,3939
>Random Sequence 179,>Random Sequence 179,1060,3980
>Random Sequence 180,>Random Sequence 180,1060,3950
>Random Sequence 181,>Random Sequence 181,1065,3961
>Random Sequence 182,>Random Sequence 182,1068,3932
>Random Sequence 183,>Random Sequence 183,1065,3929
>Random Sequence 184,>Random Sequence 184,1060,3990
>Random Sequence 185,>Random Sequence 185,1066,3919
>Random Sequence 186,>Random Sequence 186,1078,3947
>Random Sequence 187,>Random Sequence 187,1067,3912
>Random Sequence 188,>Random Sequence 188,1090,3976
>Random Sequence 189,>Random Sequence 189,1072,3976
>Random Sequence 190,>Random Sequence 190,1071,3943
>Random Sequence 191,>Random Sequence 191,1063,3980
>Random Sequence 192,>Random Sequence 192,1055,3956
>Random Sequence 193,>Random Sequence 193,1062,3923
>Random Sequence 194,>Random Sequence 194,1067,3967
>Random Sequence 195,>Random Sequence 195,1072,3967
>Random Sequence 196,>Random Sequence 196,1084,3994
>Random Sequence 197,>Random Sequence 197,1062,3975
>Random Sequence 198,>Random Sequence 198,1075,3970
>Random Sequence 199,>Random Sequence 199,1071,3993
>Random Sequence 200,>Random Sequence 200,1051,3943
>Random Sequence 201,>Random Sequence 201,1078,3933
>Random Sequence 202,>Random Sequence 202,1061,3997
>Random Sequence 203,>Random Sequence 203,1063,3955
>Random Sequence 204,>Random Sequence 204,1079,3835
>Random Sequence 205,>Random Sequence 205,1064,3894
>Random Sequence 206,>Random Sequence 206,1085,3963
>Random Sequence 207,>Random Sequence 207,1061,3971
>Random Sequence 208,>Random Sequence 208,1082,3980
>Random Sequence 209,>Random Sequence 209,1064,3994
>Random Sequence 210,>Random Sequence 210,1078,3965
>Random Sequence 211,>Random Sequence 211,1048,3952
>Random Sequence 212,>Random Sequence 212,1063,3956
>Random Sequence 213,>Random Sequence 213,1061,3982
>Random Sequence 214,>Random Sequence 214,1046,3979
>Random Sequence 215,>Random Sequence 215,1062,3923
>Random Sequence 216,>Random Sequence 216,1075,3989
>Random Sequence 217,>Random Sequence 217,1063,3987
>Random Sequence 218,>Random Sequence 218,1057,3956
>Random Sequence 219,>Random Sequence 219,1064,3983
>Random Sequence 220,>Random Sequence 220,1070,3918
>Random Sequence 221,>Random Sequence 221,1063,3972
>Random Sequence 222,>Random Sequence 222,1051,3965
>Random Sequence 223,>Random Sequence 223,1081,3840
>Random Sequence 224,>Random Sequence 224,1081,3991
>Random Sequence 225,>Random Sequence 225,1062,3969
>Random Sequence 226,>Random Sequence 226,1068,3970
>Random Sequence 227,>Random Sequence 227,1088,3891
>Random Sequence 228,>Random Sequence 228,1088,3952
>Random Sequence 229,>Random Sequence 229,1059,3992
>Random Sequence 230,>Random Sequence 230,1064,3857
>Random Sequence 231,>Random Sequence 231,1072,3943
>Random Sequence 232,>Random Sequence 232,1070,3937
>Random Sequence 233,>Random Sequence 233,1072,3929
>Random Sequence 234,>Random Sequence 234,1060,3913
>Random Sequence 235,>Random Sequence 235,1063,3988
>Random Sequence 236,>Random Sequence 236,1077,3981
>Random Sequence 237,>Random Sequence 237,1068,3990
>Random Sequence 238,>Random Sequence 238,1068,3925
>Random Sequence 239,>Random Sequence 239,1054,3985
>Random Sequence 240,>Random Sequence 240,1087,3988
>Random Sequence 241,>Random Sequence 241,1063,3876
>Random Sequence 242,>Random Sequence 242,1075,3994
>Random Sequence 243,>Random Sequence 243,1081,3971
>Random Sequence 244,>Random Sequence 244,1063,3989
>Random Sequence 245,>Random Sequence 245,1081,3885
>Random Sequence 246,>Random Sequence 246,1067,3953
>Random Sequence 247,>Random Sequence 247,1066,3922
>Random Sequence 248,>Random Sequence 248,1068,3940
>Random Sequence 249,>Random Sequence 249,1063,3992
>Random Sequence 250,>Random Sequence 250,1066,3988
>Random Sequence 251,>Random Sequence 251,1109,3969
>Random Sequence 252,>Random Sequence 252,1064,3904
>Random Sequence 253,>Random Sequence 253,1079,3972
>Random Sequence 254,>Random Sequence 254,1069,3926
>Random Sequence 255,>Random Sequence 255,1068,3947
>Random Sequence 256,>Random Sequence 256,1060,3983
>Random Sequence 257,>Random Sequence 257,1074,3918
>Random Sequence 258,>Random Sequence 258,1083,3969
>Random Sequence 259,>Random Sequence 259,1074,3933
>Random Sequence 260,>Random Sequence 260,1071,3983
>Random Sequence 261,>Random Sequence 261,1074,3928
>Random Sequence 262,>Random Sequence 262,1063,3962
>Random Sequence 263,>Random Sequence 263,1064,3983
>Random Sequence 264,>Random Sequence 264,1075,3995
>Random Sequence 265,>Random Sequence 265,1071,3958
>Random Sequence 266,>Random Sequence 266,1062,3958
>Random Sequence 267,>Random Sequence 267,1056,3963
>Random Sequence 268,>Random Sequence 268,1067,3936
>Random Sequence 269,>Random Sequence 269,1065,3917
>Random Sequence 270,>Random Sequence 270,1048,3991
>Random Sequence 271,>Random Sequence 271,1061,3875
>Random Sequence 272,>Random Sequence 272,1078,3942
>Random Sequence 273,>Random Sequence 273,1051,3983
>Random Sequence 274,>Random Sequence 274,1069,3966
>Random Sequence 275,>Random Sequence 275,1059,3973
>Random Sequence 276,>Random Sequence 276,1064,3983
>Random Sequence 277,>Random Sequence 277,1067,3947
>Random Sequence 278,>Random Sequence 278,1101,3990
>Random Sequence 279,>Random Sequence 279,1066,3972
>Random Sequence 280,>Random Sequence 280,1074,3917
>Random Sequence 281,>Random Sequence 281,1069,3949
>Random Sequence 282,>Random Sequence 282,1051,3878
>Random Sequence 283,>Random Sequence 283,1050,3930
>Random Sequence 284,>Random Sequence 284,1087,3989
>Random Sequence 285,>Random Sequence 285,1054,3960
>Random Sequence 286,>Random Sequence 286,1055,3947
>Random Sequence 287,>Random Sequence 287,1068,3996
>Random Sequence 288,>Random Sequence 288,1062,3934
>Random Sequence 289,>Random Sequence 289,1054,3876
>Random Sequence 290,>Random Sequence 290,1064,3948
>Random Sequence 291,>Random Sequence 291,1071,3979
>Random Sequence 292,>Random Sequence 292,1054,3989
>Random Sequence 293,>Random Sequence 293,1066,3988
>Random Sequence 294,>Random Sequence 294,1073,3975
>Random Sequence 295,>Random Sequence 295,1058,3996
>Random Sequence 296,>Random Sequence 296,1081,3980
>Random Sequence 297,>Random Sequence 297,1050,3918
>Random Sequence 298,>Random Sequence 298,1090,3979
>Random Sequence 299,>Random Sequence 299,1059,3990
>Random Sequence 300,>Random Sequence 300,1051,3917
>Random Sequence 301,>Random Sequence 301,1059,3984
>Random Sequence 302,>Random Sequence 302,1066,3980
>Random Sequence 303,>Random Sequence 303,1056,3982
>Random Sequence 304,>Random Sequence 304,1083,3979
>Random Sequence 305,>Random Sequence 305,1058,3964
>Random Sequence 306,>Random Sequence 306,1096,3992
>Random Sequence 307,>Random Sequence 307,1070,3981
>Random Sequence 308,>Random Sequence 308,1077,3994
>Random Sequence 309,>Random Sequence 309,1064,3961
>Random Sequence 310,>Random Sequence 310,1064,3899
>Random Sequence 311,>Random Sequence 311,1063,3958
>Random Sequence 312,>Random Sequence 312,1050,3990
>Random Sequence 313,>Random Sequence 313,1064,3981
>Random Sequence 314,>Random Sequence 314,1068,3992
>Random Sequence 315,>Random Sequence 315,1067,3981
>Random Sequence 316,>Random Sequence 316,1054,3991
>Random Sequence 317,>Random Sequence 317,1060,3986
>Random Sequence 318,>Random Sequence 318,1075,3923
>Random Sequence 319,>Random Sequence 319,1079,3962
>Random Sequence 320,>Random Sequence 320,1060,3946
>Random Sequence 321,>Random Sequence 321,1081,3861
>Random Sequence 322,>Random Sequence 322,1072,3984
>Random Sequence 323,>Random Sequence 323,1069,3961
>Random Sequence 324,>Random Sequence 324,1054,3909
>Random Sequence 325,>Random Sequence 325,1066,3990
>Random Sequence 326,>Random Sequence 326,1039,3871
>Random Sequence 327,>Random Sequence 327,1059,3966
>Random Sequence 328,>Random Sequence 328,1062,3979
>Random Sequence 329,>Random Sequence 329,1087,3994
>Random Sequence 330,>Random Sequence 330,1070,3931
>Random Sequence 331,>Random Sequence 331,1059,3971
>Random Sequence 332,>Random Sequence 332,1070,3900
>Random Sequence 333,>Random Sequence 333,1073,3979
>Random Sequence 334,>Random Sequence 334,1085,3986
>Random Sequence 335,>Random Sequence 335,1068,3978
>Random Sequence 336,>Random Sequence 336,1056,3994
>Random Sequence 337,>Random Sequence 337,1067,3963
>Random Sequence 338,>Random Sequence 338,1058,3976
>Random Sequence 339,>Random Sequence 339,1057,3941
>Random Sequence 340,>Random Sequence 340,1081,3924
>Random Sequence 341,>Random Sequence 341,1077,3984
>Random Sequence 342,>Random Sequence 342,1072,3980
>Random Sequence 343,>Random Sequence 343,1052,3973
>Random Sequence 344,>Random Sequence 344,1060,3891
>Random Sequence 345,>Random Sequence 345,1067,3943
>Random Sequence 346,>Random Sequence 346,1058,3917
>Random Sequence 347,>Random Sequence 347,1083,3851
>Random Sequence 348,>Random Sequence 348,1058,3908
>Random Sequence 349,>Random Sequence 349,1064,3982
>Random Sequence 350,>Random Sequence 350,1061,3926
>Random Sequence 351,>Random Sequence 351,1061,3994
>Random Sequence 352,>Random Sequence 352,1088,3945
>Random Sequence 353,>Random Sequence 353,1055,3986
>Random Sequence 354,>Random Sequence 354,1062,3983
>Random Sequence 355,>Random Sequence 355,1079,3981
>Random Sequence 356,>Random Sequence 356,1071,3934
>Random Sequence 357,>Random Sequence 357,1045,3965
>Random Sequence 358,>Random Sequence 358,1064,3959
>Random Sequence 359,>Random Sequence 359,1068,3915
>Random Sequence 360,>Random Sequence 360,1076,3945
>Random Sequence 361,>Random Sequence 361,1062,3995
>Random Sequence 362,>Random Sequence 362,1056,3895
>Random Sequence 363,>Random Sequence 363,1060,3974
>Random Sequence 364,>Random Sequence 364,1076,3988
>Random Sequence 365,>Random Sequence 365,1058,3964
>Random Sequence 366,>Random Sequence 366,1075,3979
>Random Sequence 367,>Random Sequence 367,1068,3943
>Random Sequence 368,>Random Sequence 368,1054,3975
>Random Sequence 369,>Random Sequence 369,1074,3963
>Random Sequence 370,>Random Sequence 370,1067,3961
>Random Sequence 371,>Random Sequence 371,1080,3981
>Random Sequence 372,>Random Sequence 372,1073,3966
>Random Sequence 373,>Random Sequence 373,1057,3992
>Random Sequence 374,>Random Sequence 374,1066,3965
>Random Sequence 375,>Random Sequence 375,1063,3915
>Random Sequence 376,>Random Sequence 376,1055,3885
>Random Sequence 377,>Random Sequence 377,1059,3939
>Random Sequence 378,>Random Sequence 378,1062,3987
>Random Sequence 379,>Random Sequence 379,1057,3976
>Random Sequence 380,>Random Sequence 380,1055,3966
>Random Sequence 381,>Random Sequence 381,1067,3887
>Random Sequence 382,>Random Sequence 382,1072,3980
>Random Sequence 383,>Random Sequence 383,1058,3925
>Random Sequence 384,>Random Sequence 384,1068,3962
>Random Sequence 385,>Random Sequence 385,1059,3888
>Random Sequence 386,>Random Sequence 386,1086,3928
>Random Sequence 387,>Random Sequence 387,1052,3909
>Random Sequence 388,>Random Sequence 388,1071,3934
>Random Sequence 389,>Random Sequence 389,1067,3907
>Random Sequence 390,>Random Sequence 390,1051,3989
>Random Sequence 391,>Random Sequence 391,1063,3973
>Random Sequence 392,>Random Sequence 392,1066,3961
>Random Sequence 393,>Random Sequence 393,1072,3919
>Random Sequence 394,>Random Sequence 394,1050,3950
>Random Sequence 395,>Random Sequence 395,1054,3979
>Random Sequence 396,>Random Sequence 396,1101,3968
>Random Sequence 397,>Random Sequence 397,1090,3990
>Random Sequence 398,>Random Sequence 398,1078,3950
>Random Sequence 399,>Random Sequence 399,1068,3955
>Random Sequence 400,>Random Sequence 400,1061,3955
>Random Sequence 401,>Random Sequence 401,1050,3913
>Random Sequence 402,>Random Sequence 402,1070,3929
>Random Sequence 403,>Random Sequence 403,1074,3911
>Random Sequence 404,>Random Sequence 404,1062,3988
>Random Sequence 405,>Random Sequence 405,1088,3971
>Random Sequence 406,>Random Sequence 406,1075,3993
>Random Sequence 407,>Random Sequence 407,1054,3928
>Random Sequence 408,>Random Sequence 408,1057,3949
>Random Sequence 409,>Random Sequence 409,1067,3885
>Random Sequence 410,>Random Sequence 410,1061,3937
>Random Sequence 411,>Random Sequence 411,1064,3906
>Random Sequence 412,>Random Sequence 412,1051,3969
>Random Sequence 413,>Random Sequence 413,1084,3986
>Random Sequence 414,>Random Sequence 414,1057,3852
>Random Sequence 415,>Random Sequence 415,1064,3864
>Random Sequence 416,>Random Sequence 416,1087,3969
>Random Sequence 417,>Random Sequence 417,1070,3982
>Random Sequence 418,>Random Sequence 418,1075,3949
>Random Sequence 419,>Random Sequence 419,1077,3978
>Random Sequence 420,>Random Sequence 420,1052,3924
>Random Sequence 421,>Random Sequence 421,1063,3934
>Random Sequence 422,>Random Sequence 422,1053,3982
>Random Sequence 423,>Random Sequence 423,1055,3976
>Random Sequence 424,>Random Sequence 424,1045,3953
>Random Sequence 425,>Random Sequence 425,1073,3890
>Random Sequence 426,>Random Sequence 426,1059,3944
>Random Sequence 427,>Random Sequence 427,1056,3951
>Random Sequence 428,>Random Sequence 428,1048,3980
>Random Sequence 429,>Random Sequence 429,1066,3982
>Random Sequence 430,>Random Sequence 430,1059,3978
>Random Sequence 431,>Random Sequence 431,1075,3975
>Random Sequence 432,>Random Sequence 432,1052,3983
>Random Sequence 433,>Random Sequence 433,1061,3985
>Random Sequence 434,>Random Sequence 434,1055,3962
>Random Sequence 435,>Random Sequence 435,1053,3911
>Random Sequence 436,>Random Sequence 436,1066,3969
>Random Sequence 437,>Random Sequence 437,1062,3976
>Random Sequence 438,>Random Sequence 438,1073,3978
>Random Sequence 439,>Random Sequence 439,1086,3997
>Random Sequence 440,>Random Sequence 440,1086,3948
>Random Sequence 441,>Random Sequence 441,1078,3949
>Random Sequence 442,>Random Sequence 442,1078,3922
>Random Sequence 443,>Random Sequence 443,1079,3965
>Random Sequence 444,>Random Sequence 444,1074,3977
>Random Sequence 445,>Random Sequence 445,1056,3933
>Random Sequence 446,>Random Sequence 446,1062,3984
>Random Sequence 447,>Random Sequence 447,1090,3927
>Random Sequence 448,>Random Sequence 448,1068,3863
>Random Sequence 449,>Random Sequence 449,1060,3989
>Random Sequence 450,>Random Sequence 450,1074,3987
>Random Sequence 451,>Random Sequence 451,1068,3949
>Random Sequence 452,>Random Sequence 452,1053,3923
>Random Sequence 453,>Random Sequence 453,1059,3988
>Random Sequence 454,>Random Sequence 454,1071,3973
>Random Sequence 455,>Random Sequence 455,1068,3974
>Random Sequence 456,>Random Sequence 456,1091,3955
>Random Sequence 457,>Random Sequence 457,1063,3984
>Random Sequence 458,>Random Sequence 458,1064,3984
>Random Sequence 459,>Random Sequence 459,1073,3981
>Random Sequence 460,>Random Sequence 460,1060,3901
>Random Sequence 461,>Random Sequence 461,1057,3991
>Random Sequence 462,>Random Sequence 462,1070,3972
>Random Sequence 463,>Random Sequence 463,1053,3888
>Random Sequence 464,>Random Sequence 464,1105,3919
>Random Sequence 465,>Random Sequence 465,1064,3943
>Random Sequence 466,>Random Sequence 466,1060,3872
>Random Sequence 467,>Random Sequence 467,1063,3920
>Random Sequence 468,>Random Sequence 468,1076,3960
>Random Sequence 469,>Random Sequence 469,1062,3974
>Random Sequence 470,>Random Sequence 470,1092,3988
>Random Sequence 471,>Random Sequence 471,1060,3974
>Random Sequence 472,>Random Sequence 472,1070,3989
>Random Sequence 473,>Random Sequence 473,1070,3974
>Random Sequence 474,>Random Sequence 474,1076,3987
>Random Sequence 475,>Random Sequence 475,1062,3925
>Random Sequence 476,>Random Sequence 476,1064,3931
>Random Sequence 477,>Random Sequence 477,1056,3959
>Random Sequence 478,>Random Sequence 478,1064,3983
>Random Sequence 479,>Random Sequence 479,1048,3900
>Random Sequence 480,>Random Sequence 480,1089,3909
>Random Sequence 481,>Random Sequence 481,1072,3998
>Random Sequence 482,>Random Sequence 482,1066,3976
>Random Sequence 483,>Random Sequence 483,1057,3983
>Random Sequence 484,>Random Sequence 484,1049,3972
>Random Sequence 485,>Random Sequence 485,1077,3991
>Random Sequence 486,>Random Sequence 486,1067,3988
>Random Sequence 487,>Random Sequence 487,1060,3951
>Random Sequence 488,>Random Sequence 488,1050,3895
>Random Sequence 489,>Random Sequence 489,1059,3971
>Random Sequence 490,>Random Sequence 490,1071,3935
>Random Sequence 491,>Random Sequence 491,1071,3993
>Random Sequence 492,>Random Sequence 492,1056,3969
>Random Sequence 493,>Random Sequence 493,1059,3984
>Random Sequence 494,>Random Sequence 494,1064,3933
>Random Sequence 495,>Random Sequence 495,1080,3962
>Random Sequence 496,>Random Sequence 496,1080,3984
>Random Sequence 497,>Random Sequence 497,1071,3980
>Random Sequence 498,>Random Sequence 498,1055,3959
>Random Sequence 499,>Random Sequence 499,1079,3915
>Random Sequence 500,>Random Sequence 500,1085,3935
