seq_from_file1,seq_from_file2,alignment_score,alignment_length
>Random Sequence 1,>Random Sequence 1,328,660
>Random Sequence 2,>Random Sequence 2,324,667
>Random Sequence 3,>Random Sequence 3,322,672
>Random Sequence 4,>Random Sequence 4,312,664
>Random Sequence 5,>Random Sequence 5,318,675
>Random Sequence 6,>Random Sequence 6,320,667
>Random Sequence 7,>Random Sequence 7,315,683
>Random Sequence 8,>Random Sequence 8,316,670
>Random Sequence 9,>Random Sequence 9,325,670
>Random Sequence 10,>Random Sequence 10,316,661
>Random Sequence 11,>Random Sequence 11,326,646
>Random Sequence 12,>Random Sequence 12,323,672
>Random Sequence 13,>Random Sequence 13,326,668
>Random Sequence 14,>Random Sequence 14,325,670
>Random Sequence 15,>Random Sequence 15,316,678
>Random Sequence 16,>Random Sequence 16,319,669
>Random Sequence 17,>Random Sequence 17,325,655
>Random Sequence 18,>Random Sequence 18,322,666
>Random Sequence 19,>Random Sequence 19,320,674
>Random Sequence 20,>Random Sequence 20,317,639
>Random Sequence 21,>Random Sequence 21,315,670
>Random Sequence 22,>Random Sequence 22,320,669
>Random Sequence 23,>Random Sequence 23,323,669
>Random Sequence 24,>Random Sequence 24,321,676
>Random Sequence 25,>Random Sequence 25,322,675
>Random Sequence 26,>Random Sequence 26,325,666
>Random Sequence 27,>Random Sequence 27,318,681
>Random Sequence 28,>Random Sequence 28,323,672
>Random Sequence 29,>Random Sequence 29,316,672
>Random Sequence 30,>Random Sequence 30,312,679
>Random Sequence 31,>Random Sequence 31,322,674
>Random Sequence 32,>Random Sequence 32,319,674
>Random Sequence 33,>Random Sequence 33,321,662
>Random Sequence 34,>Random Sequence 34,313,676
>Random Sequence 35,>Random Sequence 35,323,675
>Random Sequence 36,>Random Sequence 36,321,650
>Random Sequence 37,>Random Sequence 37,321,672
>Random Sequence 38,>Random Sequence 38,318,671
>Random Sequence 39,>Random Sequence 39,317,676
>Random Sequence 40,>Random Sequence 40,320,674
>Random Sequence 41,>Random Sequence 41,324,672
>Random Sequence 42,>Random Sequence 42,318,665
>Random Sequence 43,>Random Sequence 43,322,667
>Random Sequence 44,>Random Sequence 44,320,671
>Random Sequence 45,>Random Sequence 45,316,672
>Random Sequence 46,>Random Sequence 46,323,671
>Random Sequence 47,>Random Sequence 47,327,670
>Random Sequence 48,>Random Sequence 48,321,669
>Random Sequence 49,>Random Sequence 49,322,663
>Random Sequence 50,>Random Sequence 50,322,656
>Random Sequence 51,>Random Sequence 51,329,660
>Random Sequence 52,>Random Sequence 52,319,676
>Random Sequence 53,>Random Sequence 53,323,667
>Random Sequence 54,>Random Sequence 54,322,657
>Random Sequence 55,>Random Sequence 55,326,664
>Random Sequence 56,>Random Sequence 56,325,669
>Random Sequence 57,>Random Sequence 57,321,674
>Random Sequence 58,>Random Sequence 58,322,656
>Random Sequence 59,>Random Sequence 59,318,677
>Random Sequence 60,>Random Sequence 60,322,669
>Random Sequence 61,>Random Sequence 61,319,674
>Random Sequence 62,>Random Sequence 62,316,681
>Random Sequence 63,>Random Sequence 63,318,674
>Random Sequence 64,>Random Sequence 64,316,681
>Random Sequence 65,>Random Sequence 65,325,664
>Random Sequence 66,>Random Sequence 66,322,672
>Random Sequence 67,>Random Sequence 67,325,662
>Random Sequence 68,>Random Sequence 68,322,669
>Random Sequence 69,>Random Sequence 69,317,680
>Random Sequence 70,>Random Sequence 70,320,673
>Random Sequence 71,>Random Sequence 71,323,676
>Random Sequence 72,>Random Sequence 72,321,676
>Random Sequence 73,>Random Sequence 73,323,665
>Random Sequence 74,>Random Sequence 74,326,651
>Random Sequence 75,>Random Sequence 75,321,677
>Random Sequence 76,>Random Sequence 76,321,676
>Random Sequence 77,>Random Sequence 77,321,677
>Random Sequence 78,>Random Sequence 78,321,676
>Random Sequence 79,>Random Sequence 79,319,674
>Random Sequence 80,>Random Sequence 80,322,670
>Random Sequence 81,>Random Sequence 81,315,680
>Random Sequence 82,>Random Sequence 82,317,667
>Random Sequence 83,>Random Sequence 83,323,668
>Random Sequence 84,>Random Sequence 84,329,670
>Random Sequence 85,>Random Sequence 85,325,672
>Random Sequence 86,>Random Sequence 86,319,672
>Random Sequence 87,>Random Sequence 87,323,674
>Random Sequence 88,>Random Sequence 88,315,678
>Random Sequence 89,>Random Sequence 89,324,670
>Random Sequence 90,>Random Sequence 90,316,672
>Random Sequence 91,>Random Sequence 91,317,630
>Random Sequence 92,>Random Sequence 92,326,672
>Random Sequence 93,>Random Sequence 93,327,665
>Random Sequence 94,>Random Sequence 94,326,663
>Random Sequence 95,>Random Sequence 95,314,680
>Random Sequence 96,>Random Sequence 96,315,684
>Random Sequence 97,>Random Sequence 97,310,674
>Random Sequence 98,>Random Sequence 98,319,650
>Random Sequence 99,>Random Sequence 99,321,649
>Random Sequence 100,>Random Sequence 100,321,668
>Random Sequence 101,>Random Sequence 101,323,661
>Random Sequence 102,>Random Sequence 102,322,664
>Random Sequence 103,>Random Sequence 103,322,676
>Random Sequence 104,>Random Sequence 104,323,657
>Random Sequence 105,>Random Sequence 105,318,675
>Random Sequence 106,>Random Sequence 106,323,674
>Random Sequence 107,>Random Sequence 107,320,673
>Random Sequence 108,>Random Sequence 108,322,673
>Random Sequence 109,>Random Sequence 109,317,675
>Random Sequence 110,>Random Sequence 110,318,664
>Random Sequence 111,>Random Sequence 111,316,671
>Random Sequence 112,>Random Sequence 112,320,665
>Random Sequence 113,>Random Sequence 113,328,667
>Random Sequence 114,>Random Sequence 114,320,656
>Random Sequence 115,>Random Sequence 115,315,684
>Random Sequence 116,>Random Sequence 116,319,678
>Random Sequence 117,>Random Sequence 117,320,675
>Random Sequence 118,>Random Sequence 118,317,672
>Random Sequence 119,>Random Sequence 119,320,670
>Random Sequence 120,>Random Sequence 120,322,668
>Random Sequence 121,>Random Sequence 121,325,671
>Random Sequence 122,>Random Sequence 122,323,676
>Random Sequence 123,>Random Sequence 123,329,666
>Random Sequence 124,>Random Sequence 124,319,670
>Random Sequence 125,>Random Sequence 125,318,678
>Random Sequence 126,>Random Sequence 126,315,684
>Random Sequence 127,>Random Sequence 127,317,672
>Random Sequence 128,>Random Sequence 128,317,682
>Random Sequence 129,>Random Sequence 129,321,655
>Random Sequence 130,>Random Sequence 130,323,676
>Random Sequence 131,>Random Sequence 131,318,665
>Random Sequence 132,>Random Sequence 132,319,664
>Random Sequence 133,>Random Sequence 133,327,663
>Random Sequence 134,>Random Sequence 134,325,673
>Random Sequence 135,>Random Sequence 135,320,658
>Random Sequence 136,>Random Sequence 136,321,666
>Random Sequence 137,>Random Sequence 137,320,661
>Random Sequence 138,>Random Sequence 138,315,684
>Random Sequence 139,>Random Sequence 139,315,676
>Random Sequence 140,>Random Sequence 140,317,679
>Random Sequence 141,>Random Sequence 141,323,672
>Random Sequence 142,>Random Sequence 142,327,651
>Random Sequence 143,>Random Sequence 143,319,679
>Random Sequence 144,>Random Sequence 144,326,671
>Random Sequence 145,>Random Sequence 145,313,682
>Random Sequence 146,>Random Sequence 146,319,680
>Random Sequence 147,>Random Sequence 147,315,676
>Random Sequence 148,>Random Sequence 148,319,680
>Random Sequence 149,>Random Sequence 149,320,667
>Random Sequence 150,>Random Sequence 150,320,674
>Random Sequence 151,>Random Sequence 151,321,669
>Random Sequence 152,>Random Sequence 152,326,663
>Random Sequence 153,>Random Sequence 153,327,667
>Random Sequence 154,>Random Sequence 154,317,680
>Random Sequence 155,>Random Sequence 155,323,637
>Random Sequence 156,>Random Sequence 156,323,672
>Random Sequence 157,>Random Sequence 157,320,667
>Random Sequence 158,>Random Sequence 158,318,678
>Random Sequence 159,>Random Sequence 159,327,672
>Random Sequence 160,>Random Sequence 160,321,669
>Random Sequence 161,>Random Sequence 161,328,671
>Random Sequence 162,>Random Sequence 162,324,668
>Random Sequence 163,>Random Sequence 163,326,667
>Random Sequence 164,>Random Sequence 164,319,677
>Random Sequence 165,>Random Sequence 165,327,652
>Random Sequence 166,>Random Sequence 166,324,670
>Random Sequence 167,>Random Sequence 167,325,670
>Random Sequence 168,>Random Sequence 168,314,678
>Random Sequence 169,>Random Sequence 169,322,673
>Random Sequence 170,>Random Sequence 170,323,662
>Random Sequence 171,>Random Sequence 171,324,673
>Random Sequence 172,>Random Sequence 172,318,676
>Random Sequence 173,>Random Sequence 173,316,665
>Random Sequence 174,>Random Sequence 174,323,666
>Random Sequence 175,>Random Sequence 175,323,669
>Random Sequence 176,>Random Sequence 176,323,676
>Random Sequence 177,>Random Sequence 177,322,677
>Random Sequence 178,>Random Sequence 178,326,656
>Random Sequence 179,>Random Sequence 179,323,668
>Random Sequence 180,>Random Sequence 180,323,665
>Random Sequence 181,>Random Sequence 181,312,683
>Random Sequence 182,>Random Sequence 182,323,671
>Random Sequence 183,>Random Sequence 183,323,676
>Random Sequence 184,>Random Sequence 184,320,677
>Random Sequence 185,>Random Sequence 185,320,679
>Random Sequence 186,>Random Sequence 186,325,668
>Random Sequence 187,>Random Sequence 187,317,664
>Random Sequence 188,>Random Sequence 188,320,671
>Random Sequence 189,>Random Sequence 189,322,675
>Random Sequence 190,>Random Sequence 190,323,675
>Random Sequence 191,>Random Sequence 191,313,672
>Random Sequence 192,>Random Sequence 192,316,683
>Random Sequence 193,>Random Sequence 193,320,660
>Random Sequence 194,>Random Sequence 194,328,665
>Random Sequence 195,>Random Sequence 195,322,663
>Random Sequence 196,>Random Sequence 196,319,674
>Random Sequence 197,>Random Sequence 197,325,674
>Random Sequence 198,>Random Sequence 198,321,673
>Random Sequence 199,>Random Sequence 199,316,674
>Random Sequence 200,>Random Sequence 200,321,661
>Random Sequence 201,>Random Sequence 201,323,667
>Random Sequence 202,>Random Sequence 202,320,675
>Random Sequence 203,>Random Sequence 203,319,665
>Random Sequence 204,>Random Sequence 204,322,668
>Random Sequence 205,>Random Sequence 205,309,686
>Random Sequence 206,>Random Sequence 206,323,653
>Random Sequence 207,>Random Sequence 207,322,673
>Random Sequence 208,>Random Sequence 208,313,662
>Random Sequence 209,>Random Sequence 209,321,673
>Random Sequence 210,>Random Sequence 210,324,666
>Random Sequence 211,>Random Sequence 211,325,662
>Random Sequence 212,>Random Sequence 212,326,664
>Random Sequence 213,>Random Sequence 213,317,673
>Random Sequence 214,>Random Sequence 214,322,667
>Random Sequence 215,>Random Sequence 215,319,676
>Random Sequence 216,>Random Sequence 216,320,663
>Random Sequence 217,>Random Sequence 217,322,676
>Random Sequence 218,>Random Sequence 218,318,647
>Random Sequence 219,>Random Sequence 219,324,661
>Random Sequence 220,>Random Sequence 220,319,680
>Random Sequence 221,>Random Sequence 221,314,683
>Random Sequence 222,>Random Sequence 222,321,667
>Random Sequence 223,>Random Sequence 223,317,673
>Random Sequence 224,>Random Sequence 224,325,670
>Random Sequence 225,>Random Sequence 225,317,678
>Random Sequence 226,>Random Sequence 226,320,672
>Random Sequence 227,>Random Sequence 227,320,666
>Random Sequence 228,>Random Sequence 228,320,677
>Random Sequence 229,>Random Sequence 229,323,666
>Random Sequence 230,>Random Sequence 230,322,659
>Random Sequence 231,>Random Sequence 231,323,674
>Random Sequence 232,>Random Sequence 232,324,672
>Random Sequence 233,>Random Sequence 233,321,672
>Random Sequence 234,>Random Sequence 234,322,655
>Random Sequence 235,>Random Sequence 235,318,677
>Random Sequence 236,>Random Sequence 236,321,678
>Random Sequence 237,>Random Sequence 237,334,655
>Random Sequence 238,>Random Sequence 238,315,682
>Random Sequence 239,>Random Sequence 239,321,673
>Random Sequence 240,>Random Sequence 240,326,657
>Random Sequence 241,>Random Sequence 241,319,656
>Random Sequence 242,>Random Sequence 242,326,668
>Random Sequence 243,>Random Sequence 243,323,661
>Random Sequence 244,>Random Sequence 244,318,673
>Random Sequence 245,>Random Sequence 245,319,678
>Random Sequence 246,>Random Sequence 246,318,678
>Random Sequence 247,>Random Sequence 247,318,679
>Random Sequence 248,>Random Sequence 248,316,673
>Random Sequence 249,>Random Sequence 249,323,662
>Random Sequence 250,>Random Sequence 250,320,676
>Random Sequence 251,>Random Sequence 251,323,654
>Random Sequence 252,>Random Sequence 252,320,673
>Random Sequence 253,>Random Sequence 253,319,671
>Random Sequence 254,>Random Sequence 254,318,673
>Random Sequence 255,>Random Sequence 255,322,648
>Random Sequence 256,>Random Sequence 256,318,666
>Random Sequence 257,>Random Sequence 257,322,671
>Random Sequence 258,>Random Sequence 258,318,667
>Random Sequence 259,>Random Sequence 259,324,668
>Random Sequence 260,>Random Sequence 260,318,658
>Random Sequence 261,>Random Sequence 261,317,662
>Random Sequence 262,>Random Sequence 262,318,669
>Random Sequence 263,>Random Sequence 263,319,675
>Random Sequence 264,>Random Sequence 264,326,661
>Random Sequence 265,>Random Sequence 265,316,659
>Random Sequence 266,>Random Sequence 266,319,676
>Random Sequence 267,>Random Sequence 267,328,658
>Random Sequence 268,>Random Sequence 268,320,679
>Random Sequence 269,>Random Sequence 269,323,676
>Random Sequence 270,>Random Sequence 270,324,675
>Random Sequence 271,>Random Sequence 271,321,677
>Random Sequence 272,>Random Sequence 272,319,664
>Random Sequence 273,>Random Sequence 273,313,677
>Random Sequence 274,>Random Sequence 274,306,685
>Random Sequence 275,>Random Sequence 275,323,670
>Random Sequence 276,>Random Sequence 276,318,674
>Random Sequence 277,>Random Sequence 277,317,678
>Random Sequence 278,>Random Sequence 278,322,663
>Random Sequence 279,>Random Sequence 279,326,666
>Random Sequence 280,>Random Sequence 280,319,674
>Random Sequence 281,>Random Sequence 281,319,672
>Random Sequence 282,>Random Sequence 282,319,676
>Random Sequence 283,>Random Sequence 283,321,666
>Random Sequence 284,>Random Sequence 284,324,664
>Random Sequence 285,>Random Sequence 285,329,662
>Random Sequence 286,>Random Sequence 286,318,681
>Random Sequence 287,>Random Sequence 287,325,668
>Random Sequence 288,>Random Sequence 288,317,680
>Random Sequence 289,>Random Sequence 289,324,669
>Random Sequence 290,>Random Sequence 290,315,678
>Random Sequence 291,>Random Sequence 291,326,667
>Random Sequence 292,>Random Sequence 292,324,661
>Random Sequence 293,>Random Sequence 293,324,666
>Random Sequence 294,>Random Sequence 294,325,649
>Random Sequence 295,>Random Sequence 295,324,648
>Random Sequence 296,>Random Sequence 296,322,675
>Random Sequence 297,>Random Sequence 297,323,650
>Random Sequence 298,>Random Sequence 298,319,667
>Random Sequence 299,>Random Sequence 299,324,666
>Random Sequence 300,>Random Sequence 300,322,673
>Random Sequence 301,>Random Sequence 301,319,676
>Random Sequence 302,>Random Sequence 302,323,675
>Random Sequence 303,>Random Sequence 303,320,675
>Random Sequence 304,>Random Sequence 304,317,659
>Random Sequence 305,>Random Sequence 305,318,675
>Random Sequence 306,>Random Sequence 306,320,674
>Random Sequence 307,>Random Sequence 307,314,676
>Random Sequence 308,>Random Sequence 308,326,669
>Random Sequence 309,>Random Sequence 309,321,665
>Random Sequence 310,>Random Sequence 310,329,662
>Random Sequence 311,>Random Sequence 311,320,671
>Random Sequence 312,>Random Sequence 312,321,678
>Random Sequence 313,>Random Sequence 313,319,663
>Random Sequence 314,>Random Sequence 314,317,682
>Random Sequence 315,>Random Sequence 315,321,672
>Random Sequence 316,>Random Sequence 316,320,679
>Random Sequence 317,>Random Sequence 317,323,651
>Random Sequence 318,>Random Sequence 318,324,669
>Random Sequence 319,>Random Sequence 319,324,668
>Random Sequence 320,>Random Sequence 320,320,679
>Random Sequence 321,>Random Sequence 321,324,668
>Random Sequence 322,>Random Sequence 322,323,655
>Random Sequence 323,>Random Sequence 323,317,677
>Random Sequence 324,>Random Sequence 324,318,675
>Random Sequence 325,>Random Sequence 325,317,680
>Random Sequence 326,>Random Sequence 326,311,681
>Random Sequence 327,>Random Sequence 327,317,672
>Random Sequence 328,>Random Sequence 328,321,676
>Random Sequence 329,>Random Sequence 329,320,645
>Random Sequence 330,>Random Sequence 330,319,680
>Random Sequence 331,>Random Sequence 331,322,675
>Random Sequence 332,>Random Sequence 332,317,663
>Random Sequence 333,>Random Sequence 333,321,661
>Random Sequence 334,>Random Sequence 334,325,672
>Random Sequence 335,>Random Sequence 335,322,653
>Random Sequence 336,>Random Sequence 336,325,658
>Random Sequence 337,>Random Sequence 337,325,673
>Random Sequence 338,>Random Sequence 338,316,654
>Random Sequence 339,>Random Sequence 339,319,669
>Random Sequence 340,>Random Sequence 340,318,669
>Random Sequence 341,>Random Sequence 341,325,674
>Random Sequence 342,>Random Sequence 342,316,678
>Random Sequence 343,>Random Sequence 343,321,661
>Random Sequence 344,>Random Sequence 344,315,664
>Random Sequence 345,>Random Sequence 345,326,673
>Random Sequence 346,>Random Sequence 346,318,662
>Random Sequence 347,>Random Sequence 347,324,667
>Random Sequence 348,>Random Sequence 348,322,677
>Random Sequence 349,>Random Sequence 349,321,677
>Random Sequence 350,>Random Sequence 350,318,673
>Random Sequence 351,>Random Sequence 351,317,681
>Random Sequence 352,>Random Sequence 352,316,682
>Random Sequence 353,>Random Sequence 353,317,682
>Random Sequence 354,>Random Sequence 354,319,670
>Random Sequence 355,>Random Sequence 355,321,673
>Random Sequence 356,>Random Sequence 356,323,668
>Random Sequence 357,>Random Sequence 357,319,671
>Random Sequence 358,>Random Sequence 358,318,674
>Random Sequence 359,>Random Sequence 359,324,657
>Random Sequence 360,>Random Sequence 360,314,677
>Random Sequence 361,>Random Sequence 361,326,665
>Random Sequence 362,>Random Sequence 362,319,671
>Random Sequence 363,>Random Sequence 363,327,670
>Random Sequence 364,>Random Sequence 364,323,672
>Random Sequence 365,>Random Sequence 365,324,668
>Random Sequence 366,>Random Sequence 366,322,647
>Random Sequence 367,>Random Sequence 367,320,675
>Random Sequence 368,>Random Sequence 368,320,669
>Random Sequence 369,>Random Sequence 369,323,666
>Random Sequence 370,>Random Sequence 370,322,674
>Random Sequence 371,>Random Sequence 371,320,659
>Random Sequence 372,>Random Sequence 372,322,664
>Random Sequence 373,>Random Sequence 373,326,673
>Random Sequence 374,>Random Sequence 374,318,680
>Random Sequence 375,>Random Sequence 375,326,664
>Random Sequence 376,>Random Sequence 376,321,665
>Random Sequence 377,>Random Sequence 377,323,668
>Random Sequence 378,>Random Sequence 378,320,672
>Random Sequence 379,>Random Sequence 379,322,668
>Random Sequence 380,>Random Sequence 380,323,668
>Random Sequence 381,>Random Sequence 381,318,676
>Random Sequence 382,>Random Sequence 382,317,672
>Random Sequence 383,>Random Sequence 383,319,671
>Random Sequence 384,>Random Sequence 384,326,659
>Random Sequence 385,>Random Sequence 385,322,673
>Random Sequence 386,>Random Sequence 386,325,663
>Random Sequence 387,>Random Sequence 387,318,675
>Random Sequence 388,>Random Sequence 388,315,681
>Random Sequence 389,>Random Sequence 389,321,672
>Random Sequence 390,>Random Sequence 390,322,661
>Random Sequence 391,>Random Sequence 391,316,675
>Random Sequence 392,>Random Sequence 392,320,670
>Random Sequence 393,>Random Sequence 393,331,660
>Random Sequence 394,>Random Sequence 394,319,661
>Random Sequence 395,>Random Sequence 395,321,665
>Random Sequence 396,>Random Sequence 396,319,670
>Random Sequence 397,>Random Sequence 397,319,670
>Random Sequence 398,>Random Sequence 398,319,677
>Random Sequence 399,>Random Sequence 399,320,677
>Random Sequence 400,>Random Sequence 400,313,686
>Random Sequence 401,>Random Sequence 401,322,675
>Random Sequence 402,>Random Sequence 402,318,675
>Random Sequence 403,>Random Sequence 403,320,677
>Random Sequence 404,>Random Sequence 404,320,673
>Random Sequence 405,>Random Sequence 405,329,654
>Random Sequence 406,>Random Sequence 406,315,684
>Random Sequence 407,>Random Sequence 407,317,680
>Random Sequence 408,>Random Sequence 408,317,672
>Random Sequence 409,>Random Sequence 409,317,670
>Random Sequence 410,>Random Sequence 410,323,672
>Random Sequence 411,>Random Sequence 411,317,664
>Random Sequence 412,>Random Sequence 412,321,666
>Random Sequence 413,>Random Sequence 413,322,668
>Random Sequence 414,>Random Sequence 414,316,683
>Random Sequence 415,>Random Sequence 415,325,671
>Random Sequence 416,>Random Sequence 416,320,676
>Random Sequence 417,>Random Sequence 417,327,672
>Random Sequence 418,>Random Sequence 418,320,656
>Random Sequence 419,>Random Sequence 419,323,671
>Random Sequence 420,>Random Sequence 420,318,678
>Random Sequence 421,>Random Sequence 421,322,677
>Random Sequence 422,>Random Sequence 422,321,676
>Random Sequence 423,>Random Sequence 423,311,632
>Random Sequence 424,>Random Sequence 424,318,679
>Random Sequence 425,>Random Sequence 425,322,668
>Random Sequence 426,>Random Sequence 426,326,659
>Random Sequence 427,>Random Sequence 427,320,669
>Random Sequence 428,>Random Sequence 428,320,670
>Random Sequence 429,>Random Sequence 429,318,671
>Random Sequence 430,>Random Sequence 430,320,676
>Random Sequence 431,>Random Sequence 431,317,667
>Random Sequence 432,>Random Sequence 432,317,680
>Random Sequence 433,>Random Sequence 433,316,672
>Random Sequence 434,>Random Sequence 434,320,666
>Random Sequence 435,>Random Sequence 435,324,672
>Random Sequence 436,>Random Sequence 436,319,673
>Random Sequence 437,>Random Sequence 437,322,673
>Random Sequence 438,>Random Sequence 438,322,661
>Random Sequence 439,>Random Sequence 439,323,670
>Random Sequence 440,>Random Sequence 440,324,675
>Random Sequence 441,>Random Sequence 441,317,669
>Random Sequence 442,>Random Sequence 442,315,677
>Random Sequence 443,>Random Sequence 443,321,670
>Random Sequence 444,>Random Sequence 444,321,674
>Random Sequence 445,>Random Sequence 445,324,669
>Random Sequence 446,>Random Sequence 446,320,667
>Random Sequence 447,>Random Sequence 447,320,673
>Random Sequence 448,>Random Sequence 448,320,677
>Random Sequence 449,>Random Sequence 449,322,675
>Random Sequence 450,>Random Sequence 450,318,671
>Random Sequence 451,>Random Sequence 451,319,674
>Random Sequence 452,>Random Sequence 452,320,677
>Random Sequence 453,>Random Sequence 453,321,676
>Random Sequence 454,>Random Sequence 454,322,675
>Random Sequence 455,>Random Sequence 455,321,666
>Random Sequence 456,>Random Sequence 456,325,661
>Random Sequence 457,>Random Sequence 457,322,667
>Random Sequence 458,>Random Sequence 458,318,679
>Random Sequence 459,>Random Sequence 459,320,677
>Random Sequence 460,>Random Sequence 460,327,672
>Random Sequence 461,>Random Sequence 461,317,675
>Random Sequence 462,>Random Sequence 462,318,676
>Random Sequence 463,>Random Sequence 463,313,669
>Random Sequence 464,>Random Sequence 464,318,679
>Random Sequence 465,>Random Sequence 465,326,662
>Random Sequence 466,>Random Sequence 466,322,673
>Random Sequence 467,>Random Sequence 467,312,679
>Random Sequence 468,>Random Sequence 468,329,657
>Random Sequence 469,>Random Sequence 469,320,669
>Random Sequence 470,>Random Sequence 470,325,671
>Random Sequence 471,>Random Sequence 471,322,671
>Random Sequence 472,>Random Sequence 472,318,676
>Random Sequence 473,>Random Sequence 473,320,677
>Random Sequence 474,>Random Sequence 474,325,674
>Random Sequence 475,>Random Sequence 475,324,675
>Random Sequence 476,>Random Sequence 476,322,676
>Random Sequence 477,>Random Sequence 477,322,670
>Random Sequence 478,>Random Sequence 478,322,673
>Random Sequence 479,>Random Sequence 479,322,677
>Random Sequence 480,>Random Sequence 480,321,666
>Random Sequence 481,>Random Sequence 481,327,665
>Random Sequence 482,>Random Sequence 482,318,680
>Random Sequence 483,>Random Sequence 483,318,674
>Random Sequence 484,>Random Sequence 484,318,669
>Random Sequence 485,>Random Sequence 485,321,666
>Random Sequence 486,>Random Sequence 486,319,679
>Random Sequence 487,>Random Sequence 487,327,666
>Random Sequence 488,>Random Sequence 488,317,665
>Random Sequence 489,>Random Sequence 489,319,666
>Random Sequence 490,>Random Sequence 490,318,657
>Random Sequence 491,>Random Sequence 491,315,682
>Random Sequence 492,>Random Sequence 492,319,657
>Random Sequence 493,>Random Sequence 493,322,669
>Random Sequence 494,>Random Sequence 494,318,658
>Random Sequence 495,>Random Sequence 495,319,660
>Random Sequence 496,>Random Sequence 496,321,658
>Random Sequence 497,>Random Sequence 497,320,674
>Random Sequence 498,>Random Sequence 498,324,653
>Random Sequence 499,>Random Sequence 499,319,680
>Random Sequence 500,>Random Sequence 500,320,674
>Random Sequence 501,>Random Sequence 501,324,669
>Random Sequence 502,>Random Sequence 502,321,675
>Random Sequence 503,>Random Sequence 503,321,670
>Random Sequence 504,>Random Sequence 504,312,674
>Random Sequence 505,>Random Sequence 505,316,673
>Random Sequence 506,>Random Sequence 506,322,671
>Random Sequence 507,>Random Sequence 507,318,681
>Random Sequence 508,>Random Sequence 508,318,669
>Random Sequence 509,>Random Sequence 509,327,665
>Random Sequence 510,>Random Sequence 510,315,682
>Random Sequence 511,>Random Sequence 511,318,664
>Random Sequence 512,>Random Sequence 512,322,674
>Random Sequence 513,>Random Sequence 513,326,665
>Random Sequence 514,>Random Sequence 514,318,680
>Random Sequence 515,>Random Sequence 515,325,670
>Random Sequence 516,>Random Sequence 516,320,675
>Random Sequence 517,>Random Sequence 517,317,671
>Random Sequence 518,>Random Sequence 518,313,686
>Random Sequence 519,>Random Sequence 519,318,672
>Random Sequence 520,>Random Sequence 520,320,676
>Random Sequence 521,>Random Sequence 521,326,669
>Random Sequence 522,>Random Sequence 522,318,677
>Random Sequence 523,>Random Sequence 523,321,674
>Random Sequence 524,>Random Sequence 524,321,675
>Random Sequence 525,>Random Sequence 525,322,677
>Random Sequence 526,>Random Sequence 526,318,681
>Random Sequence 527,>Random Sequence 527,322,675
>Random Sequence 528,>Random Sequence 528,323,676
>Random Sequence 529,>Random Sequence 529,321,670
>Random Sequence 530,>Random Sequence 530,318,681
>Random Sequence 531,>Random Sequence 531,318,676
>Random Sequence 532,>Random Sequence 532,319,680
>Random Sequence 533,>Random Sequence 533,324,667
>Random Sequence 534,>Random Sequence 534,322,668
>Random Sequence 535,>Random Sequence 535,317,680
>Random Sequence 536,>Random Sequence 536,325,663
>Random Sequence 537,>Random Sequence 537,318,677
>Random Sequence 538,>Random Sequence 538,320,660
>Random Sequence 539,>Random Sequence 539,315,676
>Random Sequence 540,>Random Sequence 540,322,657
>Random Sequence 541,>Random Sequence 541,314,677
>Random Sequence 542,>Random Sequence 542,324,673
>Random Sequence 543,>Random Sequence 543,321,671
>Random Sequence 544,>Random Sequence 544,315,680
>Random Sequence 545,>Random Sequence 545,325,662
>Random Sequence 546,>Random Sequence 546,318,676
>Random Sequence 547,>Random Sequence 547,320,673
>Random Sequence 548,>Random Sequence 548,318,677
>Random Sequence 549,>Random Sequence 549,320,675
>Random Sequence 550,>Random Sequence 550,314,678
>Random Sequence 551,>Random Sequence 551,324,662
>Random Sequence 552,>Random Sequence 552,329,665
>Random Sequence 553,>Random Sequence 553,318,677
>Random Sequence 554,>Random Sequence 554,328,658
>Random Sequence 555,>Random Sequence 555,322,671
>Random Sequence 556,>Random Sequence 556,321,677
>Random Sequence 557,>Random Sequence 557,318,677
>Random Sequence 558,>Random Sequence 558,316,651
>Random Sequence 559,>Random Sequence 559,317,675
>Random Sequence 560,>Random Sequence 560,319,677
>Random Sequence 561,>Random Sequence 561,317,670
>Random Sequence 562,>Random Sequence 562,326,671
>Random Sequence 563,>Random Sequence 563,326,668
>Random Sequence 564,>Random Sequence 564,314,667
>Random Sequence 565,>Random Sequence 565,320,672
>Random Sequence 566,>Random Sequence 566,320,675
>Random Sequence 567,>Random Sequence 567,322,669
>Random Sequence 568,>Random Sequence 568,324,673
>Random Sequence 569,>Random Sequence 569,320,666
>Random Sequence 570,>Random Sequence 570,323,663
>Random Sequence 571,>Random Sequence 571,321,674
>Random Sequence 572,>Random Sequence 572,318,668
>Random Sequence 573,>Random Sequence 573,317,667
>Random Sequence 574,>Random Sequence 574,315,678
>Random Sequence 575,>Random Sequence 575,321,677
>Random Sequence 576,>Random Sequence 576,323,667
>Random Sequence 577,>Random Sequence 577,320,670
>Random Sequence 578,>Random Sequence 578,321,674
>Random Sequence 579,>Random Sequence 579,313,679
>Random Sequence 580,>Random Sequence 580,312,683
>Random Sequence 581,>Random Sequence 581,320,667
>Random Sequence 582,>Random Sequence 582,325,665
>Random Sequence 583,>Random Sequence 583,321,677
>Random Sequence 584,>Random Sequence 584,320,660
>Random Sequence 585,>Random Sequence 585,324,672
>Random Sequence 586,>Random Sequence 586,328,649
>Random Sequence 587,>Random Sequence 587,322,666
>Random Sequence 588,>Random Sequence 588,324,660
>Random Sequence 589,>Random Sequence 589,316,673
>Random Sequence 590,>Random Sequence 590,315,680
>Random Sequence 591,>Random Sequence 591,325,672
>Random Sequence 592,>Random Sequence 592,317,681
>Random Sequence 593,>Random Sequence 593,329,665
>Random Sequence 594,>Random Sequence 594,319,680
>Random Sequence 595,>Random Sequence 595,323,673
>Random Sequence 596,>Random Sequence 596,322,673
>Random Sequence 597,>Random Sequence 597,316,675
>Random Sequence 598,>Random Sequence 598,315,680
>Random Sequence 599,>Random Sequence 599,312,680
>Random Sequence 600,>Random Sequence 600,318,677
>Random Sequence 601,>Random Sequence 601,323,664
>Random Sequence 602,>Random Sequence 602,317,680
>Random Sequence 603,>Random Sequence 603,323,672
>Random Sequence 604,>Random Sequence 604,324,671
>Random Sequence 605,>Random Sequence 605,322,673
>Random Sequence 606,>Random Sequence 606,322,668
>Random Sequence 607,>Random Sequence 607,315,680
>Random Sequence 608,>Random Sequence 608,322,675
>Random Sequence 609,>Random Sequence 609,320,666
>Random Sequence 610,>Random Sequence 610,318,659
>Random Sequence 611,>Random Sequence 611,319,668
>Random Sequence 612,>Random Sequence 612,324,661
>Random Sequence 613,>Random Sequence 613,320,674
>Random Sequence 614,>Random Sequence 614,319,669
>Random Sequence 615,>Random Sequence 615,322,672
>Random Sequence 616,>Random Sequence 616,327,652
>Random Sequence 617,>Random Sequence 617,322,673
>Random Sequence 618,>Random Sequence 618,312,683
>Random Sequence 619,>Random Sequence 619,315,682
>Random Sequence 620,>Random Sequence 620,322,669
>Random Sequence 621,>Random Sequence 621,324,659
>Random Sequence 622,>Random Sequence 622,317,665
>Random Sequence 623,>Random Sequence 623,325,665
>Random Sequence 624,>Random Sequence 624,320,676
>Random Sequence 625,>Random Sequence 625,317,662
>Random Sequence 626,>Random Sequence 626,314,682
>Random Sequence 627,>Random Sequence 627,317,666
>Random Sequence 628,>Random Sequence 628,324,671
>Random Sequence 629,>Random Sequence 629,319,678
>Random Sequence 630,>Random Sequence 630,320,677
>Random Sequence 631,>Random Sequence 631,323,674
>Random Sequence 632,>Random Sequence 632,320,657
>Random Sequence 633,>Random Sequence 633,321,670
>Random Sequence 634,>Random Sequence 634,317,672
>Random Sequence 635,>Random Sequence 635,319,671
>Random Sequence 636,>Random Sequence 636,329,666
>Random Sequence 637,>Random Sequence 637,320,658
>Random Sequence 638,>Random Sequence 638,318,670
>Random Sequence 639,>Random Sequence 639,323,653
>Random Sequence 640,>Random Sequence 640,319,675
>Random Sequence 641,>Random Sequence 641,318,675
>Random Sequence 642,>Random Sequence 642,319,675
>Random Sequence 643,>Random Sequence 643,326,669
>Random Sequence 644,>Random Sequence 644,313,677
>Random Sequence 645,>Random Sequence 645,325,662
>Random Sequence 646,>Random Sequence 646,324,675
>Random Sequence 647,>Random Sequence 647,321,676
>Random Sequence 648,>Random Sequence 648,317,672
>Random Sequence 649,>Random Sequence 649,315,672
>Random Sequence 650,>Random Sequence 650,319,665
>Random Sequence 651,>Random Sequence 651,317,671
>Random Sequence 652,>Random Sequence 652,323,659
>Random Sequence 653,>Random Sequence 653,325,672
>Random Sequence 654,>Random Sequence 654,321,672
>Random Sequence 655,>Random Sequence 655,324,668
>Random Sequence 656,>Random Sequence 656,316,679
>Random Sequence 657,>Random Sequence 657,323,672
>Random Sequence 658,>Random Sequence 658,324,665
>Random Sequence 659,>Random Sequence 659,321,673
>Random Sequence 660,>Random Sequence 660,318,680
>Random Sequence 661,>Random Sequence 661,321,678
>Random Sequence 662,>Random Sequence 662,316,658
>Random Sequence 663,>Random Sequence 663,318,674
>Random Sequence 664,>Random Sequence 664,319,672
>Random Sequence 665,>Random Sequence 665,318,679
>Random Sequence 666,>Random Sequence 666,324,673
>Random Sequence 667,>Random Sequence 667,325,674
>Random Sequence 668,>Random Sequence 668,327,661
>Random Sequence 669,>Random Sequence 669,323,671
>Random Sequence 670,>Random Sequence 670,318,675
>Random Sequence 671,>Random Sequence 671,314,669
>Random Sequence 672,>Random Sequence 672,325,672
>Random Sequence 673,>Random Sequence 673,327,672
>Random Sequence 674,>Random Sequence 674,325,653
>Random Sequence 675,>Random Sequence 675,321,675
>Random Sequence 676,>Random Sequence 676,315,677
>Random Sequence 677,>Random Sequence 677,322,677
>Random Sequence 678,>Random Sequence 678,313,667
>Random Sequence 679,>Random Sequence 679,319,673
>Random Sequence 680,>Random Sequence 680,320,671
>Random Sequence 681,>Random Sequence 681,322,667
>Random Sequence 682,>Random Sequence 682,325,669
>Random Sequence 683,>Random Sequence 683,327,667
>Random Sequence 684,>Random Sequence 684,326,671
>Random Sequence 685,>Random Sequence 685,317,665
>Random Sequence 686,>Random Sequence 686,325,667
>Random Sequence 687,>Random Sequence 687,320,677
>Random Sequence 688,>Random Sequence 688,316,668
>Random Sequence 689,>Random Sequence 689,320,677
>Random Sequence 690,>Random Sequence 690,319,664
>Random Sequence 691,>Random Sequence 691,311,674
>Random Sequence 692,>Random Sequence 692,318,675
>Random Sequence 693,>Random Sequence 693,320,671
>Random Sequence 694,>Random Sequence 694,321,669
>Random Sequence 695,>Random Sequence 695,316,678
>Random Sequence 696,>Random Sequence 696,318,674
>Random Sequence 697,>Random Sequence 697,324,657
>Random Sequence 698,>Random Sequence 698,321,671
>Random Sequence 699,>Random Sequence 699,324,664
>Random Sequence 700,>Random Sequence 700,324,662
>Random Sequence 701,>Random Sequence 701,319,661
>Random Sequence 702,>Random Sequence 702,317,679
>Random Sequence 703,>Random Sequence 703,324,665
>Random Sequence 704,>Random Sequence 704,320,658
>Random Sequence 705,>Random Sequence 705,322,668
>Random Sequence 706,>Random Sequence 706,327,663
>Random Sequence 707,>Random Sequence 707,318,680
>Random Sequence 708,>Random Sequence 708,323,670
>Random Sequence 709,>Random Sequence 709,323,669
>Random Sequence 710,>Random Sequence 710,321,676
>Random Sequence 711,>Random Sequence 711,320,674
>Random Sequence 712,>Random Sequence 712,325,665
>Random Sequence 713,>Random Sequence 713,316,676
>Random Sequence 714,>Random Sequence 714,321,662
>Random Sequence 715,>Random Sequence 715,323,672
>Random Sequence 716,>Random Sequence 716,323,661
>Random Sequence 717,>Random Sequence 717,322,666
>Random Sequence 718,>Random Sequence 718,319,668
>Random Sequence 719,>Random Sequence 719,321,666
>Random Sequence 720,>Random Sequence 720,317,682
>Random Sequence 721,>Random Sequence 721,317,671
>Random Sequence 722,>Random Sequence 722,322,668
>Random Sequence 723,>Random Sequence 723,329,663
>Random Sequence 724,>Random Sequence 724,314,666
>Random Sequence 725,>Random Sequence 725,325,674
>Random Sequence 726,>Random Sequence 726,316,663
>Random Sequence 727,>Random Sequence 727,325,666
>Random Sequence 728,>Random Sequence 728,329,667
>Random Sequence 729,>Random Sequence 729,320,670
>Random Sequence 730,>Random Sequence 730,319,671
>Random Sequence 731,>Random Sequence 731,313,678
>Random Sequence 732,>Random Sequence 732,319,679
>Random Sequence 733,>Random Sequence 733,322,674
>Random Sequence 734,>Random Sequence 734,321,667
>Random Sequence 735,>Random Sequence 735,318,658
>Random Sequence 736,>Random Sequence 736,319,651
>Random Sequence 737,>Random Sequence 737,321,676
>Random Sequence 738,>Random Sequence 738,323,671
>Random Sequence 739,>Random Sequence 739,322,660
>Random Sequence 740,>Random Sequence 740,311,666
>Random Sequence 741,>Random Sequence 741,318,661
>Random Sequence 742,>Random Sequence 742,316,677
>Random Sequence 743,>Random Sequence 743,313,675
>Random Sequence 744,>Random Sequence 744,318,675
>Random Sequence 745,>Random Sequence 745,318,677
>Random Sequence 746,>Random Sequence 746,318,677
>Random Sequence 747,>Random Sequence 747,320,671
>Random Sequence 748,>Random Sequence 748,317,676
>Random Sequence 749,>Random Sequence 749,319,671
>Random Sequence 750,>Random Sequence 750,320,672
>Random Sequence 751,>Random Sequence 751,315,681
>Random Sequence 752,>Random Sequence 752,320,650
>Random Sequence 753,>Random Sequence 753,318,679
>Random Sequence 754,>Random Sequence 754,321,664
>Random Sequence 755,>Random Sequence 755,321,661
>Random Sequence 756,>Random Sequence 756,319,662
>Random Sequence 757,>Random Sequence 757,325,664
>Random Sequence 758,>Random Sequence 758,318,678
>Random Sequence 759,>Random Sequence 759,323,660
>Random Sequence 760,>Random Sequence 760,314,661
>Random Sequence 761,>Random Sequence 761,320,674
>Random Sequence 762,>Random Sequence 762,320,672
>Random Sequence 763,>Random Sequence 763,320,672
>Random Sequence 764,>Random Sequence 764,322,676
>Random Sequence 765,>Random Sequence 765,321,673
>Random Sequence 766,>Random Sequence 766,322,667
>Random Sequence 767,>Random Sequence 767,322,674
>Random Sequence 768,>Random Sequence 768,324,675
>Random Sequence 769,>Random Sequence 769,321,670
>Random Sequence 770,>Random Sequence 770,318,673
>Random Sequence 771,>Random Sequence 771,321,663
>Random Sequence 772,>Random Sequence 772,324,670
>Random Sequence 773,>Random Sequence 773,320,668
>Random Sequence 774,>Random Sequence 774,315,681
>Random Sequence 775,>Random Sequence 775,322,667
>Random Sequence 776,>Random Sequence 776,313,672
>Random Sequence 777,>Random Sequence 777,321,676
>Random Sequence 778,>Random Sequence 778,319,671
>Random Sequence 779,>Random Sequence 779,317,650
>Random Sequence 780,>Random Sequence 780,323,657
>Random Sequence 781,>Random Sequence 781,325,661
>Random Sequence 782,>Random Sequence 782,325,674
>Random Sequence 783,>Random Sequence 783,322,669
>Random Sequence 784,>Random Sequence 784,324,671
>Random Sequence 785,>Random Sequence 785,321,667
>Random Sequence 786,>Random Sequence 786,323,667
>Random Sequence 787,>Random Sequence 787,318,677
>Random Sequence 788,>Random Sequence 788,318,676
>Random Sequence 789,>Random Sequence 789,322,671
>Random Sequence 790,>Random Sequence 790,317,668
>Random Sequence 791,>Random Sequence 791,318,666
>Random Sequence 792,>Random Sequence 792,316,676
>Random Sequence 793,>Random Sequence 793,316,669
>Random Sequence 794,>Random Sequence 794,318,679
>Random Sequence 795,>Random Sequence 795,325,667
>Random Sequence 796,>Random Sequence 796,320,679
>Random Sequence 797,>Random Sequence 797,321,674
>Random Sequence 798,>Random Sequence 798,322,662
>Random Sequence 799,>Random Sequence 799,319,652
>Random Sequence 800,>Random Sequence 800,326,667
>Random Sequence 801,>Random Sequence 801,318,660
>Random Sequence 802,>Random Sequence 802,331,662
>Random Sequence 803,>Random Sequence 803,322,665
>Random Sequence 804,>Random Sequence 804,325,667
>Random Sequence 805,>Random Sequence 805,323,666
>Random Sequence 806,>Random Sequence 806,317,679
>Random Sequence 807,>Random Sequence 807,324,668
>Random Sequence 808,>Random Sequence 808,320,667
>Random Sequence 809,>Random Sequence 809,322,674
>Random Sequence 810,>Random Sequence 810,320,674
>Random Sequence 811,>Random Sequence 811,320,673
>Random Sequence 812,>Random Sequence 812,322,671
>Random Sequence 813,>Random Sequence 813,314,670
>Random Sequence 814,>Random Sequence 814,317,674
>Random Sequence 815,>Random Sequence 815,327,670
>Random Sequence 816,>Random Sequence 816,320,668
>Random Sequence 817,>Random Sequence 817,321,674
>Random Sequence 818,>Random Sequence 818,323,663
>Random Sequence 819,>Random Sequence 819,320,675
>Random Sequence 820,>Random Sequence 820,317,670
>Random Sequence 821,>Random Sequence 821,319,678
>Random Sequence 822,>Random Sequence 822,323,669
>Random Sequence 823,>Random Sequence 823,322,671
>Random Sequence 824,>Random Sequence 824,315,684
>Random Sequence 825,>Random Sequence 825,322,671
>Random Sequence 826,>Random Sequence 826,325,674
>Random Sequence 827,>Random Sequence 827,317,677
>Random Sequence 828,>Random Sequence 828,320,673
>Random Sequence 829,>Random Sequence 829,320,677
>Random Sequence 830,>Random Sequence 830,317,682
>Random Sequence 831,>Random Sequence 831,319,671
>Random Sequence 832,>Random Sequence 832,319,678
>Random Sequence 833,>Random Sequence 833,324,670
>Random Sequence 834,>Random Sequence 834,323,674
>Random Sequence 835,>Random Sequence 835,314,671
>Random Sequence 836,>Random Sequence 836,329,659
>Random Sequence 837,>Random Sequence 837,315,657
>Random Sequence 838,>Random Sequence 838,322,670
>Random Sequence 839,>Random Sequence 839,315,684
>Random Sequence 840,>Random Sequence 840,322,659
>Random Sequence 841,>Random Sequence 841,320,671
>Random Sequence 842,>Random Sequence 842,323,667
>Random Sequence 843,>Random Sequence 843,316,673
>Random Sequence 844,>Random Sequence 844,321,675
>Random Sequence 845,>Random Sequence 845,318,671
>Random Sequence 846,>Random Sequence 846,329,664
>Random Sequence 847,>Random Sequence 847,319,674
>Random Sequence 848,>Random Sequence 848,313,681
>Random Sequence 849,>Random Sequence 849,328,664
>Random Sequence 850,>Random Sequence 850,320,666
>Random Sequence 851,>Random Sequence 851,319,668
>Random Sequence 852,>Random Sequence 852,327,668
>Random Sequence 853,>Random Sequence 853,321,664
>Random Sequence 854,>Random Sequence 854,318,662
>Random Sequence 855,>Random Sequence 855,321,667
>Random Sequence 856,>Random Sequence 856,323,666
>Random Sequence 857,>Random Sequence 857,328,666
>Random Sequence 858,>Random Sequence 858,325,657
>Random Sequence 859,>Random Sequence 859,326,665
>Random Sequence 860,>Random Sequence 860,323,667
>Random Sequence 861,>Random Sequence 861,322,672
>Random Sequence 862,>Random Sequence 862,327,666
>Random Sequence 863,>Random Sequence 863,329,663
>Random Sequence 864,>Random Sequence 864,324,659
>Random Sequence 865,>Random Sequence 865,319,678
>Random Sequence 866,>Random Sequence 866,317,668
>Random Sequence 867,>Random Sequence 867,319,680
>Random Sequence 868,>Random Sequence 868,319,672
>Random Sequence 869,>Random Sequence 869,318,668
>Random Sequence 870,>Random Sequence 870,323,670
>Random Sequence 871,>Random Sequence 871,318,670
>Random Sequence 872,>Random Sequence 872,323,673
>Random Sequence 873,>Random Sequence 873,319,674
>Random Sequence 874,>Random Sequence 874,322,677
>Random Sequence 875,>Random Sequence 875,319,666
>Random Sequence 876,>Random Sequence 876,318,671
>Random Sequence 877,>Random Sequence 877,327,668
>Random Sequence 878,>Random Sequence 878,325,663
>Random Sequence 879,>Random Sequence 879,318,677
>Random Sequence 880,>Random Sequence 880,319,678
>Random Sequence 881,>Random Sequence 881,319,666
>Random Sequence 882,>Random Sequence 882,319,668
>Random Sequence 883,>Random Sequence 883,314,679
>Random Sequence 884,>Random Sequence 884,319,654
>Random Sequence 885,>Random Sequence 885,321,676
>Random Sequence 886,>Random Sequence 886,319,678
>Random Sequence 887,>Random Sequence 887,321,678
>Random Sequence 888,>Random Sequence 888,320,657
>Random Sequence 889,>Random Sequence 889,323,672
>Random Sequence 890,>Random Sequence 890,319,668
>Random Sequence 891,>Random Sequence 891,323,671
>Random Sequence 892,>Random Sequence 892,316,675
>Random Sequence 893,>Random Sequence 893,320,670
>Random Sequence 894,>Random Sequence 894,323,673
>Random Sequence 895,>Random Sequence 895,326,666
>Random Sequence 896,>Random Sequence 896,316,681
>Random Sequence 897,>Random Sequence 897,319,678
>Random Sequence 898,>Random Sequence 898,317,675
>Random Sequence 899,>Random Sequence 899,316,675
>Random Sequence 900,>Random Sequence 900,318,664
>Random Sequence 901,>Random Sequence 901,319,680
>Random Sequence 902,>Random Sequence 902,321,675
>Random Sequence 903,>Random Sequence 903,327,669
>Random Sequence 904,>Random Sequence 904,317,670
>Random Sequence 905,>Random Sequence 905,317,682
>Random Sequence 906,>Random Sequence 906,332,647
>Random Sequence 907,>Random Sequence 907,322,662
>Random Sequence 908,>Random Sequence 908,322,648
>Random Sequence 909,>Random Sequence 909,319,680
>Random Sequence 910,>Random Sequence 910,315,684
>Random Sequence 911,>Random Sequence 911,317,669
>Random Sequence 912,>Random Sequence 912,316,678
>Random Sequence 913,>Random Sequence 913,319,678
>Random Sequence 914,>Random Sequence 914,323,674
>Random Sequence 915,>Random Sequence 915,326,671
>Random Sequence 916,>Random Sequence 916,323,670
>Random Sequence 917,>Random Sequence 917,318,678
>Random Sequence 918,>Random Sequence 918,324,673
>Random Sequence 919,>Random Sequence 919,315,672
>Random Sequence 920,>Random Sequence 920,319,678
>Random Sequence 921,>Random Sequence 921,321,669
>Random Sequence 922,>Random Sequence 922,311,676
>Random Sequence 923,>Random Sequence 923,321,676
>Random Sequence 924,>Random Sequence 924,316,673
>Random Sequence 925,>Random Sequence 925,311,679
>Random Sequence 926,>Random Sequence 926,325,674
>Random Sequence 927,>Random Sequence 927,324,667
>Random Sequence 928,>Random Sequence 928,318,669
>Random Sequence 929,>Random Sequence 929,323,664
>Random Sequence 930,>Random Sequence 930,323,667
>Random Sequence 931,>Random Sequence 931,327,668
>Random Sequence 932,>Random Sequence 932,319,680
>Random Sequence 933,>Random Sequence 933,328,671
>Random Sequence 934,>Random Sequence 934,320,667
>Random Sequence 935,>Random Sequence 935,321,670
>Random Sequence 936,>Random Sequence 936,322,672
>Random Sequence 937,>Random Sequence 937,319,666
>Random Sequence 938,>Random Sequence 938,326,667
>Random Sequence 939,>Random Sequence 939,324,672
>Random Sequence 940,>Random Sequence 940,322,672
>Random Sequence 941,>Random Sequence 941,330,662
>Random Sequence 942,>Random Sequence 942,315,683
>Random Sequence 943,>Random Sequence 943,323,668
>Random Sequence 944,>Random Sequence 944,317,678
>Random Sequence 945,>Random Sequence 945,319,678
>Random Sequence 946,>Random Sequence 946,322,659
>Random Sequence 947,>Random Sequence 947,325,674
>Random Sequence 948,>Random Sequence 948,326,669
>Random Sequence 949,>Random Sequence 949,325,674
>Random Sequence 950,>Random Sequence 950,325,659
>Random Sequence 951,>Random Sequence 951,323,672
>Random Sequence 952,>Random Sequence 952,322,670
>Random Sequence 953,>Random Sequence 953,317,669
>Random Sequence 954,>Random Sequence 954,321,672
>Random Sequence 955,>Random Sequence 955,322,662
>Random Sequence 956,>Random Sequence 956,318,679
>Random Sequence 957,>Random Sequence 957,322,673
>Random Sequence 958,>Random Sequence 958,323,667
>Random Sequence 959,>Random Sequence 959,323,672
>Random Sequence 960,>Random Sequence 960,314,683
>Random Sequence 961,>Random Sequence 961,316,667
>Random Sequence 962,>Random Sequence 962,320,670
>Random Sequence 963,>Random Sequence 963,314,674
>Random Sequence 964,>Random Sequence 964,316,674
>Random Sequence 965,>Random Sequence 965,324,669
>Random Sequence 966,>Random Sequence 966,318,679
>Random Sequence 967,>Random Sequence 967,319,672
>Random Sequence 968,>Random Sequence 968,318,676
>Random Sequence 969,>Random Sequence 969,323,676
>Random Sequence 970,>Random Sequence 970,326,660
>Random Sequence 971,>Random Sequence 971,320,669
>Random Sequence 972,>Random Sequence 972,322,658
>Random Sequence 973,>Random Sequence 973,322,662
>Random Sequence 974,>Random Sequence 974,319,662
>Random Sequence 975,>Random Sequence 975,320,672
>Random Sequence 976,>Random Sequence 976,315,666
>Random Sequence 977,>Random Sequence 977,319,678
>Random Sequence 978,>Random Sequence 978,318,661
>Random Sequence 979,>Random Sequence 979,320,671
>Random Sequence 980,>Random Sequence 980,326,670
>Random Sequence 981,>Random Sequence 981,327,672
>Random Sequence 982,>Random Sequence 982,321,668
>Random Sequence 983,>Random Sequence 983,323,664
>Random Sequence 984,>Random Sequence 984,319,678
>Random Sequence 985,>Random Sequence 985,318,644
>Random Sequence 986,>Random Sequence 986,317,670
>Random Sequence 987,>Random Sequence 987,324,663
>Random Sequence 988,>Random Sequence 988,317,674
>Random Sequence 989,>Random Sequence 989,315,673
>Random Sequence 990,>Random Sequence 990,324,670
>Random Sequence 991,>Random Sequence 991,322,659
>Random Sequence 992,>Random Sequence 992,317,682
>Random Sequence 993,>Random Sequence 993,327,668
>Random Sequence 994,>Random Sequence 994,324,673
>Random Sequence 995,>Random Sequence 995,321,677
>Random Sequence 996,>Random Sequence 996,318,677
>Random Sequence 997,>Random Sequence 997,318,671
>Random Sequence 998,>Random Sequence 998,324,664
>Random Sequence 999,>Random Sequence 999,319,677
>Random Sequence 1000,>Random Sequence 1000,317,677
