seq_from_file1,seq_from_file2,alignment_score,alignment_length
>Random Sequence 1,>Random Sequence 1,323,619
>Random Sequence 2,>Random Sequence 2,318,616
>Random Sequence 3,>Random Sequence 3,317,612
>Random Sequence 4,>Random Sequence 4,318,619
>Random Sequence 5,>Random Sequence 5,321,614
>Random Sequence 6,>Random Sequence 6,319,622
>Random Sequence 7,>Random Sequence 7,317,632
>Random Sequence 8,>Random Sequence 8,328,604
>Random Sequence 9,>Random Sequence 9,322,606
>Random Sequence 10,>Random Sequence 10,319,629
>Random Sequence 11,>Random Sequence 11,323,604
>Random Sequence 12,>Random Sequence 12,321,595
>Random Sequence 13,>Random Sequence 13,326,627
>Random Sequence 14,>Random Sequence 14,316,611
>Random Sequence 15,>Random Sequence 15,319,599
>Random Sequence 16,>Random Sequence 16,316,591
>Random Sequence 17,>Random Sequence 17,322,612
>Random Sequence 18,>Random Sequence 18,322,615
>Random Sequence 19,>Random Sequence 19,320,622
>Random Sequence 20,>Random Sequence 20,311,615
>Random Sequence 21,>Random Sequence 21,326,612
>Random Sequence 22,>Random Sequence 22,326,595
>Random Sequence 23,>Random Sequence 23,322,616
>Random Sequence 24,>Random Sequence 24,322,604
>Random Sequence 25,>Random Sequence 25,317,614
>Random Sequence 26,>Random Sequence 26,317,607
>Random Sequence 27,>Random Sequence 27,323,610
>Random Sequence 28,>Random Sequence 28,319,611
>Random Sequence 29,>Random Sequence 29,316,601
>Random Sequence 30,>Random Sequence 30,329,601
>Random Sequence 31,>Random Sequence 31,320,599
>Random Sequence 32,>Random Sequence 32,324,607
>Random Sequence 33,>Random Sequence 33,314,604
>Random Sequence 34,>Random Sequence 34,321,624
>Random Sequence 35,>Random Sequence 35,324,618
>Random Sequence 36,>Random Sequence 36,323,598
>Random Sequence 37,>Random Sequence 37,322,614
>Random Sequence 38,>Random Sequence 38,330,608
>Random Sequence 39,>Random Sequence 39,322,613
>Random Sequence 40,>Random Sequence 40,321,617
>Random Sequence 41,>Random Sequence 41,318,605
>Random Sequence 42,>Random Sequence 42,316,612
>Random Sequence 43,>Random Sequence 43,319,600
>Random Sequence 44,>Random Sequence 44,316,606
>Random Sequence 45,>Random Sequence 45,317,617
>Random Sequence 46,>Random Sequence 46,321,617
>Random Sequence 47,>Random Sequence 47,320,618
>Random Sequence 48,>Random Sequence 48,324,621
>Random Sequence 49,>Random Sequence 49,322,604
>Random Sequence 50,>Random Sequence 50,313,608
>Random Sequence 51,>Random Sequence 51,316,610
>Random Sequence 52,>Random Sequence 52,316,597
>Random Sequence 53,>Random Sequence 53,326,601
>Random Sequence 54,>Random Sequence 54,324,623
>Random Sequence 55,>Random Sequence 55,320,603
>Random Sequence 56,>Random Sequence 56,319,610
>Random Sequence 57,>Random Sequence 57,321,601
>Random Sequence 58,>Random Sequence 58,312,619
>Random Sequence 59,>Random Sequence 59,317,609
>Random Sequence 60,>Random Sequence 60,313,610
>Random Sequence 61,>Random Sequence 61,317,606
>Random Sequence 62,>Random Sequence 62,315,604
>Random Sequence 63,>Random Sequence 63,315,586
>Random Sequence 64,>Random Sequence 64,316,624
>Random Sequence 65,>Random Sequence 65,325,599
>Random Sequence 66,>Random Sequence 66,317,606
>Random Sequence 67,>Random Sequence 67,318,616
>Random Sequence 68,>Random Sequence 68,320,587
>Random Sequence 69,>Random Sequence 69,323,609
>Random Sequence 70,>Random Sequence 70,315,615
>Random Sequence 71,>Random Sequence 71,319,611
>Random Sequence 72,>Random Sequence 72,324,612
>Random Sequence 73,>Random Sequence 73,317,608
>Random Sequence 74,>Random Sequence 74,322,602
>Random Sequence 75,>Random Sequence 75,316,601
>Random Sequence 76,>Random Sequence 76,317,617
>Random Sequence 77,>Random Sequence 77,320,601
>Random Sequence 78,>Random Sequence 78,314,596
>Random Sequence 79,>Random Sequence 79,325,604
>Random Sequence 80,>Random Sequence 80,318,618
>Random Sequence 81,>Random Sequence 81,321,616
>Random Sequence 82,>Random Sequence 82,317,612
>Random Sequence 83,>Random Sequence 83,325,617
>Random Sequence 84,>Random Sequence 84,316,614
>Random Sequence 85,>Random Sequence 85,321,603
>Random Sequence 86,>Random Sequence 86,320,621
>Random Sequence 87,>Random Sequence 87,320,609
>Random Sequence 88,>Random Sequence 88,314,613
>Random Sequence 89,>Random Sequence 89,321,597
>Random Sequence 90,>Random Sequence 90,322,599
>Random Sequence 91,>Random Sequence 91,326,617
>Random Sequence 92,>Random Sequence 92,317,625
>Random Sequence 93,>Random Sequence 93,318,627
>Random Sequence 94,>Random Sequence 94,322,599
>Random Sequence 95,>Random Sequence 95,325,595
>Random Sequence 96,>Random Sequence 96,316,603
>Random Sequence 97,>Random Sequence 97,315,609
>Random Sequence 98,>Random Sequence 98,320,628
>Random Sequence 99,>Random Sequence 99,317,610
>Random Sequence 100,>Random Sequence 100,321,624
>Random Sequence 101,>Random Sequence 101,323,614
>Random Sequence 102,>Random Sequence 102,325,625
>Random Sequence 103,>Random Sequence 103,316,611
>Random Sequence 104,>Random Sequence 104,321,609
>Random Sequence 105,>Random Sequence 105,318,618
>Random Sequence 106,>Random Sequence 106,316,605
>Random Sequence 107,>Random Sequence 107,311,607
>Random Sequence 108,>Random Sequence 108,320,608
>Random Sequence 109,>Random Sequence 109,324,600
>Random Sequence 110,>Random Sequence 110,329,602
>Random Sequence 111,>Random Sequence 111,313,620
>Random Sequence 112,>Random Sequence 112,323,626
>Random Sequence 113,>Random Sequence 113,319,611
>Random Sequence 114,>Random Sequence 114,317,618
>Random Sequence 115,>Random Sequence 115,319,613
>Random Sequence 116,>Random Sequence 116,317,591
>Random Sequence 117,>Random Sequence 117,322,615
>Random Sequence 118,>Random Sequence 118,318,620
>Random Sequence 119,>Random Sequence 119,321,609
>Random Sequence 120,>Random Sequence 120,314,602
>Random Sequence 121,>Random Sequence 121,320,614
>Random Sequence 122,>Random Sequence 122,320,618
>Random Sequence 123,>Random Sequence 123,318,605
>Random Sequence 124,>Random Sequence 124,330,611
>Random Sequence 125,>Random Sequence 125,316,611
>Random Sequence 126,>Random Sequence 126,325,614
>Random Sequence 127,>Random Sequence 127,323,626
>Random Sequence 128,>Random Sequence 128,321,628
>Random Sequence 129,>Random Sequence 129,323,589
>Random Sequence 130,>Random Sequence 130,320,622
>Random Sequence 131,>Random Sequence 131,317,606
>Random Sequence 132,>Random Sequence 132,319,586
>Random Sequence 133,>Random Sequence 133,319,594
>Random Sequence 134,>Random Sequence 134,324,618
>Random Sequence 135,>Random Sequence 135,326,598
>Random Sequence 136,>Random Sequence 136,315,594
>Random Sequence 137,>Random Sequence 137,320,606
>Random Sequence 138,>Random Sequence 138,315,617
>Random Sequence 139,>Random Sequence 139,323,604
>Random Sequence 140,>Random Sequence 140,316,609
>Random Sequence 141,>Random Sequence 141,319,614
>Random Sequence 142,>Random Sequence 142,318,608
>Random Sequence 143,>Random Sequence 143,319,606
>Random Sequence 144,>Random Sequence 144,325,598
>Random Sequence 145,>Random Sequence 145,320,623
>Random Sequence 146,>Random Sequence 146,323,602
>Random Sequence 147,>Random Sequence 147,321,619
>Random Sequence 148,>Random Sequence 148,317,586
>Random Sequence 149,>Random Sequence 149,315,618
>Random Sequence 150,>Random Sequence 150,319,591
>Random Sequence 151,>Random Sequence 151,313,627
>Random Sequence 152,>Random Sequence 152,322,618
>Random Sequence 153,>Random Sequence 153,319,598
>Random Sequence 154,>Random Sequence 154,321,628
>Random Sequence 155,>Random Sequence 155,319,611
>Random Sequence 156,>Random Sequence 156,319,581
>Random Sequence 157,>Random Sequence 157,322,607
>Random Sequence 158,>Random Sequence 158,315,618
>Random Sequence 159,>Random Sequence 159,322,617
>Random Sequence 160,>Random Sequence 160,318,617
>Random Sequence 161,>Random Sequence 161,319,600
>Random Sequence 162,>Random Sequence 162,318,614
>Random Sequence 163,>Random Sequence 163,321,608
>Random Sequence 164,>Random Sequence 164,316,594
>Random Sequence 165,>Random Sequence 165,321,615
>Random Sequence 166,>Random Sequence 166,327,607
>Random Sequence 167,>Random Sequence 167,323,610
>Random Sequence 168,>Random Sequence 168,316,605
>Random Sequence 169,>Random Sequence 169,318,610
>Random Sequence 170,>Random Sequence 170,315,610
>Random Sequence 171,>Random Sequence 171,321,596
>Random Sequence 172,>Random Sequence 172,317,620
>Random Sequence 173,>Random Sequence 173,321,614
>Random Sequence 174,>Random Sequence 174,321,615
>Random Sequence 175,>Random Sequence 175,319,607
>Random Sequence 176,>Random Sequence 176,321,611
>Random Sequence 177,>Random Sequence 177,323,603
>Random Sequence 178,>Random Sequence 178,321,606
>Random Sequence 179,>Random Sequence 179,315,604
>Random Sequence 180,>Random Sequence 180,327,604
>Random Sequence 181,>Random Sequence 181,324,599
>Random Sequence 182,>Random Sequence 182,316,609
>Random Sequence 183,>Random Sequence 183,324,625
>Random Sequence 184,>Random Sequence 184,322,602
>Random Sequence 185,>Random Sequence 185,323,611
>Random Sequence 186,>Random Sequence 186,328,614
>Random Sequence 187,>Random Sequence 187,323,599
>Random Sequence 188,>Random Sequence 188,315,604
>Random Sequence 189,>Random Sequence 189,320,598
>Random Sequence 190,>Random Sequence 190,320,603
>Random Sequence 191,>Random Sequence 191,324,599
>Random Sequence 192,>Random Sequence 192,324,604
>Random Sequence 193,>Random Sequence 193,322,617
>Random Sequence 194,>Random Sequence 194,324,601
>Random Sequence 195,>Random Sequence 195,321,609
>Random Sequence 196,>Random Sequence 196,315,601
>Random Sequence 197,>Random Sequence 197,325,604
>Random Sequence 198,>Random Sequence 198,321,598
>Random Sequence 199,>Random Sequence 199,318,617
>Random Sequence 200,>Random Sequence 200,314,615
>Random Sequence 201,>Random Sequence 201,321,601
>Random Sequence 202,>Random Sequence 202,310,619
>Random Sequence 203,>Random Sequence 203,322,614
>Random Sequence 204,>Random Sequence 204,321,610
>Random Sequence 205,>Random Sequence 205,324,617
>Random Sequence 206,>Random Sequence 206,327,607
>Random Sequence 207,>Random Sequence 207,322,619
>Random Sequence 208,>Random Sequence 208,324,612
>Random Sequence 209,>Random Sequence 209,324,611
>Random Sequence 210,>Random Sequence 210,315,605
>Random Sequence 211,>Random Sequence 211,323,605
>Random Sequence 212,>Random Sequence 212,321,585
>Random Sequence 213,>Random Sequence 213,323,610
>Random Sequence 214,>Random Sequence 214,318,607
>Random Sequence 215,>Random Sequence 215,320,618
>Random Sequence 216,>Random Sequence 216,322,614
>Random Sequence 217,>Random Sequence 217,314,616
>Random Sequence 218,>Random Sequence 218,328,612
>Random Sequence 219,>Random Sequence 219,319,601
>Random Sequence 220,>Random Sequence 220,314,612
>Random Sequence 221,>Random Sequence 221,320,608
>Random Sequence 222,>Random Sequence 222,322,611
>Random Sequence 223,>Random Sequence 223,319,608
>Random Sequence 224,>Random Sequence 224,317,616
>Random Sequence 225,>Random Sequence 225,321,618
>Random Sequence 226,>Random Sequence 226,319,615
>Random Sequence 227,>Random Sequence 227,322,612
>Random Sequence 228,>Random Sequence 228,318,604
>Random Sequence 229,>Random Sequence 229,321,613
>Random Sequence 230,>Random Sequence 230,316,603
>Random Sequence 231,>Random Sequence 231,318,612
>Random Sequence 232,>Random Sequence 232,326,617
>Random Sequence 233,>Random Sequence 233,319,615
>Random Sequence 234,>Random Sequence 234,319,605
>Random Sequence 235,>Random Sequence 235,312,608
>Random Sequence 236,>Random Sequence 236,320,613
>Random Sequence 237,>Random Sequence 237,325,614
>Random Sequence 238,>Random Sequence 238,317,626
>Random Sequence 239,>Random Sequence 239,323,611
>Random Sequence 240,>Random Sequence 240,322,612
>Random Sequence 241,>Random Sequence 241,322,611
>Random Sequence 242,>Random Sequence 242,322,607
>Random Sequence 243,>Random Sequence 243,322,603
>Random Sequence 244,>Random Sequence 244,317,612
>Random Sequence 245,>Random Sequence 245,324,607
>Random Sequence 246,>Random Sequence 246,326,602
>Random Sequence 247,>Random Sequence 247,316,614
>Random Sequence 248,>Random Sequence 248,321,609
>Random Sequence 249,>Random Sequence 249,316,629
>Random Sequence 250,>Random Sequence 250,323,612
>Random Sequence 251,>Random Sequence 251,321,606
>Random Sequence 252,>Random Sequence 252,324,613
>Random Sequence 253,>Random Sequence 253,321,614
>Random Sequence 254,>Random Sequence 254,321,605
>Random Sequence 255,>Random Sequence 255,318,605
>Random Sequence 256,>Random Sequence 256,320,614
>Random Sequence 257,>Random Sequence 257,319,593
>Random Sequence 258,>Random Sequence 258,321,610
>Random Sequence 259,>Random Sequence 259,321,612
>Random Sequence 260,>Random Sequence 260,323,604
>Random Sequence 261,>Random Sequence 261,329,610
>Random Sequence 262,>Random Sequence 262,319,608
>Random Sequence 263,>Random Sequence 263,315,614
>Random Sequence 264,>Random Sequence 264,317,606
>Random Sequence 265,>Random Sequence 265,317,610
>Random Sequence 266,>Random Sequence 266,331,604
>Random Sequence 267,>Random Sequence 267,316,613
>Random Sequence 268,>Random Sequence 268,319,597
>Random Sequence 269,>Random Sequence 269,318,626
>Random Sequence 270,>Random Sequence 270,334,604
>Random Sequence 271,>Random Sequence 271,314,587
>Random Sequence 272,>Random Sequence 272,326,623
>Random Sequence 273,>Random Sequence 273,316,610
>Random Sequence 274,>Random Sequence 274,326,611
>Random Sequence 275,>Random Sequence 275,318,613
>Random Sequence 276,>Random Sequence 276,319,603
>Random Sequence 277,>Random Sequence 277,320,613
>Random Sequence 278,>Random Sequence 278,318,597
>Random Sequence 279,>Random Sequence 279,318,604
>Random Sequence 280,>Random Sequence 280,326,597
>Random Sequence 281,>Random Sequence 281,317,610
>Random Sequence 282,>Random Sequence 282,325,612
>Random Sequence 283,>Random Sequence 283,319,614
>Random Sequence 284,>Random Sequence 284,317,616
>Random Sequence 285,>Random Sequence 285,322,613
>Random Sequence 286,>Random Sequence 286,318,601
>Random Sequence 287,>Random Sequence 287,318,621
>Random Sequence 288,>Random Sequence 288,321,623
>Random Sequence 289,>Random Sequence 289,318,611
>Random Sequence 290,>Random Sequence 290,317,611
>Random Sequence 291,>Random Sequence 291,316,625
>Random Sequence 292,>Random Sequence 292,314,623
>Random Sequence 293,>Random Sequence 293,325,601
>Random Sequence 294,>Random Sequence 294,320,608
>Random Sequence 295,>Random Sequence 295,314,606
>Random Sequence 296,>Random Sequence 296,327,613
>Random Sequence 297,>Random Sequence 297,316,616
>Random Sequence 298,>Random Sequence 298,322,611
>Random Sequence 299,>Random Sequence 299,325,620
>Random Sequence 300,>Random Sequence 300,316,622
>Random Sequence 301,>Random Sequence 301,318,610
>Random Sequence 302,>Random Sequence 302,322,616
>Random Sequence 303,>Random Sequence 303,325,602
>Random Sequence 304,>Random Sequence 304,322,602
>Random Sequence 305,>Random Sequence 305,323,597
>Random Sequence 306,>Random Sequence 306,314,614
>Random Sequence 307,>Random Sequence 307,320,606
>Random Sequence 308,>Random Sequence 308,321,606
>Random Sequence 309,>Random Sequence 309,318,614
>Random Sequence 310,>Random Sequence 310,323,596
>Random Sequence 311,>Random Sequence 311,315,619
>Random Sequence 312,>Random Sequence 312,325,616
>Random Sequence 313,>Random Sequence 313,325,611
>Random Sequence 314,>Random Sequence 314,316,604
>Random Sequence 315,>Random Sequence 315,317,613
>Random Sequence 316,>Random Sequence 316,315,613
>Random Sequence 317,>Random Sequence 317,312,614
>Random Sequence 318,>Random Sequence 318,322,599
>Random Sequence 319,>Random Sequence 319,317,621
>Random Sequence 320,>Random Sequence 320,317,625
>Random Sequence 321,>Random Sequence 321,320,626
>Random Sequence 322,>Random Sequence 322,321,615
>Random Sequence 323,>Random Sequence 323,323,599
>Random Sequence 324,>Random Sequence 324,314,622
>Random Sequence 325,>Random Sequence 325,316,601
>Random Sequence 326,>Random Sequence 326,319,611
>Random Sequence 327,>Random Sequence 327,319,609
>Random Sequence 328,>Random Sequence 328,317,614
>Random Sequence 329,>Random Sequence 329,322,607
>Random Sequence 330,>Random Sequence 330,319,609
>Random Sequence 331,>Random Sequence 331,325,608
>Random Sequence 332,>Random Sequence 332,323,613
>Random Sequence 333,>Random Sequence 333,317,604
>Random Sequence 334,>Random Sequence 334,320,614
>Random Sequence 335,>Random Sequence 335,324,613
>Random Sequence 336,>Random Sequence 336,320,598
>Random Sequence 337,>Random Sequence 337,322,601
>Random Sequence 338,>Random Sequence 338,326,618
>Random Sequence 339,>Random Sequence 339,322,601
>Random Sequence 340,>Random Sequence 340,322,606
>Random Sequence 341,>Random Sequence 341,315,601
>Random Sequence 342,>Random Sequence 342,312,616
>Random Sequence 343,>Random Sequence 343,319,596
>Random Sequence 344,>Random Sequence 344,318,603
>Random Sequence 345,>Random Sequence 345,325,606
>Random Sequence 346,>Random Sequence 346,323,607
>Random Sequence 347,>Random Sequence 347,313,622
>Random Sequence 348,>Random Sequence 348,325,617
>Random Sequence 349,>Random Sequence 349,320,615
>Random Sequence 350,>Random Sequence 350,318,613
>Random Sequence 351,>Random Sequence 351,328,611
>Random Sequence 352,>Random Sequence 352,323,593
>Random Sequence 353,>Random Sequence 353,323,600
>Random Sequence 354,>Random Sequence 354,318,612
>Random Sequence 355,>Random Sequence 355,318,618
>Random Sequence 356,>Random Sequence 356,321,597
>Random Sequence 357,>Random Sequence 357,320,617
>Random Sequence 358,>Random Sequence 358,322,622
>Random Sequence 359,>Random Sequence 359,325,599
>Random Sequence 360,>Random Sequence 360,318,604
>Random Sequence 361,>Random Sequence 361,323,613
>Random Sequence 362,>Random Sequence 362,314,616
>Random Sequence 363,>Random Sequence 363,316,607
>Random Sequence 364,>Random Sequence 364,316,617
>Random Sequence 365,>Random Sequence 365,318,604
>Random Sequence 366,>Random Sequence 366,329,612
>Random Sequence 367,>Random Sequence 367,316,601
>Random Sequence 368,>Random Sequence 368,321,596
>Random Sequence 369,>Random Sequence 369,319,606
>Random Sequence 370,>Random Sequence 370,326,616
>Random Sequence 371,>Random Sequence 371,321,615
>Random Sequence 372,>Random Sequence 372,321,615
>Random Sequence 373,>Random Sequence 373,325,611
>Random Sequence 374,>Random Sequence 374,327,609
>Random Sequence 375,>Random Sequence 375,323,611
>Random Sequence 376,>Random Sequence 376,320,607
>Random Sequence 377,>Random Sequence 377,321,627
>Random Sequence 378,>Random Sequence 378,319,633
>Random Sequence 379,>Random Sequence 379,323,608
>Random Sequence 380,>Random Sequence 380,320,621
>Random Sequence 381,>Random Sequence 381,318,617
>Random Sequence 382,>Random Sequence 382,315,603
>Random Sequence 383,>Random Sequence 383,317,612
>Random Sequence 384,>Random Sequence 384,326,614
>Random Sequence 385,>Random Sequence 385,315,605
>Random Sequence 386,>Random Sequence 386,320,600
>Random Sequence 387,>Random Sequence 387,318,592
>Random Sequence 388,>Random Sequence 388,323,604
>Random Sequence 389,>Random Sequence 389,327,603
>Random Sequence 390,>Random Sequence 390,319,600
>Random Sequence 391,>Random Sequence 391,318,619
>Random Sequence 392,>Random Sequence 392,325,618
>Random Sequence 393,>Random Sequence 393,316,619
>Random Sequence 394,>Random Sequence 394,312,609
>Random Sequence 395,>Random Sequence 395,324,601
>Random Sequence 396,>Random Sequence 396,320,607
>Random Sequence 397,>Random Sequence 397,323,610
>Random Sequence 398,>Random Sequence 398,315,626
>Random Sequence 399,>Random Sequence 399,323,607
>Random Sequence 400,>Random Sequence 400,325,598
>Random Sequence 401,>Random Sequence 401,321,612
>Random Sequence 402,>Random Sequence 402,324,601
>Random Sequence 403,>Random Sequence 403,320,619
>Random Sequence 404,>Random Sequence 404,321,601
>Random Sequence 405,>Random Sequence 405,319,641
>Random Sequence 406,>Random Sequence 406,317,616
>Random Sequence 407,>Random Sequence 407,324,614
>Random Sequence 408,>Random Sequence 408,330,602
>Random Sequence 409,>Random Sequence 409,323,600
>Random Sequence 410,>Random Sequence 410,329,605
>Random Sequence 411,>Random Sequence 411,322,602
>Random Sequence 412,>Random Sequence 412,323,586
>Random Sequence 413,>Random Sequence 413,323,599
>Random Sequence 414,>Random Sequence 414,317,621
>Random Sequence 415,>Random Sequence 415,321,611
>Random Sequence 416,>Random Sequence 416,314,612
>Random Sequence 417,>Random Sequence 417,324,605
>Random Sequence 418,>Random Sequence 418,319,592
>Random Sequence 419,>Random Sequence 419,322,606
>Random Sequence 420,>Random Sequence 420,331,608
>Random Sequence 421,>Random Sequence 421,320,626
>Random Sequence 422,>Random Sequence 422,319,609
>Random Sequence 423,>Random Sequence 423,323,604
>Random Sequence 424,>Random Sequence 424,320,606
>Random Sequence 425,>Random Sequence 425,319,619
>Random Sequence 426,>Random Sequence 426,316,602
>Random Sequence 427,>Random Sequence 427,324,613
>Random Sequence 428,>Random Sequence 428,313,601
>Random Sequence 429,>Random Sequence 429,320,618
>Random Sequence 430,>Random Sequence 430,318,617
>Random Sequence 431,>Random Sequence 431,325,606
>Random Sequence 432,>Random Sequence 432,324,601
>Random Sequence 433,>Random Sequence 433,321,618
>Random Sequence 434,>Random Sequence 434,324,616
>Random Sequence 435,>Random Sequence 435,325,610
>Random Sequence 436,>Random Sequence 436,320,614
>Random Sequence 437,>Random Sequence 437,320,623
>Random Sequence 438,>Random Sequence 438,323,602
>Random Sequence 439,>Random Sequence 439,320,611
>Random Sequence 440,>Random Sequence 440,322,614
>Random Sequence 441,>Random Sequence 441,316,622
>Random Sequence 442,>Random Sequence 442,326,606
>Random Sequence 443,>Random Sequence 443,321,603
>Random Sequence 444,>Random Sequence 444,320,600
>Random Sequence 445,>Random Sequence 445,320,613
>Random Sequence 446,>Random Sequence 446,324,607
>Random Sequence 447,>Random Sequence 447,323,608
>Random Sequence 448,>Random Sequence 448,324,607
>Random Sequence 449,>Random Sequence 449,320,616
>Random Sequence 450,>Random Sequence 450,320,634
>Random Sequence 451,>Random Sequence 451,317,617
>Random Sequence 452,>Random Sequence 452,324,612
>Random Sequence 453,>Random Sequence 453,318,604
>Random Sequence 454,>Random Sequence 454,322,604
>Random Sequence 455,>Random Sequence 455,317,617
>Random Sequence 456,>Random Sequence 456,320,625
>Random Sequence 457,>Random Sequence 457,322,608
>Random Sequence 458,>Random Sequence 458,326,601
>Random Sequence 459,>Random Sequence 459,323,617
>Random Sequence 460,>Random Sequence 460,320,615
>Random Sequence 461,>Random Sequence 461,316,606
>Random Sequence 462,>Random Sequence 462,324,604
>Random Sequence 463,>Random Sequence 463,318,619
>Random Sequence 464,>Random Sequence 464,316,631
>Random Sequence 465,>Random Sequence 465,324,611
>Random Sequence 466,>Random Sequence 466,323,606
>Random Sequence 467,>Random Sequence 467,321,617
>Random Sequence 468,>Random Sequence 468,316,593
>Random Sequence 469,>Random Sequence 469,315,607
>Random Sequence 470,>Random Sequence 470,319,621
>Random Sequence 471,>Random Sequence 471,319,605
>Random Sequence 472,>Random Sequence 472,323,619
>Random Sequence 473,>Random Sequence 473,325,605
>Random Sequence 474,>Random Sequence 474,321,604
>Random Sequence 475,>Random Sequence 475,321,623
>Random Sequence 476,>Random Sequence 476,321,601
>Random Sequence 477,>Random Sequence 477,325,608
>Random Sequence 478,>Random Sequence 478,324,590
>Random Sequence 479,>Random Sequence 479,324,598
>Random Sequence 480,>Random Sequence 480,321,620
>Random Sequence 481,>Random Sequence 481,316,616
>Random Sequence 482,>Random Sequence 482,320,610
>Random Sequence 483,>Random Sequence 483,314,606
>Random Sequence 484,>Random Sequence 484,321,604
>Random Sequence 485,>Random Sequence 485,319,613
>Random Sequence 486,>Random Sequence 486,324,600
>Random Sequence 487,>Random Sequence 487,316,615
>Random Sequence 488,>Random Sequence 488,319,619
>Random Sequence 489,>Random Sequence 489,323,595
>Random Sequence 490,>Random Sequence 490,325,612
>Random Sequence 491,>Random Sequence 491,320,612
>Random Sequence 492,>Random Sequence 492,323,611
>Random Sequence 493,>Random Sequence 493,322,618
>Random Sequence 494,>Random Sequence 494,320,623
>Random Sequence 495,>Random Sequence 495,321,611
>Random Sequence 496,>Random Sequence 496,318,609
>Random Sequence 497,>Random Sequence 497,317,622
>Random Sequence 498,>Random Sequence 498,317,583
>Random Sequence 499,>Random Sequence 499,328,612
>Random Sequence 500,>Random Sequence 500,317,630
>Random Sequence 501,>Random Sequence 501,320,609
>Random Sequence 502,>Random Sequence 502,318,604
>Random Sequence 503,>Random Sequence 503,322,618
>Random Sequence 504,>Random Sequence 504,324,630
>Random Sequence 505,>Random Sequence 505,321,604
>Random Sequence 506,>Random Sequence 506,321,619
>Random Sequence 507,>Random Sequence 507,313,619
>Random Sequence 508,>Random Sequence 508,324,620
>Random Sequence 509,>Random Sequence 509,314,624
>Random Sequence 510,>Random Sequence 510,325,604
>Random Sequence 511,>Random Sequence 511,324,623
>Random Sequence 512,>Random Sequence 512,316,624
>Random Sequence 513,>Random Sequence 513,314,619
>Random Sequence 514,>Random Sequence 514,323,617
>Random Sequence 515,>Random Sequence 515,315,620
>Random Sequence 516,>Random Sequence 516,315,618
>Random Sequence 517,>Random Sequence 517,323,621
>Random Sequence 518,>Random Sequence 518,319,615
>Random Sequence 519,>Random Sequence 519,318,607
>Random Sequence 520,>Random Sequence 520,327,619
>Random Sequence 521,>Random Sequence 521,322,622
>Random Sequence 522,>Random Sequence 522,317,608
>Random Sequence 523,>Random Sequence 523,317,623
>Random Sequence 524,>Random Sequence 524,322,613
>Random Sequence 525,>Random Sequence 525,323,619
>Random Sequence 526,>Random Sequence 526,326,605
>Random Sequence 527,>Random Sequence 527,326,599
>Random Sequence 528,>Random Sequence 528,326,603
>Random Sequence 529,>Random Sequence 529,319,620
>Random Sequence 530,>Random Sequence 530,314,619
>Random Sequence 531,>Random Sequence 531,321,611
>Random Sequence 532,>Random Sequence 532,320,615
>Random Sequence 533,>Random Sequence 533,317,616
>Random Sequence 534,>Random Sequence 534,325,608
>Random Sequence 535,>Random Sequence 535,315,618
>Random Sequence 536,>Random Sequence 536,321,607
>Random Sequence 537,>Random Sequence 537,325,606
>Random Sequence 538,>Random Sequence 538,328,604
>Random Sequence 539,>Random Sequence 539,311,613
>Random Sequence 540,>Random Sequence 540,321,609
>Random Sequence 541,>Random Sequence 541,318,593
>Random Sequence 542,>Random Sequence 542,318,614
>Random Sequence 543,>Random Sequence 543,319,612
>Random Sequence 544,>Random Sequence 544,324,611
>Random Sequence 545,>Random Sequence 545,317,612
>Random Sequence 546,>Random Sequence 546,325,605
>Random Sequence 547,>Random Sequence 547,317,572
>Random Sequence 548,>Random Sequence 548,319,591
>Random Sequence 549,>Random Sequence 549,325,608
>Random Sequence 550,>Random Sequence 550,319,616
>Random Sequence 551,>Random Sequence 551,321,603
>Random Sequence 552,>Random Sequence 552,320,596
>Random Sequence 553,>Random Sequence 553,320,613
>Random Sequence 554,>Random Sequence 554,322,618
>Random Sequence 555,>Random Sequence 555,321,604
>Random Sequence 556,>Random Sequence 556,324,622
>Random Sequence 557,>Random Sequence 557,315,619
>Random Sequence 558,>Random Sequence 558,322,617
>Random Sequence 559,>Random Sequence 559,320,624
>Random Sequence 560,>Random Sequence 560,322,603
>Random Sequence 561,>Random Sequence 561,318,601
>Random Sequence 562,>Random Sequence 562,322,605
>Random Sequence 563,>Random Sequence 563,321,617
>Random Sequence 564,>Random Sequence 564,324,610
>Random Sequence 565,>Random Sequence 565,325,618
>Random Sequence 566,>Random Sequence 566,320,608
>Random Sequence 567,>Random Sequence 567,319,614
>Random Sequence 568,>Random Sequence 568,330,612
>Random Sequence 569,>Random Sequence 569,316,593
>Random Sequence 570,>Random Sequence 570,325,612
>Random Sequence 571,>Random Sequence 571,316,623
>Random Sequence 572,>Random Sequence 572,316,633
>Random Sequence 573,>Random Sequence 573,321,623
>Random Sequence 574,>Random Sequence 574,317,612
>Random Sequence 575,>Random Sequence 575,320,597
>Random Sequence 576,>Random Sequence 576,324,611
>Random Sequence 577,>Random Sequence 577,315,614
>Random Sequence 578,>Random Sequence 578,314,616
>Random Sequence 579,>Random Sequence 579,323,612
>Random Sequence 580,>Random Sequence 580,324,611
>Random Sequence 581,>Random Sequence 581,318,614
>Random Sequence 582,>Random Sequence 582,320,614
>Random Sequence 583,>Random Sequence 583,327,587
>Random Sequence 584,>Random Sequence 584,318,600
>Random Sequence 585,>Random Sequence 585,316,611
>Random Sequence 586,>Random Sequence 586,315,628
>Random Sequence 587,>Random Sequence 587,315,608
>Random Sequence 588,>Random Sequence 588,326,594
>Random Sequence 589,>Random Sequence 589,319,607
>Random Sequence 590,>Random Sequence 590,323,624
>Random Sequence 591,>Random Sequence 591,323,613
>Random Sequence 592,>Random Sequence 592,321,604
>Random Sequence 593,>Random Sequence 593,316,581
>Random Sequence 594,>Random Sequence 594,318,614
>Random Sequence 595,>Random Sequence 595,313,599
>Random Sequence 596,>Random Sequence 596,318,609
>Random Sequence 597,>Random Sequence 597,327,610
>Random Sequence 598,>Random Sequence 598,317,605
>Random Sequence 599,>Random Sequence 599,326,614
>Random Sequence 600,>Random Sequence 600,324,617
>Random Sequence 601,>Random Sequence 601,317,623
>Random Sequence 602,>Random Sequence 602,320,596
>Random Sequence 603,>Random Sequence 603,318,609
>Random Sequence 604,>Random Sequence 604,326,624
>Random Sequence 605,>Random Sequence 605,321,625
>Random Sequence 606,>Random Sequence 606,321,611
>Random Sequence 607,>Random Sequence 607,319,614
>Random Sequence 608,>Random Sequence 608,319,591
>Random Sequence 609,>Random Sequence 609,318,615
>Random Sequence 610,>Random Sequence 610,322,618
>Random Sequence 611,>Random Sequence 611,319,609
>Random Sequence 612,>Random Sequence 612,320,629
>Random Sequence 613,>Random Sequence 613,321,597
>Random Sequence 614,>Random Sequence 614,318,600
>Random Sequence 615,>Random Sequence 615,324,614
>Random Sequence 616,>Random Sequence 616,313,610
>Random Sequence 617,>Random Sequence 617,317,613
>Random Sequence 618,>Random Sequence 618,320,621
>Random Sequence 619,>Random Sequence 619,323,607
>Random Sequence 620,>Random Sequence 620,313,634
>Random Sequence 621,>Random Sequence 621,319,614
>Random Sequence 622,>Random Sequence 622,319,618
>Random Sequence 623,>Random Sequence 623,317,626
>Random Sequence 624,>Random Sequence 624,317,609
>Random Sequence 625,>Random Sequence 625,324,606
>Random Sequence 626,>Random Sequence 626,324,608
>Random Sequence 627,>Random Sequence 627,325,600
>Random Sequence 628,>Random Sequence 628,317,605
>Random Sequence 629,>Random Sequence 629,316,626
>Random Sequence 630,>Random Sequence 630,324,608
>Random Sequence 631,>Random Sequence 631,325,610
>Random Sequence 632,>Random Sequence 632,321,609
>Random Sequence 633,>Random Sequence 633,318,613
>Random Sequence 634,>Random Sequence 634,315,589
>Random Sequence 635,>Random Sequence 635,322,605
>Random Sequence 636,>Random Sequence 636,318,615
>Random Sequence 637,>Random Sequence 637,320,607
>Random Sequence 638,>Random Sequence 638,321,618
>Random Sequence 639,>Random Sequence 639,316,607
>Random Sequence 640,>Random Sequence 640,319,618
>Random Sequence 641,>Random Sequence 641,319,615
>Random Sequence 642,>Random Sequence 642,324,622
>Random Sequence 643,>Random Sequence 643,316,613
>Random Sequence 644,>Random Sequence 644,320,614
>Random Sequence 645,>Random Sequence 645,323,597
>Random Sequence 646,>Random Sequence 646,320,592
>Random Sequence 647,>Random Sequence 647,321,620
>Random Sequence 648,>Random Sequence 648,320,612
>Random Sequence 649,>Random Sequence 649,321,593
>Random Sequence 650,>Random Sequence 650,323,614
>Random Sequence 651,>Random Sequence 651,320,620
>Random Sequence 652,>Random Sequence 652,319,601
>Random Sequence 653,>Random Sequence 653,321,598
>Random Sequence 654,>Random Sequence 654,325,582
>Random Sequence 655,>Random Sequence 655,316,596
>Random Sequence 656,>Random Sequence 656,323,608
>Random Sequence 657,>Random Sequence 657,322,620
>Random Sequence 658,>Random Sequence 658,324,614
>Random Sequence 659,>Random Sequence 659,319,603
>Random Sequence 660,>Random Sequence 660,323,606
>Random Sequence 661,>Random Sequence 661,316,605
>Random Sequence 662,>Random Sequence 662,325,616
>Random Sequence 663,>Random Sequence 663,318,603
>Random Sequence 664,>Random Sequence 664,320,617
>Random Sequence 665,>Random Sequence 665,319,617
>Random Sequence 666,>Random Sequence 666,315,622
>Random Sequence 667,>Random Sequence 667,318,610
>Random Sequence 668,>Random Sequence 668,314,600
>Random Sequence 669,>Random Sequence 669,322,612
>Random Sequence 670,>Random Sequence 670,318,588
>Random Sequence 671,>Random Sequence 671,321,596
>Random Sequence 672,>Random Sequence 672,315,608
>Random Sequence 673,>Random Sequence 673,316,615
>Random Sequence 674,>Random Sequence 674,323,607
>Random Sequence 675,>Random Sequence 675,316,596
>Random Sequence 676,>Random Sequence 676,320,616
>Random Sequence 677,>Random Sequence 677,316,609
>Random Sequence 678,>Random Sequence 678,324,619
>Random Sequence 679,>Random Sequence 679,328,597
>Random Sequence 680,>Random Sequence 680,321,602
>Random Sequence 681,>Random Sequence 681,315,610
>Random Sequence 682,>Random Sequence 682,320,601
>Random Sequence 683,>Random Sequence 683,321,618
>Random Sequence 684,>Random Sequence 684,323,625
>Random Sequence 685,>Random Sequence 685,317,618
>Random Sequence 686,>Random Sequence 686,324,619
>Random Sequence 687,>Random Sequence 687,322,601
>Random Sequence 688,>Random Sequence 688,327,603
>Random Sequence 689,>Random Sequence 689,327,603
>Random Sequence 690,>Random Sequence 690,321,623
>Random Sequence 691,>Random Sequence 691,321,605
>Random Sequence 692,>Random Sequence 692,326,616
>Random Sequence 693,>Random Sequence 693,325,612
>Random Sequence 694,>Random Sequence 694,317,607
>Random Sequence 695,>Random Sequence 695,322,624
>Random Sequence 696,>Random Sequence 696,320,628
>Random Sequence 697,>Random Sequence 697,322,609
>Random Sequence 698,>Random Sequence 698,322,601
>Random Sequence 699,>Random Sequence 699,328,610
>Random Sequence 700,>Random Sequence 700,315,617
>Random Sequence 701,>Random Sequence 701,317,631
>Random Sequence 702,>Random Sequence 702,322,612
>Random Sequence 703,>Random Sequence 703,318,621
>Random Sequence 704,>Random Sequence 704,321,611
>Random Sequence 705,>Random Sequence 705,320,610
>Random Sequence 706,>Random Sequence 706,319,599
>Random Sequence 707,>Random Sequence 707,316,597
>Random Sequence 708,>Random Sequence 708,320,616
>Random Sequence 709,>Random Sequence 709,313,608
>Random Sequence 710,>Random Sequence 710,318,622
>Random Sequence 711,>Random Sequence 711,319,615
>Random Sequence 712,>Random Sequence 712,314,622
>Random Sequence 713,>Random Sequence 713,321,606
>Random Sequence 714,>Random Sequence 714,319,611
>Random Sequence 715,>Random Sequence 715,324,602
>Random Sequence 716,>Random Sequence 716,321,611
>Random Sequence 717,>Random Sequence 717,322,607
>Random Sequence 718,>Random Sequence 718,322,609
>Random Sequence 719,>Random Sequence 719,314,623
>Random Sequence 720,>Random Sequence 720,322,619
>Random Sequence 721,>Random Sequence 721,327,616
>Random Sequence 722,>Random Sequence 722,319,601
>Random Sequence 723,>Random Sequence 723,317,605
>Random Sequence 724,>Random Sequence 724,315,587
>Random Sequence 725,>Random Sequence 725,317,613
>Random Sequence 726,>Random Sequence 726,313,603
>Random Sequence 727,>Random Sequence 727,319,602
>Random Sequence 728,>Random Sequence 728,320,610
>Random Sequence 729,>Random Sequence 729,323,623
>Random Sequence 730,>Random Sequence 730,315,610
>Random Sequence 731,>Random Sequence 731,326,624
>Random Sequence 732,>Random Sequence 732,320,593
>Random Sequence 733,>Random Sequence 733,324,617
>Random Sequence 734,>Random Sequence 734,323,593
>Random Sequence 735,>Random Sequence 735,314,618
>Random Sequence 736,>Random Sequence 736,320,623
>Random Sequence 737,>Random Sequence 737,320,615
>Random Sequence 738,>Random Sequence 738,324,604
>Random Sequence 739,>Random Sequence 739,320,625
>Random Sequence 740,>Random Sequence 740,326,598
>Random Sequence 741,>Random Sequence 741,319,608
>Random Sequence 742,>Random Sequence 742,324,600
>Random Sequence 743,>Random Sequence 743,315,593
>Random Sequence 744,>Random Sequence 744,323,615
>Random Sequence 745,>Random Sequence 745,320,591
>Random Sequence 746,>Random Sequence 746,324,605
>Random Sequence 747,>Random Sequence 747,322,612
>Random Sequence 748,>Random Sequence 748,316,620
>Random Sequence 749,>Random Sequence 749,319,612
>Random Sequence 750,>Random Sequence 750,324,615
>Random Sequence 751,>Random Sequence 751,320,623
>Random Sequence 752,>Random Sequence 752,325,617
>Random Sequence 753,>Random Sequence 753,323,611
>Random Sequence 754,>Random Sequence 754,317,620
>Random Sequence 755,>Random Sequence 755,318,613
>Random Sequence 756,>Random Sequence 756,319,624
>Random Sequence 757,>Random Sequence 757,320,618
>Random Sequence 758,>Random Sequence 758,321,616
>Random Sequence 759,>Random Sequence 759,321,594
>Random Sequence 760,>Random Sequence 760,317,603
>Random Sequence 761,>Random Sequence 761,319,612
>Random Sequence 762,>Random Sequence 762,321,622
>Random Sequence 763,>Random Sequence 763,326,620
>Random Sequence 764,>Random Sequence 764,317,610
>Random Sequence 765,>Random Sequence 765,323,612
>Random Sequence 766,>Random Sequence 766,316,619
>Random Sequence 767,>Random Sequence 767,316,612
>Random Sequence 768,>Random Sequence 768,320,612
>Random Sequence 769,>Random Sequence 769,321,599
>Random Sequence 770,>Random Sequence 770,321,618
>Random Sequence 771,>Random Sequence 771,323,606
>Random Sequence 772,>Random Sequence 772,318,601
>Random Sequence 773,>Random Sequence 773,316,623
>Random Sequence 774,>Random Sequence 774,322,604
>Random Sequence 775,>Random Sequence 775,323,604
>Random Sequence 776,>Random Sequence 776,316,600
>Random Sequence 777,>Random Sequence 777,320,594
>Random Sequence 778,>Random Sequence 778,318,602
>Random Sequence 779,>Random Sequence 779,319,600
>Random Sequence 780,>Random Sequence 780,326,602
>Random Sequence 781,>Random Sequence 781,320,626
>Random Sequence 782,>Random Sequence 782,319,620
>Random Sequence 783,>Random Sequence 783,320,630
>Random Sequence 784,>Random Sequence 784,322,603
>Random Sequence 785,>Random Sequence 785,318,607
>Random Sequence 786,>Random Sequence 786,316,616
>Random Sequence 787,>Random Sequence 787,322,609
>Random Sequence 788,>Random Sequence 788,312,625
>Random Sequence 789,>Random Sequence 789,317,607
>Random Sequence 790,>Random Sequence 790,317,617
>Random Sequence 791,>Random Sequence 791,322,606
>Random Sequence 792,>Random Sequence 792,318,618
>Random Sequence 793,>Random Sequence 793,322,612
>Random Sequence 794,>Random Sequence 794,317,613
>Random Sequence 795,>Random Sequence 795,316,602
>Random Sequence 796,>Random Sequence 796,318,621
>Random Sequence 797,>Random Sequence 797,313,600
>Random Sequence 798,>Random Sequence 798,314,614
>Random Sequence 799,>Random Sequence 799,315,622
>Random Sequence 800,>Random Sequence 800,322,617
>Random Sequence 801,>Random Sequence 801,317,614
>Random Sequence 802,>Random Sequence 802,314,602
>Random Sequence 803,>Random Sequence 803,319,607
>Random Sequence 804,>Random Sequence 804,317,604
>Random Sequence 805,>Random Sequence 805,316,607
>Random Sequence 806,>Random Sequence 806,324,619
>Random Sequence 807,>Random Sequence 807,318,632
>Random Sequence 808,>Random Sequence 808,319,627
>Random Sequence 809,>Random Sequence 809,317,615
>Random Sequence 810,>Random Sequence 810,321,612
>Random Sequence 811,>Random Sequence 811,316,617
>Random Sequence 812,>Random Sequence 812,326,593
>Random Sequence 813,>Random Sequence 813,326,599
>Random Sequence 814,>Random Sequence 814,328,612
>Random Sequence 815,>Random Sequence 815,322,605
>Random Sequence 816,>Random Sequence 816,319,601
>Random Sequence 817,>Random Sequence 817,315,599
>Random Sequence 818,>Random Sequence 818,325,614
>Random Sequence 819,>Random Sequence 819,321,627
>Random Sequence 820,>Random Sequence 820,324,616
>Random Sequence 821,>Random Sequence 821,317,625
>Random Sequence 822,>Random Sequence 822,319,598
>Random Sequence 823,>Random Sequence 823,326,609
>Random Sequence 824,>Random Sequence 824,326,618
>Random Sequence 825,>Random Sequence 825,324,609
>Random Sequence 826,>Random Sequence 826,320,613
>Random Sequence 827,>Random Sequence 827,326,619
>Random Sequence 828,>Random Sequence 828,319,627
>Random Sequence 829,>Random Sequence 829,319,593
>Random Sequence 830,>Random Sequence 830,327,615
>Random Sequence 831,>Random Sequence 831,327,623
>Random Sequence 832,>Random Sequence 832,316,628
>Random Sequence 833,>Random Sequence 833,324,608
>Random Sequence 834,>Random Sequence 834,318,613
>Random Sequence 835,>Random Sequence 835,318,608
>Random Sequence 836,>Random Sequence 836,321,602
>Random Sequence 837,>Random Sequence 837,320,616
>Random Sequence 838,>Random Sequence 838,324,608
>Random Sequence 839,>Random Sequence 839,316,612
>Random Sequence 840,>Random Sequence 840,319,618
>Random Sequence 841,>Random Sequence 841,323,598
>Random Sequence 842,>Random Sequence 842,325,620
>Random Sequence 843,>Random Sequence 843,322,603
>Random Sequence 844,>Random Sequence 844,323,598
>Random Sequence 845,>Random Sequence 845,326,611
>Random Sequence 846,>Random Sequence 846,324,619
>Random Sequence 847,>Random Sequence 847,325,615
>Random Sequence 848,>Random Sequence 848,321,603
>Random Sequence 849,>Random Sequence 849,317,617
>Random Sequence 850,>Random Sequence 850,321,603
>Random Sequence 851,>Random Sequence 851,321,608
>Random Sequence 852,>Random Sequence 852,323,623
>Random Sequence 853,>Random Sequence 853,327,613
>Random Sequence 854,>Random Sequence 854,322,623
>Random Sequence 855,>Random Sequence 855,318,590
>Random Sequence 856,>Random Sequence 856,320,622
>Random Sequence 857,>Random Sequence 857,315,622
>Random Sequence 858,>Random Sequence 858,320,617
>Random Sequence 859,>Random Sequence 859,326,619
>Random Sequence 860,>Random Sequence 860,318,625
>Random Sequence 861,>Random Sequence 861,325,620
>Random Sequence 862,>Random Sequence 862,316,595
>Random Sequence 863,>Random Sequence 863,321,607
>Random Sequence 864,>Random Sequence 864,319,610
>Random Sequence 865,>Random Sequence 865,315,600
>Random Sequence 866,>Random Sequence 866,326,608
>Random Sequence 867,>Random Sequence 867,325,612
>Random Sequence 868,>Random Sequence 868,331,596
>Random Sequence 869,>Random Sequence 869,317,603
>Random Sequence 870,>Random Sequence 870,318,599
>Random Sequence 871,>Random Sequence 871,320,600
>Random Sequence 872,>Random Sequence 872,319,610
>Random Sequence 873,>Random Sequence 873,318,612
>Random Sequence 874,>Random Sequence 874,315,612
>Random Sequence 875,>Random Sequence 875,323,618
>Random Sequence 876,>Random Sequence 876,316,612
>Random Sequence 877,>Random Sequence 877,325,616
>Random Sequence 878,>Random Sequence 878,321,632
>Random Sequence 879,>Random Sequence 879,324,607
>Random Sequence 880,>Random Sequence 880,318,612
>Random Sequence 881,>Random Sequence 881,314,605
>Random Sequence 882,>Random Sequence 882,315,606
>Random Sequence 883,>Random Sequence 883,322,617
>Random Sequence 884,>Random Sequence 884,319,612
>Random Sequence 885,>Random Sequence 885,327,621
>Random Sequence 886,>Random Sequence 886,327,625
>Random Sequence 887,>Random Sequence 887,315,612
>Random Sequence 888,>Random Sequence 888,323,604
>Random Sequence 889,>Random Sequence 889,322,611
>Random Sequence 890,>Random Sequence 890,327,606
>Random Sequence 891,>Random Sequence 891,328,620
>Random Sequence 892,>Random Sequence 892,325,600
>Random Sequence 893,>Random Sequence 893,321,618
>Random Sequence 894,>Random Sequence 894,320,614
>Random Sequence 895,>Random Sequence 895,315,596
>Random Sequence 896,>Random Sequence 896,323,608
>Random Sequence 897,>Random Sequence 897,320,595
>Random Sequence 898,>Random Sequence 898,316,606
>Random Sequence 899,>Random Sequence 899,324,606
>Random Sequence 900,>Random Sequence 900,322,615
>Random Sequence 901,>Random Sequence 901,328,586
>Random Sequence 902,>Random Sequence 902,324,619
>Random Sequence 903,>Random Sequence 903,319,609
>Random Sequence 904,>Random Sequence 904,322,598
>Random Sequence 905,>Random Sequence 905,320,607
>Random Sequence 906,>Random Sequence 906,323,609
>Random Sequence 907,>Random Sequence 907,320,589
>Random Sequence 908,>Random Sequence 908,322,601
>Random Sequence 909,>Random Sequence 909,318,622
>Random Sequence 910,>Random Sequence 910,314,627
>Random Sequence 911,>Random Sequence 911,318,613
>Random Sequence 912,>Random Sequence 912,327,615
>Random Sequence 913,>Random Sequence 913,323,603
>Random Sequence 914,>Random Sequence 914,319,587
>Random Sequence 915,>Random Sequence 915,323,621
>Random Sequence 916,>Random Sequence 916,314,615
>Random Sequence 917,>Random Sequence 917,318,597
>Random Sequence 918,>Random Sequence 918,319,620
>Random Sequence 919,>Random Sequence 919,319,613
>Random Sequence 920,>Random Sequence 920,319,615
>Random Sequence 921,>Random Sequence 921,321,627
>Random Sequence 922,>Random Sequence 922,320,628
>Random Sequence 923,>Random Sequence 923,326,608
>Random Sequence 924,>Random Sequence 924,317,609
>Random Sequence 925,>Random Sequence 925,313,603
>Random Sequence 926,>Random Sequence 926,324,600
>Random Sequence 927,>Random Sequence 927,321,598
>Random Sequence 928,>Random Sequence 928,326,604
>Random Sequence 929,>Random Sequence 929,321,618
>Random Sequence 930,>Random Sequence 930,324,610
>Random Sequence 931,>Random Sequence 931,324,607
>Random Sequence 932,>Random Sequence 932,316,605
>Random Sequence 933,>Random Sequence 933,320,610
>Random Sequence 934,>Random Sequence 934,315,618
>Random Sequence 935,>Random Sequence 935,321,603
>Random Sequence 936,>Random Sequence 936,314,595
>Random Sequence 937,>Random Sequence 937,324,618
>Random Sequence 938,>Random Sequence 938,321,623
>Random Sequence 939,>Random Sequence 939,321,621
>Random Sequence 940,>Random Sequence 940,324,631
>Random Sequence 941,>Random Sequence 941,318,613
>Random Sequence 942,>Random Sequence 942,330,603
>Random Sequence 943,>Random Sequence 943,318,616
>Random Sequence 944,>Random Sequence 944,321,605
>Random Sequence 945,>Random Sequence 945,318,599
>Random Sequence 946,>Random Sequence 946,323,610
>Random Sequence 947,>Random Sequence 947,322,613
>Random Sequence 948,>Random Sequence 948,323,607
>Random Sequence 949,>Random Sequence 949,321,606
>Random Sequence 950,>Random Sequence 950,320,624
>Random Sequence 951,>Random Sequence 951,322,607
>Random Sequence 952,>Random Sequence 952,325,610
>Random Sequence 953,>Random Sequence 953,321,608
>Random Sequence 954,>Random Sequence 954,322,603
>Random Sequence 955,>Random Sequence 955,325,602
>Random Sequence 956,>Random Sequence 956,316,620
>Random Sequence 957,>Random Sequence 957,316,610
>Random Sequence 958,>Random Sequence 958,323,614
>Random Sequence 959,>Random Sequence 959,321,612
>Random Sequence 960,>Random Sequence 960,318,599
>Random Sequence 961,>Random Sequence 961,330,596
>Random Sequence 962,>Random Sequence 962,324,599
>Random Sequence 963,>Random Sequence 963,318,635
>Random Sequence 964,>Random Sequence 964,323,616
>Random Sequence 965,>Random Sequence 965,321,606
>Random Sequence 966,>Random Sequence 966,320,602
>Random Sequence 967,>Random Sequence 967,317,609
>Random Sequence 968,>Random Sequence 968,321,614
>Random Sequence 969,>Random Sequence 969,323,627
>Random Sequence 970,>Random Sequence 970,315,647
>Random Sequence 971,>Random Sequence 971,322,602
>Random Sequence 972,>Random Sequence 972,317,612
>Random Sequence 973,>Random Sequence 973,322,597
>Random Sequence 974,>Random Sequence 974,319,612
>Random Sequence 975,>Random Sequence 975,313,620
>Random Sequence 976,>Random Sequence 976,313,612
>Random Sequence 977,>Random Sequence 977,321,619
>Random Sequence 978,>Random Sequence 978,328,593
>Random Sequence 979,>Random Sequence 979,326,612
>Random Sequence 980,>Random Sequence 980,327,604
>Random Sequence 981,>Random Sequence 981,322,604
>Random Sequence 982,>Random Sequence 982,325,620
>Random Sequence 983,>Random Sequence 983,324,617
>Random Sequence 984,>Random Sequence 984,315,611
>Random Sequence 985,>Random Sequence 985,320,607
>Random Sequence 986,>Random Sequence 986,322,602
>Random Sequence 987,>Random Sequence 987,321,610
>Random Sequence 988,>Random Sequence 988,316,599
>Random Sequence 989,>Random Sequence 989,319,603
>Random Sequence 990,>Random Sequence 990,328,609
>Random Sequence 991,>Random Sequence 991,321,614
>Random Sequence 992,>Random Sequence 992,326,613
>Random Sequence 993,>Random Sequence 993,326,608
>Random Sequence 994,>Random Sequence 994,321,614
>Random Sequence 995,>Random Sequence 995,318,594
>Random Sequence 996,>Random Sequence 996,319,611
>Random Sequence 997,>Random Sequence 997,319,616
>Random Sequence 998,>Random Sequence 998,324,625
>Random Sequence 999,>Random Sequence 999,322,619
>Random Sequence 1000,>Random Sequence 1000,315,610
