seq_from_file1,seq_from_file2,alignment_score,alignment_length
>Random Sequence 1,>Random Sequence 1,1310,2453
>Random Sequence 2,>Random Sequence 2,1307,2455
>Random Sequence 3,>Random Sequence 3,1298,2449
>Random Sequence 4,>Random Sequence 4,1298,2441
>Random Sequence 5,>Random Sequence 5,1287,2468
>Random Sequence 6,>Random Sequence 6,1291,2496
>Random Sequence 7,>Random Sequence 7,1294,2443
>Random Sequence 8,>Random Sequence 8,1300,2462
>Random Sequence 9,>Random Sequence 9,1293,2484
>Random Sequence 10,>Random Sequence 10,1293,2453
>Random Sequence 11,>Random Sequence 11,1314,2435
>Random Sequence 12,>Random Sequence 12,1311,2457
>Random Sequence 13,>Random Sequence 13,1313,2450
>Random Sequence 14,>Random Sequence 14,1293,2453
>Random Sequence 15,>Random Sequence 15,1292,2442
>Random Sequence 16,>Random Sequence 16,1303,2441
>Random Sequence 17,>Random Sequence 17,1304,2457
>Random Sequence 18,>Random Sequence 18,1303,2441
>Random Sequence 19,>Random Sequence 19,1293,2471
>Random Sequence 20,>Random Sequence 20,1288,2433
>Random Sequence 21,>Random Sequence 21,1299,2439
>Random Sequence 22,>Random Sequence 22,1287,2478
>Random Sequence 23,>Random Sequence 23,1296,2455
>Random Sequence 24,>Random Sequence 24,1306,2425
>Random Sequence 25,>Random Sequence 25,1301,2470
>Random Sequence 26,>Random Sequence 26,1297,2456
>Random Sequence 27,>Random Sequence 27,1302,2460
>Random Sequence 28,>Random Sequence 28,1299,2463
>Random Sequence 29,>Random Sequence 29,1291,2443
>Random Sequence 30,>Random Sequence 30,1306,2449
>Random Sequence 31,>Random Sequence 31,1298,2446
>Random Sequence 32,>Random Sequence 32,1303,2471
>Random Sequence 33,>Random Sequence 33,1314,2452
>Random Sequence 34,>Random Sequence 34,1307,2461
>Random Sequence 35,>Random Sequence 35,1295,2493
>Random Sequence 36,>Random Sequence 36,1303,2444
>Random Sequence 37,>Random Sequence 37,1300,2455
>Random Sequence 38,>Random Sequence 38,1287,2481
>Random Sequence 39,>Random Sequence 39,1298,2469
>Random Sequence 40,>Random Sequence 40,1311,2455
>Random Sequence 41,>Random Sequence 41,1303,2459
>Random Sequence 42,>Random Sequence 42,1309,2452
>Random Sequence 43,>Random Sequence 43,1304,2434
>Random Sequence 44,>Random Sequence 44,1304,2478
>Random Sequence 45,>Random Sequence 45,1293,2471
>Random Sequence 46,>Random Sequence 46,1305,2446
>Random Sequence 47,>Random Sequence 47,1296,2448
>Random Sequence 48,>Random Sequence 48,1301,2444
>Random Sequence 49,>Random Sequence 49,1303,2443
>Random Sequence 50,>Random Sequence 50,1297,2462
>Random Sequence 51,>Random Sequence 51,1302,2444
>Random Sequence 52,>Random Sequence 52,1283,2475
>Random Sequence 53,>Random Sequence 53,1293,2458
>Random Sequence 54,>Random Sequence 54,1300,2489
>Random Sequence 55,>Random Sequence 55,1310,2462
>Random Sequence 56,>Random Sequence 56,1296,2460
>Random Sequence 57,>Random Sequence 57,1303,2450
>Random Sequence 58,>Random Sequence 58,1301,2459
>Random Sequence 59,>Random Sequence 59,1297,2477
>Random Sequence 60,>Random Sequence 60,1283,2470
>Random Sequence 61,>Random Sequence 61,1302,2467
>Random Sequence 62,>Random Sequence 62,1292,2463
>Random Sequence 63,>Random Sequence 63,1282,2448
>Random Sequence 64,>Random Sequence 64,1292,2435
>Random Sequence 65,>Random Sequence 65,1297,2457
>Random Sequence 66,>Random Sequence 66,1287,2463
>Random Sequence 67,>Random Sequence 67,1304,2448
>Random Sequence 68,>Random Sequence 68,1292,2457
>Random Sequence 69,>Random Sequence 69,1290,2462
>Random Sequence 70,>Random Sequence 70,1303,2461
>Random Sequence 71,>Random Sequence 71,1304,2478
>Random Sequence 72,>Random Sequence 72,1300,2437
>Random Sequence 73,>Random Sequence 73,1291,2460
>Random Sequence 74,>Random Sequence 74,1289,2459
>Random Sequence 75,>Random Sequence 75,1291,2468
>Random Sequence 76,>Random Sequence 76,1294,2447
>Random Sequence 77,>Random Sequence 77,1306,2450
>Random Sequence 78,>Random Sequence 78,1293,2431
>Random Sequence 79,>Random Sequence 79,1307,2441
>Random Sequence 80,>Random Sequence 80,1304,2447
>Random Sequence 81,>Random Sequence 81,1306,2456
>Random Sequence 82,>Random Sequence 82,1305,2441
>Random Sequence 83,>Random Sequence 83,1296,2454
>Random Sequence 84,>Random Sequence 84,1295,2469
>Random Sequence 85,>Random Sequence 85,1303,2453
>Random Sequence 86,>Random Sequence 86,1296,2432
>Random Sequence 87,>Random Sequence 87,1312,2443
>Random Sequence 88,>Random Sequence 88,1305,2454
>Random Sequence 89,>Random Sequence 89,1295,2457
>Random Sequence 90,>Random Sequence 90,1296,2444
>Random Sequence 91,>Random Sequence 91,1304,2468
>Random Sequence 92,>Random Sequence 92,1302,2476
>Random Sequence 93,>Random Sequence 93,1309,2457
>Random Sequence 94,>Random Sequence 94,1297,2451
>Random Sequence 95,>Random Sequence 95,1301,2458
>Random Sequence 96,>Random Sequence 96,1305,2454
>Random Sequence 97,>Random Sequence 97,1291,2452
>Random Sequence 98,>Random Sequence 98,1301,2423
>Random Sequence 99,>Random Sequence 99,1306,2455
>Random Sequence 100,>Random Sequence 100,1296,2435
>Random Sequence 101,>Random Sequence 101,1313,2451
>Random Sequence 102,>Random Sequence 102,1300,2445
>Random Sequence 103,>Random Sequence 103,1295,2454
>Random Sequence 104,>Random Sequence 104,1290,2455
>Random Sequence 105,>Random Sequence 105,1306,2426
>Random Sequence 106,>Random Sequence 106,1303,2446
>Random Sequence 107,>Random Sequence 107,1291,2435
>Random Sequence 108,>Random Sequence 108,1290,2461
>Random Sequence 109,>Random Sequence 109,1294,2461
>Random Sequence 110,>Random Sequence 110,1285,2477
>Random Sequence 111,>Random Sequence 111,1291,2484
>Random Sequence 112,>Random Sequence 112,1300,2460
>Random Sequence 113,>Random Sequence 113,1297,2463
>Random Sequence 114,>Random Sequence 114,1298,2462
>Random Sequence 115,>Random Sequence 115,1294,2470
>Random Sequence 116,>Random Sequence 116,1313,2435
>Random Sequence 117,>Random Sequence 117,1297,2475
>Random Sequence 118,>Random Sequence 118,1298,2468
>Random Sequence 119,>Random Sequence 119,1297,2467
>Random Sequence 120,>Random Sequence 120,1296,2440
>Random Sequence 121,>Random Sequence 121,1290,2474
>Random Sequence 122,>Random Sequence 122,1295,2466
>Random Sequence 123,>Random Sequence 123,1296,2434
>Random Sequence 124,>Random Sequence 124,1288,2472
>Random Sequence 125,>Random Sequence 125,1287,2464
>Random Sequence 126,>Random Sequence 126,1300,2470
>Random Sequence 127,>Random Sequence 127,1310,2477
>Random Sequence 128,>Random Sequence 128,1301,2465
>Random Sequence 129,>Random Sequence 129,1294,2456
>Random Sequence 130,>Random Sequence 130,1300,2462
>Random Sequence 131,>Random Sequence 131,1294,2467
>Random Sequence 132,>Random Sequence 132,1309,2423
>Random Sequence 133,>Random Sequence 133,1297,2466
>Random Sequence 134,>Random Sequence 134,1300,2407
>Random Sequence 135,>Random Sequence 135,1288,2474
>Random Sequence 136,>Random Sequence 136,1288,2458
>Random Sequence 137,>Random Sequence 137,1301,2453
>Random Sequence 138,>Random Sequence 138,1289,2455
>Random Sequence 139,>Random Sequence 139,1305,2441
>Random Sequence 140,>Random Sequence 140,1311,2441
>Random Sequence 141,>Random Sequence 141,1300,2468
>Random Sequence 142,>Random Sequence 142,1304,2439
>Random Sequence 143,>Random Sequence 143,1301,2476
>Random Sequence 144,>Random Sequence 144,1310,2447
>Random Sequence 145,>Random Sequence 145,1300,2450
>Random Sequence 146,>Random Sequence 146,1300,2441
>Random Sequence 147,>Random Sequence 147,1305,2443
>Random Sequence 148,>Random Sequence 148,1305,2468
>Random Sequence 149,>Random Sequence 149,1301,2453
>Random Sequence 150,>Random Sequence 150,1305,2481
>Random Sequence 151,>Random Sequence 151,1298,2436
>Random Sequence 152,>Random Sequence 152,1297,2462
>Random Sequence 153,>Random Sequence 153,1312,2448
>Random Sequence 154,>Random Sequence 154,1303,2427
>Random Sequence 155,>Random Sequence 155,1293,2445
>Random Sequence 156,>Random Sequence 156,1302,2423
>Random Sequence 157,>Random Sequence 157,1295,2469
>Random Sequence 158,>Random Sequence 158,1305,2445
>Random Sequence 159,>Random Sequence 159,1305,2463
>Random Sequence 160,>Random Sequence 160,1295,2444
>Random Sequence 161,>Random Sequence 161,1302,2447
>Random Sequence 162,>Random Sequence 162,1293,2483
>Random Sequence 163,>Random Sequence 163,1300,2448
>Random Sequence 164,>Random Sequence 164,1301,2449
>Random Sequence 165,>Random Sequence 165,1293,2482
>Random Sequence 166,>Random Sequence 166,1291,2465
>Random Sequence 167,>Random Sequence 167,1291,2457
>Random Sequence 168,>Random Sequence 168,1302,2458
>Random Sequence 169,>Random Sequence 169,1298,2445
>Random Sequence 170,>Random Sequence 170,1306,2447
>Random Sequence 171,>Random Sequence 171,1290,2460
>Random Sequence 172,>Random Sequence 172,1305,2458
>Random Sequence 173,>Random Sequence 173,1287,2459
>Random Sequence 174,>Random Sequence 174,1307,2466
>Random Sequence 175,>Random Sequence 175,1293,2426
>Random Sequence 176,>Random Sequence 176,1298,2443
>Random Sequence 177,>Random Sequence 177,1297,2482
>Random Sequence 178,>Random Sequence 178,1294,2458
>Random Sequence 179,>Random Sequence 179,1302,2434
>Random Sequence 180,>Random Sequence 180,1286,2458
>Random Sequence 181,>Random Sequence 181,1290,2443
>Random Sequence 182,>Random Sequence 182,1301,2448
>Random Sequence 183,>Random Sequence 183,1306,2475
>Random Sequence 184,>Random Sequence 184,1306,2454
>Random Sequence 185,>Random Sequence 185,1297,2474
>Random Sequence 186,>Random Sequence 186,1291,2449
>Random Sequence 187,>Random Sequence 187,1294,2461
>Random Sequence 188,>Random Sequence 188,1289,2463
>Random Sequence 189,>Random Sequence 189,1301,2457
>Random Sequence 190,>Random Sequence 190,1287,2461
>Random Sequence 191,>Random Sequence 191,1284,2449
>Random Sequence 192,>Random Sequence 192,1310,2437
>Random Sequence 193,>Random Sequence 193,1290,2474
>Random Sequence 194,>Random Sequence 194,1309,2450
>Random Sequence 195,>Random Sequence 195,1286,2465
>Random Sequence 196,>Random Sequence 196,1294,2458
>Random Sequence 197,>Random Sequence 197,1293,2484
>Random Sequence 198,>Random Sequence 198,1294,2436
>Random Sequence 199,>Random Sequence 199,1306,2441
>Random Sequence 200,>Random Sequence 200,1297,2471
>Random Sequence 201,>Random Sequence 201,1294,2466
>Random Sequence 202,>Random Sequence 202,1292,2454
>Random Sequence 203,>Random Sequence 203,1302,2474
>Random Sequence 204,>Random Sequence 204,1292,2466
>Random Sequence 205,>Random Sequence 205,1303,2419
>Random Sequence 206,>Random Sequence 206,1301,2466
>Random Sequence 207,>Random Sequence 207,1307,2462
>Random Sequence 208,>Random Sequence 208,1308,2439
>Random Sequence 209,>Random Sequence 209,1300,2464
>Random Sequence 210,>Random Sequence 210,1315,2461
>Random Sequence 211,>Random Sequence 211,1309,2463
>Random Sequence 212,>Random Sequence 212,1296,2474
>Random Sequence 213,>Random Sequence 213,1296,2471
>Random Sequence 214,>Random Sequence 214,1288,2460
>Random Sequence 215,>Random Sequence 215,1298,2462
>Random Sequence 216,>Random Sequence 216,1296,2465
>Random Sequence 217,>Random Sequence 217,1286,2455
>Random Sequence 218,>Random Sequence 218,1300,2435
>Random Sequence 219,>Random Sequence 219,1308,2488
>Random Sequence 220,>Random Sequence 220,1312,2460
>Random Sequence 221,>Random Sequence 221,1295,2469
>Random Sequence 222,>Random Sequence 222,1290,2468
>Random Sequence 223,>Random Sequence 223,1290,2447
>Random Sequence 224,>Random Sequence 224,1298,2434
>Random Sequence 225,>Random Sequence 225,1290,2481
>Random Sequence 226,>Random Sequence 226,1292,2457
>Random Sequence 227,>Random Sequence 227,1298,2480
>Random Sequence 228,>Random Sequence 228,1305,2455
>Random Sequence 229,>Random Sequence 229,1310,2450
>Random Sequence 230,>Random Sequence 230,1289,2468
>Random Sequence 231,>Random Sequence 231,1305,2452
>Random Sequence 232,>Random Sequence 232,1308,2468
>Random Sequence 233,>Random Sequence 233,1295,2476
>Random Sequence 234,>Random Sequence 234,1294,2499
>Random Sequence 235,>Random Sequence 235,1300,2457
>Random Sequence 236,>Random Sequence 236,1292,2490
>Random Sequence 237,>Random Sequence 237,1300,2470
>Random Sequence 238,>Random Sequence 238,1293,2458
>Random Sequence 239,>Random Sequence 239,1300,2430
>Random Sequence 240,>Random Sequence 240,1298,2421
>Random Sequence 241,>Random Sequence 241,1300,2483
>Random Sequence 242,>Random Sequence 242,1293,2459
>Random Sequence 243,>Random Sequence 243,1299,2490
>Random Sequence 244,>Random Sequence 244,1295,2460
>Random Sequence 245,>Random Sequence 245,1294,2457
>Random Sequence 246,>Random Sequence 246,1302,2455
>Random Sequence 247,>Random Sequence 247,1290,2439
>Random Sequence 248,>Random Sequence 248,1292,2445
>Random Sequence 249,>Random Sequence 249,1296,2457
>Random Sequence 250,>Random Sequence 250,1295,2450
>Random Sequence 251,>Random Sequence 251,1298,2440
>Random Sequence 252,>Random Sequence 252,1305,2458
>Random Sequence 253,>Random Sequence 253,1298,2466
>Random Sequence 254,>Random Sequence 254,1291,2448
>Random Sequence 255,>Random Sequence 255,1298,2451
>Random Sequence 256,>Random Sequence 256,1300,2439
>Random Sequence 257,>Random Sequence 257,1305,2471
>Random Sequence 258,>Random Sequence 258,1303,2443
>Random Sequence 259,>Random Sequence 259,1292,2443
>Random Sequence 260,>Random Sequence 260,1302,2447
>Random Sequence 261,>Random Sequence 261,1288,2445
>Random Sequence 262,>Random Sequence 262,1306,2451
>Random Sequence 263,>Random Sequence 263,1296,2435
>Random Sequence 264,>Random Sequence 264,1302,2471
>Random Sequence 265,>Random Sequence 265,1297,2449
>Random Sequence 266,>Random Sequence 266,1300,2463
>Random Sequence 267,>Random Sequence 267,1305,2455
>Random Sequence 268,>Random Sequence 268,1309,2449
>Random Sequence 269,>Random Sequence 269,1309,2415
>Random Sequence 270,>Random Sequence 270,1295,2426
>Random Sequence 271,>Random Sequence 271,1308,2458
>Random Sequence 272,>Random Sequence 272,1300,2443
>Random Sequence 273,>Random Sequence 273,1291,2454
>Random Sequence 274,>Random Sequence 274,1308,2472
>Random Sequence 275,>Random Sequence 275,1301,2437
>Random Sequence 276,>Random Sequence 276,1299,2464
>Random Sequence 277,>Random Sequence 277,1289,2459
>Random Sequence 278,>Random Sequence 278,1295,2441
>Random Sequence 279,>Random Sequence 279,1300,2450
>Random Sequence 280,>Random Sequence 280,1299,2474
>Random Sequence 281,>Random Sequence 281,1297,2478
>Random Sequence 282,>Random Sequence 282,1299,2473
>Random Sequence 283,>Random Sequence 283,1306,2468
>Random Sequence 284,>Random Sequence 284,1301,2468
>Random Sequence 285,>Random Sequence 285,1300,2468
>Random Sequence 286,>Random Sequence 286,1306,2455
>Random Sequence 287,>Random Sequence 287,1311,2443
>Random Sequence 288,>Random Sequence 288,1303,2443
>Random Sequence 289,>Random Sequence 289,1299,2464
>Random Sequence 290,>Random Sequence 290,1306,2457
>Random Sequence 291,>Random Sequence 291,1294,2467
>Random Sequence 292,>Random Sequence 292,1310,2431
>Random Sequence 293,>Random Sequence 293,1297,2428
>Random Sequence 294,>Random Sequence 294,1293,2458
>Random Sequence 295,>Random Sequence 295,1294,2454
>Random Sequence 296,>Random Sequence 296,1295,2508
>Random Sequence 297,>Random Sequence 297,1302,2446
>Random Sequence 298,>Random Sequence 298,1291,2476
>Random Sequence 299,>Random Sequence 299,1293,2448
>Random Sequence 300,>Random Sequence 300,1301,2479
>Random Sequence 301,>Random Sequence 301,1301,2459
>Random Sequence 302,>Random Sequence 302,1291,2448
>Random Sequence 303,>Random Sequence 303,1301,2422
>Random Sequence 304,>Random Sequence 304,1298,2454
>Random Sequence 305,>Random Sequence 305,1291,2471
>Random Sequence 306,>Random Sequence 306,1295,2468
>Random Sequence 307,>Random Sequence 307,1280,2476
>Random Sequence 308,>Random Sequence 308,1302,2454
>Random Sequence 309,>Random Sequence 309,1306,2474
>Random Sequence 310,>Random Sequence 310,1313,2474
>Random Sequence 311,>Random Sequence 311,1302,2467
>Random Sequence 312,>Random Sequence 312,1307,2420
>Random Sequence 313,>Random Sequence 313,1299,2429
>Random Sequence 314,>Random Sequence 314,1299,2442
>Random Sequence 315,>Random Sequence 315,1298,2448
>Random Sequence 316,>Random Sequence 316,1307,2432
>Random Sequence 317,>Random Sequence 317,1304,2445
>Random Sequence 318,>Random Sequence 318,1293,2458
>Random Sequence 319,>Random Sequence 319,1280,2474
>Random Sequence 320,>Random Sequence 320,1301,2469
>Random Sequence 321,>Random Sequence 321,1294,2445
>Random Sequence 322,>Random Sequence 322,1300,2475
>Random Sequence 323,>Random Sequence 323,1294,2440
>Random Sequence 324,>Random Sequence 324,1293,2447
>Random Sequence 325,>Random Sequence 325,1291,2469
>Random Sequence 326,>Random Sequence 326,1303,2456
>Random Sequence 327,>Random Sequence 327,1295,2486
>Random Sequence 328,>Random Sequence 328,1306,2450
>Random Sequence 329,>Random Sequence 329,1300,2487
>Random Sequence 330,>Random Sequence 330,1299,2457
>Random Sequence 331,>Random Sequence 331,1303,2455
>Random Sequence 332,>Random Sequence 332,1288,2477
>Random Sequence 333,>Random Sequence 333,1304,2445
>Random Sequence 334,>Random Sequence 334,1305,2459
>Random Sequence 335,>Random Sequence 335,1300,2453
>Random Sequence 336,>Random Sequence 336,1295,2476
>Random Sequence 337,>Random Sequence 337,1285,2438
>Random Sequence 338,>Random Sequence 338,1305,2456
>Random Sequence 339,>Random Sequence 339,1293,2468
>Random Sequence 340,>Random Sequence 340,1289,2417
>Random Sequence 341,>Random Sequence 341,1293,2453
>Random Sequence 342,>Random Sequence 342,1285,2455
>Random Sequence 343,>Random Sequence 343,1298,2480
>Random Sequence 344,>Random Sequence 344,1303,2445
>Random Sequence 345,>Random Sequence 345,1306,2443
>Random Sequence 346,>Random Sequence 346,1303,2467
>Random Sequence 347,>Random Sequence 347,1293,2444
>Random Sequence 348,>Random Sequence 348,1300,2452
>Random Sequence 349,>Random Sequence 349,1293,2474
>Random Sequence 350,>Random Sequence 350,1288,2430
>Random Sequence 351,>Random Sequence 351,1297,2426
>Random Sequence 352,>Random Sequence 352,1290,2441
>Random Sequence 353,>Random Sequence 353,1287,2449
>Random Sequence 354,>Random Sequence 354,1288,2461
>Random Sequence 355,>Random Sequence 355,1297,2453
>Random Sequence 356,>Random Sequence 356,1295,2454
>Random Sequence 357,>Random Sequence 357,1298,2454
>Random Sequence 358,>Random Sequence 358,1297,2480
>Random Sequence 359,>Random Sequence 359,1294,2462
>Random Sequence 360,>Random Sequence 360,1286,2454
>Random Sequence 361,>Random Sequence 361,1300,2475
>Random Sequence 362,>Random Sequence 362,1305,2454
>Random Sequence 363,>Random Sequence 363,1305,2464
>Random Sequence 364,>Random Sequence 364,1311,2454
>Random Sequence 365,>Random Sequence 365,1300,2465
>Random Sequence 366,>Random Sequence 366,1303,2480
>Random Sequence 367,>Random Sequence 367,1296,2469
>Random Sequence 368,>Random Sequence 368,1301,2428
>Random Sequence 369,>Random Sequence 369,1305,2451
>Random Sequence 370,>Random Sequence 370,1300,2465
>Random Sequence 371,>Random Sequence 371,1311,2452
>Random Sequence 372,>Random Sequence 372,1312,2436
>Random Sequence 373,>Random Sequence 373,1312,2473
>Random Sequence 374,>Random Sequence 374,1304,2464
>Random Sequence 375,>Random Sequence 375,1300,2451
>Random Sequence 376,>Random Sequence 376,1300,2467
>Random Sequence 377,>Random Sequence 377,1296,2469
>Random Sequence 378,>Random Sequence 378,1290,2455
>Random Sequence 379,>Random Sequence 379,1297,2461
>Random Sequence 380,>Random Sequence 380,1303,2465
>Random Sequence 381,>Random Sequence 381,1297,2460
>Random Sequence 382,>Random Sequence 382,1300,2439
>Random Sequence 383,>Random Sequence 383,1293,2433
>Random Sequence 384,>Random Sequence 384,1289,2481
>Random Sequence 385,>Random Sequence 385,1304,2471
>Random Sequence 386,>Random Sequence 386,1293,2436
>Random Sequence 387,>Random Sequence 387,1300,2449
>Random Sequence 388,>Random Sequence 388,1315,2438
>Random Sequence 389,>Random Sequence 389,1311,2457
>Random Sequence 390,>Random Sequence 390,1292,2445
>Random Sequence 391,>Random Sequence 391,1300,2461
>Random Sequence 392,>Random Sequence 392,1295,2462
>Random Sequence 393,>Random Sequence 393,1290,2444
>Random Sequence 394,>Random Sequence 394,1294,2487
>Random Sequence 395,>Random Sequence 395,1314,2440
>Random Sequence 396,>Random Sequence 396,1305,2446
>Random Sequence 397,>Random Sequence 397,1289,2458
>Random Sequence 398,>Random Sequence 398,1305,2475
>Random Sequence 399,>Random Sequence 399,1304,2442
>Random Sequence 400,>Random Sequence 400,1302,2433
>Random Sequence 401,>Random Sequence 401,1289,2448
>Random Sequence 402,>Random Sequence 402,1299,2509
>Random Sequence 403,>Random Sequence 403,1295,2472
>Random Sequence 404,>Random Sequence 404,1299,2450
>Random Sequence 405,>Random Sequence 405,1296,2470
>Random Sequence 406,>Random Sequence 406,1301,2440
>Random Sequence 407,>Random Sequence 407,1299,2462
>Random Sequence 408,>Random Sequence 408,1297,2466
>Random Sequence 409,>Random Sequence 409,1302,2465
>Random Sequence 410,>Random Sequence 410,1287,2440
>Random Sequence 411,>Random Sequence 411,1297,2448
>Random Sequence 412,>Random Sequence 412,1290,2446
>Random Sequence 413,>Random Sequence 413,1306,2430
>Random Sequence 414,>Random Sequence 414,1306,2450
>Random Sequence 415,>Random Sequence 415,1307,2478
>Random Sequence 416,>Random Sequence 416,1293,2430
>Random Sequence 417,>Random Sequence 417,1309,2466
>Random Sequence 418,>Random Sequence 418,1306,2464
>Random Sequence 419,>Random Sequence 419,1294,2456
>Random Sequence 420,>Random Sequence 420,1307,2447
>Random Sequence 421,>Random Sequence 421,1306,2443
>Random Sequence 422,>Random Sequence 422,1305,2450
>Random Sequence 423,>Random Sequence 423,1299,2454
>Random Sequence 424,>Random Sequence 424,1303,2446
>Random Sequence 425,>Random Sequence 425,1304,2424
>Random Sequence 426,>Random Sequence 426,1302,2442
>Random Sequence 427,>Random Sequence 427,1280,2461
>Random Sequence 428,>Random Sequence 428,1290,2443
>Random Sequence 429,>Random Sequence 429,1305,2454
>Random Sequence 430,>Random Sequence 430,1277,2469
>Random Sequence 431,>Random Sequence 431,1304,2466
>Random Sequence 432,>Random Sequence 432,1294,2448
>Random Sequence 433,>Random Sequence 433,1298,2433
>Random Sequence 434,>Random Sequence 434,1295,2442
>Random Sequence 435,>Random Sequence 435,1290,2445
>Random Sequence 436,>Random Sequence 436,1298,2454
>Random Sequence 437,>Random Sequence 437,1291,2476
>Random Sequence 438,>Random Sequence 438,1299,2462
>Random Sequence 439,>Random Sequence 439,1288,2433
>Random Sequence 440,>Random Sequence 440,1306,2467
>Random Sequence 441,>Random Sequence 441,1305,2448
>Random Sequence 442,>Random Sequence 442,1299,2449
>Random Sequence 443,>Random Sequence 443,1294,2462
>Random Sequence 444,>Random Sequence 444,1299,2455
>Random Sequence 445,>Random Sequence 445,1293,2464
>Random Sequence 446,>Random Sequence 446,1299,2458
>Random Sequence 447,>Random Sequence 447,1296,2476
>Random Sequence 448,>Random Sequence 448,1286,2448
>Random Sequence 449,>Random Sequence 449,1302,2457
>Random Sequence 450,>Random Sequence 450,1293,2472
>Random Sequence 451,>Random Sequence 451,1309,2452
>Random Sequence 452,>Random Sequence 452,1300,2442
>Random Sequence 453,>Random Sequence 453,1294,2459
>Random Sequence 454,>Random Sequence 454,1304,2455
>Random Sequence 455,>Random Sequence 455,1290,2478
>Random Sequence 456,>Random Sequence 456,1295,2471
>Random Sequence 457,>Random Sequence 457,1294,2449
>Random Sequence 458,>Random Sequence 458,1295,2430
>Random Sequence 459,>Random Sequence 459,1289,2482
>Random Sequence 460,>Random Sequence 460,1299,2452
>Random Sequence 461,>Random Sequence 461,1306,2462
>Random Sequence 462,>Random Sequence 462,1306,2463
>Random Sequence 463,>Random Sequence 463,1299,2461
>Random Sequence 464,>Random Sequence 464,1291,2460
>Random Sequence 465,>Random Sequence 465,1291,2467
>Random Sequence 466,>Random Sequence 466,1304,2470
>Random Sequence 467,>Random Sequence 467,1303,2446
>Random Sequence 468,>Random Sequence 468,1305,2456
>Random Sequence 469,>Random Sequence 469,1298,2464
>Random Sequence 470,>Random Sequence 470,1298,2451
>Random Sequence 471,>Random Sequence 471,1291,2448
>Random Sequence 472,>Random Sequence 472,1293,2463
>Random Sequence 473,>Random Sequence 473,1297,2452
>Random Sequence 474,>Random Sequence 474,1299,2456
>Random Sequence 475,>Random Sequence 475,1299,2456
>Random Sequence 476,>Random Sequence 476,1303,2454
>Random Sequence 477,>Random Sequence 477,1296,2469
>Random Sequence 478,>Random Sequence 478,1294,2447
>Random Sequence 479,>Random Sequence 479,1293,2447
>Random Sequence 480,>Random Sequence 480,1296,2471
>Random Sequence 481,>Random Sequence 481,1297,2492
>Random Sequence 482,>Random Sequence 482,1303,2451
>Random Sequence 483,>Random Sequence 483,1288,2479
>Random Sequence 484,>Random Sequence 484,1293,2454
>Random Sequence 485,>Random Sequence 485,1291,2430
>Random Sequence 486,>Random Sequence 486,1301,2468
>Random Sequence 487,>Random Sequence 487,1306,2465
>Random Sequence 488,>Random Sequence 488,1309,2464
>Random Sequence 489,>Random Sequence 489,1294,2464
>Random Sequence 490,>Random Sequence 490,1293,2443
>Random Sequence 491,>Random Sequence 491,1295,2471
>Random Sequence 492,>Random Sequence 492,1304,2451
>Random Sequence 493,>Random Sequence 493,1299,2457
>Random Sequence 494,>Random Sequence 494,1289,2452
>Random Sequence 495,>Random Sequence 495,1296,2461
>Random Sequence 496,>Random Sequence 496,1299,2461
>Random Sequence 497,>Random Sequence 497,1298,2454
>Random Sequence 498,>Random Sequence 498,1295,2459
>Random Sequence 499,>Random Sequence 499,1300,2469
>Random Sequence 500,>Random Sequence 500,1301,2465
