seq_from_file1,seq_from_file2,alignment_score,alignment_length
>Random Sequence 1,>Random Sequence 1,2613,4928
>Random Sequence 2,>Random Sequence 2,2610,4911
>Random Sequence 3,>Random Sequence 3,2591,4885
>Random Sequence 4,>Random Sequence 4,2593,4930
>Random Sequence 5,>Random Sequence 5,2600,4916
>Random Sequence 6,>Random Sequence 6,2602,4949
>Random Sequence 7,>Random Sequence 7,2613,4908
>Random Sequence 8,>Random Sequence 8,2598,4939
>Random Sequence 9,>Random Sequence 9,2615,4898
>Random Sequence 10,>Random Sequence 10,2606,4925
>Random Sequence 11,>Random Sequence 11,2597,4933
>Random Sequence 12,>Random Sequence 12,2610,4908
>Random Sequence 13,>Random Sequence 13,2607,4931
>Random Sequence 14,>Random Sequence 14,2581,4929
>Random Sequence 15,>Random Sequence 15,2604,4929
>Random Sequence 16,>Random Sequence 16,2611,4905
>Random Sequence 17,>Random Sequence 17,2602,4955
>Random Sequence 18,>Random Sequence 18,2596,4912
>Random Sequence 19,>Random Sequence 19,2616,4920
>Random Sequence 20,>Random Sequence 20,2603,4915
>Random Sequence 21,>Random Sequence 21,2608,4892
>Random Sequence 22,>Random Sequence 22,2611,4908
>Random Sequence 23,>Random Sequence 23,2604,4939
>Random Sequence 24,>Random Sequence 24,2596,4935
>Random Sequence 25,>Random Sequence 25,2605,4920
>Random Sequence 26,>Random Sequence 26,2595,4909
>Random Sequence 27,>Random Sequence 27,2596,4930
>Random Sequence 28,>Random Sequence 28,2599,4901
>Random Sequence 29,>Random Sequence 29,2599,4931
>Random Sequence 30,>Random Sequence 30,2595,4937
>Random Sequence 31,>Random Sequence 31,2606,4929
>Random Sequence 32,>Random Sequence 32,2615,4911
>Random Sequence 33,>Random Sequence 33,2601,4943
>Random Sequence 34,>Random Sequence 34,2599,4915
>Random Sequence 35,>Random Sequence 35,2610,4929
>Random Sequence 36,>Random Sequence 36,2604,4918
>Random Sequence 37,>Random Sequence 37,2616,4867
>Random Sequence 38,>Random Sequence 38,2604,4898
>Random Sequence 39,>Random Sequence 39,2605,4922
>Random Sequence 40,>Random Sequence 40,2606,4940
>Random Sequence 41,>Random Sequence 41,2598,4862
>Random Sequence 42,>Random Sequence 42,2597,4910
>Random Sequence 43,>Random Sequence 43,2596,4915
>Random Sequence 44,>Random Sequence 44,2596,4918
>Random Sequence 45,>Random Sequence 45,2596,4946
>Random Sequence 46,>Random Sequence 46,2584,4906
>Random Sequence 47,>Random Sequence 47,2609,4922
>Random Sequence 48,>Random Sequence 48,2595,4911
>Random Sequence 49,>Random Sequence 49,2599,4925
>Random Sequence 50,>Random Sequence 50,2613,4927
>Random Sequence 51,>Random Sequence 51,2608,4918
>Random Sequence 52,>Random Sequence 52,2601,4898
>Random Sequence 53,>Random Sequence 53,2608,4895
>Random Sequence 54,>Random Sequence 54,2600,4932
>Random Sequence 55,>Random Sequence 55,2601,4911
>Random Sequence 56,>Random Sequence 56,2608,4920
>Random Sequence 57,>Random Sequence 57,2613,4910
>Random Sequence 58,>Random Sequence 58,2599,4914
>Random Sequence 59,>Random Sequence 59,2606,4937
>Random Sequence 60,>Random Sequence 60,2597,4950
>Random Sequence 61,>Random Sequence 61,2606,4903
>Random Sequence 62,>Random Sequence 62,2612,4929
>Random Sequence 63,>Random Sequence 63,2602,4900
>Random Sequence 64,>Random Sequence 64,2593,4922
>Random Sequence 65,>Random Sequence 65,2604,4944
>Random Sequence 66,>Random Sequence 66,2615,4925
>Random Sequence 67,>Random Sequence 67,2610,4948
>Random Sequence 68,>Random Sequence 68,2614,4911
>Random Sequence 69,>Random Sequence 69,2621,4871
>Random Sequence 70,>Random Sequence 70,2595,4940
>Random Sequence 71,>Random Sequence 71,2606,4924
>Random Sequence 72,>Random Sequence 72,2596,4932
>Random Sequence 73,>Random Sequence 73,2607,4905
>Random Sequence 74,>Random Sequence 74,2609,4920
>Random Sequence 75,>Random Sequence 75,2595,4893
>Random Sequence 76,>Random Sequence 76,2600,4931
>Random Sequence 77,>Random Sequence 77,2599,4954
>Random Sequence 78,>Random Sequence 78,2615,4919
>Random Sequence 79,>Random Sequence 79,2602,4925
>Random Sequence 80,>Random Sequence 80,2612,4905
>Random Sequence 81,>Random Sequence 81,2601,4936
>Random Sequence 82,>Random Sequence 82,2609,4917
>Random Sequence 83,>Random Sequence 83,2592,4921
>Random Sequence 84,>Random Sequence 84,2595,4886
>Random Sequence 85,>Random Sequence 85,2619,4901
>Random Sequence 86,>Random Sequence 86,2604,4891
>Random Sequence 87,>Random Sequence 87,2611,4929
>Random Sequence 88,>Random Sequence 88,2590,4931
>Random Sequence 89,>Random Sequence 89,2593,4960
>Random Sequence 90,>Random Sequence 90,2609,4931
>Random Sequence 91,>Random Sequence 91,2595,4952
>Random Sequence 92,>Random Sequence 92,2594,4890
>Random Sequence 93,>Random Sequence 93,2610,4913
>Random Sequence 94,>Random Sequence 94,2589,4933
>Random Sequence 95,>Random Sequence 95,2623,4930
>Random Sequence 96,>Random Sequence 96,2607,4896
>Random Sequence 97,>Random Sequence 97,2586,4936
>Random Sequence 98,>Random Sequence 98,2598,4948
>Random Sequence 99,>Random Sequence 99,2618,4891
>Random Sequence 100,>Random Sequence 100,2597,4934
>Random Sequence 101,>Random Sequence 101,2604,4906
>Random Sequence 102,>Random Sequence 102,2600,4878
>Random Sequence 103,>Random Sequence 103,2601,4888
>Random Sequence 104,>Random Sequence 104,2587,4917
>Random Sequence 105,>Random Sequence 105,2607,4912
>Random Sequence 106,>Random Sequence 106,2587,4940
>Random Sequence 107,>Random Sequence 107,2600,4924
>Random Sequence 108,>Random Sequence 108,2596,4929
>Random Sequence 109,>Random Sequence 109,2612,4881
>Random Sequence 110,>Random Sequence 110,2591,4929
>Random Sequence 111,>Random Sequence 111,2604,4958
>Random Sequence 112,>Random Sequence 112,2602,4908
>Random Sequence 113,>Random Sequence 113,2595,4901
>Random Sequence 114,>Random Sequence 114,2605,4917
>Random Sequence 115,>Random Sequence 115,2611,4931
>Random Sequence 116,>Random Sequence 116,2612,4916
>Random Sequence 117,>Random Sequence 117,2605,4949
>Random Sequence 118,>Random Sequence 118,2602,4905
>Random Sequence 119,>Random Sequence 119,2621,4904
>Random Sequence 120,>Random Sequence 120,2593,4953
>Random Sequence 121,>Random Sequence 121,2599,4924
>Random Sequence 122,>Random Sequence 122,2610,4940
>Random Sequence 123,>Random Sequence 123,2622,4926
>Random Sequence 124,>Random Sequence 124,2607,4924
>Random Sequence 125,>Random Sequence 125,2613,4938
>Random Sequence 126,>Random Sequence 126,2604,4941
>Random Sequence 127,>Random Sequence 127,2596,4891
>Random Sequence 128,>Random Sequence 128,2597,4925
>Random Sequence 129,>Random Sequence 129,2607,4893
>Random Sequence 130,>Random Sequence 130,2610,4890
>Random Sequence 131,>Random Sequence 131,2595,4937
>Random Sequence 132,>Random Sequence 132,2599,4913
>Random Sequence 133,>Random Sequence 133,2594,4923
>Random Sequence 134,>Random Sequence 134,2602,4922
>Random Sequence 135,>Random Sequence 135,2611,4935
>Random Sequence 136,>Random Sequence 136,2603,4895
>Random Sequence 137,>Random Sequence 137,2603,4924
>Random Sequence 138,>Random Sequence 138,2607,4879
>Random Sequence 139,>Random Sequence 139,2605,4891
>Random Sequence 140,>Random Sequence 140,2593,4928
>Random Sequence 141,>Random Sequence 141,2607,4935
>Random Sequence 142,>Random Sequence 142,2627,4908
>Random Sequence 143,>Random Sequence 143,2623,4927
>Random Sequence 144,>Random Sequence 144,2610,4921
>Random Sequence 145,>Random Sequence 145,2612,4904
>Random Sequence 146,>Random Sequence 146,2613,4931
>Random Sequence 147,>Random Sequence 147,2608,4964
>Random Sequence 148,>Random Sequence 148,2592,4938
>Random Sequence 149,>Random Sequence 149,2600,4893
>Random Sequence 150,>Random Sequence 150,2614,4923
>Random Sequence 151,>Random Sequence 151,2606,4930
>Random Sequence 152,>Random Sequence 152,2599,4934
>Random Sequence 153,>Random Sequence 153,2603,4915
>Random Sequence 154,>Random Sequence 154,2603,4927
>Random Sequence 155,>Random Sequence 155,2597,4958
>Random Sequence 156,>Random Sequence 156,2595,4901
>Random Sequence 157,>Random Sequence 157,2607,4936
>Random Sequence 158,>Random Sequence 158,2601,4923
>Random Sequence 159,>Random Sequence 159,2604,4941
>Random Sequence 160,>Random Sequence 160,2598,4921
>Random Sequence 161,>Random Sequence 161,2608,4950
>Random Sequence 162,>Random Sequence 162,2593,4927
>Random Sequence 163,>Random Sequence 163,2586,4910
>Random Sequence 164,>Random Sequence 164,2597,4927
>Random Sequence 165,>Random Sequence 165,2620,4933
>Random Sequence 166,>Random Sequence 166,2609,4942
>Random Sequence 167,>Random Sequence 167,2626,4935
>Random Sequence 168,>Random Sequence 168,2610,4877
>Random Sequence 169,>Random Sequence 169,2603,4890
>Random Sequence 170,>Random Sequence 170,2611,4932
>Random Sequence 171,>Random Sequence 171,2590,4917
>Random Sequence 172,>Random Sequence 172,2600,4902
>Random Sequence 173,>Random Sequence 173,2606,4906
>Random Sequence 174,>Random Sequence 174,2607,4907
>Random Sequence 175,>Random Sequence 175,2598,4905
>Random Sequence 176,>Random Sequence 176,2595,4884
>Random Sequence 177,>Random Sequence 177,2611,4912
>Random Sequence 178,>Random Sequence 178,2614,4941
>Random Sequence 179,>Random Sequence 179,2610,4930
>Random Sequence 180,>Random Sequence 180,2597,4914
>Random Sequence 181,>Random Sequence 181,2605,4891
>Random Sequence 182,>Random Sequence 182,2595,4915
>Random Sequence 183,>Random Sequence 183,2591,4942
>Random Sequence 184,>Random Sequence 184,2613,4921
>Random Sequence 185,>Random Sequence 185,2625,4940
>Random Sequence 186,>Random Sequence 186,2598,4900
>Random Sequence 187,>Random Sequence 187,2584,4925
>Random Sequence 188,>Random Sequence 188,2596,4920
>Random Sequence 189,>Random Sequence 189,2601,4917
>Random Sequence 190,>Random Sequence 190,2605,4907
>Random Sequence 191,>Random Sequence 191,2610,4924
>Random Sequence 192,>Random Sequence 192,2601,4938
>Random Sequence 193,>Random Sequence 193,2621,4914
>Random Sequence 194,>Random Sequence 194,2607,4918
>Random Sequence 195,>Random Sequence 195,2607,4914
>Random Sequence 196,>Random Sequence 196,2602,4883
>Random Sequence 197,>Random Sequence 197,2614,4909
>Random Sequence 198,>Random Sequence 198,2615,4928
>Random Sequence 199,>Random Sequence 199,2603,4917
>Random Sequence 200,>Random Sequence 200,2589,4951
>Random Sequence 201,>Random Sequence 201,2609,4920
>Random Sequence 202,>Random Sequence 202,2605,4966
>Random Sequence 203,>Random Sequence 203,2596,4929
>Random Sequence 204,>Random Sequence 204,2605,4922
>Random Sequence 205,>Random Sequence 205,2609,4942
>Random Sequence 206,>Random Sequence 206,2587,4944
>Random Sequence 207,>Random Sequence 207,2607,4882
>Random Sequence 208,>Random Sequence 208,2595,4932
>Random Sequence 209,>Random Sequence 209,2606,4911
>Random Sequence 210,>Random Sequence 210,2601,4910
>Random Sequence 211,>Random Sequence 211,2610,4861
>Random Sequence 212,>Random Sequence 212,2606,4899
>Random Sequence 213,>Random Sequence 213,2595,4876
>Random Sequence 214,>Random Sequence 214,2604,4921
>Random Sequence 215,>Random Sequence 215,2604,4880
>Random Sequence 216,>Random Sequence 216,2605,4900
>Random Sequence 217,>Random Sequence 217,2598,4958
>Random Sequence 218,>Random Sequence 218,2614,4877
>Random Sequence 219,>Random Sequence 219,2594,4902
>Random Sequence 220,>Random Sequence 220,2603,4892
>Random Sequence 221,>Random Sequence 221,2605,4922
>Random Sequence 222,>Random Sequence 222,2598,4920
>Random Sequence 223,>Random Sequence 223,2598,4896
>Random Sequence 224,>Random Sequence 224,2619,4910
>Random Sequence 225,>Random Sequence 225,2598,4895
>Random Sequence 226,>Random Sequence 226,2605,4921
>Random Sequence 227,>Random Sequence 227,2608,4934
>Random Sequence 228,>Random Sequence 228,2614,4926
>Random Sequence 229,>Random Sequence 229,2608,4906
>Random Sequence 230,>Random Sequence 230,2597,4948
>Random Sequence 231,>Random Sequence 231,2624,4939
>Random Sequence 232,>Random Sequence 232,2593,4908
>Random Sequence 233,>Random Sequence 233,2600,4897
>Random Sequence 234,>Random Sequence 234,2585,4934
>Random Sequence 235,>Random Sequence 235,2580,4938
>Random Sequence 236,>Random Sequence 236,2620,4900
>Random Sequence 237,>Random Sequence 237,2612,4919
>Random Sequence 238,>Random Sequence 238,2589,4881
>Random Sequence 239,>Random Sequence 239,2614,4880
>Random Sequence 240,>Random Sequence 240,2594,4889
>Random Sequence 241,>Random Sequence 241,2603,4960
>Random Sequence 242,>Random Sequence 242,2595,4889
>Random Sequence 243,>Random Sequence 243,2595,4894
>Random Sequence 244,>Random Sequence 244,2597,4970
>Random Sequence 245,>Random Sequence 245,2606,4926
>Random Sequence 246,>Random Sequence 246,2599,4913
>Random Sequence 247,>Random Sequence 247,2616,4918
>Random Sequence 248,>Random Sequence 248,2605,4918
>Random Sequence 249,>Random Sequence 249,2590,4944
>Random Sequence 250,>Random Sequence 250,2611,4908
>Random Sequence 251,>Random Sequence 251,2611,4922
>Random Sequence 252,>Random Sequence 252,2594,4912
>Random Sequence 253,>Random Sequence 253,2610,4924
>Random Sequence 254,>Random Sequence 254,2598,4861
>Random Sequence 255,>Random Sequence 255,2598,4877
>Random Sequence 256,>Random Sequence 256,2620,4903
>Random Sequence 257,>Random Sequence 257,2589,4921
>Random Sequence 258,>Random Sequence 258,2612,4947
>Random Sequence 259,>Random Sequence 259,2597,4965
>Random Sequence 260,>Random Sequence 260,2586,4916
>Random Sequence 261,>Random Sequence 261,2592,4934
>Random Sequence 262,>Random Sequence 262,2605,4895
>Random Sequence 263,>Random Sequence 263,2602,4940
>Random Sequence 264,>Random Sequence 264,2594,4877
>Random Sequence 265,>Random Sequence 265,2610,4941
>Random Sequence 266,>Random Sequence 266,2594,4843
>Random Sequence 267,>Random Sequence 267,2605,4949
>Random Sequence 268,>Random Sequence 268,2602,4976
>Random Sequence 269,>Random Sequence 269,2591,4932
>Random Sequence 270,>Random Sequence 270,2603,4914
>Random Sequence 271,>Random Sequence 271,2609,4909
>Random Sequence 272,>Random Sequence 272,2604,4913
>Random Sequence 273,>Random Sequence 273,2601,4966
>Random Sequence 274,>Random Sequence 274,2605,4902
>Random Sequence 275,>Random Sequence 275,2618,4882
>Random Sequence 276,>Random Sequence 276,2605,4918
>Random Sequence 277,>Random Sequence 277,2617,4901
>Random Sequence 278,>Random Sequence 278,2596,4928
>Random Sequence 279,>Random Sequence 279,2599,4958
>Random Sequence 280,>Random Sequence 280,2600,4923
>Random Sequence 281,>Random Sequence 281,2612,4897
>Random Sequence 282,>Random Sequence 282,2604,4934
>Random Sequence 283,>Random Sequence 283,2610,4930
>Random Sequence 284,>Random Sequence 284,2599,4923
>Random Sequence 285,>Random Sequence 285,2596,4891
>Random Sequence 286,>Random Sequence 286,2598,4888
>Random Sequence 287,>Random Sequence 287,2603,4882
>Random Sequence 288,>Random Sequence 288,2623,4924
>Random Sequence 289,>Random Sequence 289,2592,4942
>Random Sequence 290,>Random Sequence 290,2617,4967
>Random Sequence 291,>Random Sequence 291,2608,4920
>Random Sequence 292,>Random Sequence 292,2609,4857
>Random Sequence 293,>Random Sequence 293,2598,4965
>Random Sequence 294,>Random Sequence 294,2622,4905
>Random Sequence 295,>Random Sequence 295,2621,4919
>Random Sequence 296,>Random Sequence 296,2614,4880
>Random Sequence 297,>Random Sequence 297,2603,4922
>Random Sequence 298,>Random Sequence 298,2608,4921
>Random Sequence 299,>Random Sequence 299,2613,4908
>Random Sequence 300,>Random Sequence 300,2610,4945
>Random Sequence 301,>Random Sequence 301,2605,4905
>Random Sequence 302,>Random Sequence 302,2595,4953
>Random Sequence 303,>Random Sequence 303,2606,4940
>Random Sequence 304,>Random Sequence 304,2615,4898
>Random Sequence 305,>Random Sequence 305,2604,4916
>Random Sequence 306,>Random Sequence 306,2616,4904
>Random Sequence 307,>Random Sequence 307,2596,4916
>Random Sequence 308,>Random Sequence 308,2608,4937
>Random Sequence 309,>Random Sequence 309,2612,4894
>Random Sequence 310,>Random Sequence 310,2624,4898
>Random Sequence 311,>Random Sequence 311,2594,4893
>Random Sequence 312,>Random Sequence 312,2604,4921
>Random Sequence 313,>Random Sequence 313,2597,4897
>Random Sequence 314,>Random Sequence 314,2591,4905
>Random Sequence 315,>Random Sequence 315,2606,4965
>Random Sequence 316,>Random Sequence 316,2604,4934
>Random Sequence 317,>Random Sequence 317,2586,4909
>Random Sequence 318,>Random Sequence 318,2611,4948
>Random Sequence 319,>Random Sequence 319,2602,4941
>Random Sequence 320,>Random Sequence 320,2606,4910
>Random Sequence 321,>Random Sequence 321,2618,4916
>Random Sequence 322,>Random Sequence 322,2613,4924
>Random Sequence 323,>Random Sequence 323,2604,4940
>Random Sequence 324,>Random Sequence 324,2600,4926
>Random Sequence 325,>Random Sequence 325,2604,4911
>Random Sequence 326,>Random Sequence 326,2597,4900
>Random Sequence 327,>Random Sequence 327,2602,4928
>Random Sequence 328,>Random Sequence 328,2605,4915
>Random Sequence 329,>Random Sequence 329,2602,4899
>Random Sequence 330,>Random Sequence 330,2615,4905
>Random Sequence 331,>Random Sequence 331,2619,4905
>Random Sequence 332,>Random Sequence 332,2609,4919
>Random Sequence 333,>Random Sequence 333,2603,4940
>Random Sequence 334,>Random Sequence 334,2606,4930
>Random Sequence 335,>Random Sequence 335,2596,4923
>Random Sequence 336,>Random Sequence 336,2613,4923
>Random Sequence 337,>Random Sequence 337,2603,4928
>Random Sequence 338,>Random Sequence 338,2611,4905
>Random Sequence 339,>Random Sequence 339,2611,4923
>Random Sequence 340,>Random Sequence 340,2593,4931
>Random Sequence 341,>Random Sequence 341,2604,4886
>Random Sequence 342,>Random Sequence 342,2605,4951
>Random Sequence 343,>Random Sequence 343,2614,4937
>Random Sequence 344,>Random Sequence 344,2609,4928
>Random Sequence 345,>Random Sequence 345,2608,4914
>Random Sequence 346,>Random Sequence 346,2614,4886
>Random Sequence 347,>Random Sequence 347,2610,4911
>Random Sequence 348,>Random Sequence 348,2610,4927
>Random Sequence 349,>Random Sequence 349,2593,4955
>Random Sequence 350,>Random Sequence 350,2611,4945
>Random Sequence 351,>Random Sequence 351,2613,4903
>Random Sequence 352,>Random Sequence 352,2594,4937
>Random Sequence 353,>Random Sequence 353,2596,4919
>Random Sequence 354,>Random Sequence 354,2588,4938
>Random Sequence 355,>Random Sequence 355,2609,4960
>Random Sequence 356,>Random Sequence 356,2604,4893
>Random Sequence 357,>Random Sequence 357,2595,4944
>Random Sequence 358,>Random Sequence 358,2612,4924
>Random Sequence 359,>Random Sequence 359,2614,4885
>Random Sequence 360,>Random Sequence 360,2604,4942
>Random Sequence 361,>Random Sequence 361,2600,4902
>Random Sequence 362,>Random Sequence 362,2612,4928
>Random Sequence 363,>Random Sequence 363,2598,4900
>Random Sequence 364,>Random Sequence 364,2627,4889
>Random Sequence 365,>Random Sequence 365,2593,4918
>Random Sequence 366,>Random Sequence 366,2598,4909
>Random Sequence 367,>Random Sequence 367,2599,4920
>Random Sequence 368,>Random Sequence 368,2605,4925
>Random Sequence 369,>Random Sequence 369,2610,4917
>Random Sequence 370,>Random Sequence 370,2604,4934
>Random Sequence 371,>Random Sequence 371,2608,4934
>Random Sequence 372,>Random Sequence 372,2610,4898
>Random Sequence 373,>Random Sequence 373,2612,4926
>Random Sequence 374,>Random Sequence 374,2596,4942
>Random Sequence 375,>Random Sequence 375,2605,4954
>Random Sequence 376,>Random Sequence 376,2599,4942
>Random Sequence 377,>Random Sequence 377,2595,4931
>Random Sequence 378,>Random Sequence 378,2591,4922
>Random Sequence 379,>Random Sequence 379,2611,4937
>Random Sequence 380,>Random Sequence 380,2607,4926
>Random Sequence 381,>Random Sequence 381,2605,4923
>Random Sequence 382,>Random Sequence 382,2616,4908
>Random Sequence 383,>Random Sequence 383,2610,4951
>Random Sequence 384,>Random Sequence 384,2589,4913
>Random Sequence 385,>Random Sequence 385,2590,4950
>Random Sequence 386,>Random Sequence 386,2611,4917
>Random Sequence 387,>Random Sequence 387,2604,4909
>Random Sequence 388,>Random Sequence 388,2591,4911
>Random Sequence 389,>Random Sequence 389,2615,4922
>Random Sequence 390,>Random Sequence 390,2601,4933
>Random Sequence 391,>Random Sequence 391,2588,4902
>Random Sequence 392,>Random Sequence 392,2603,4974
>Random Sequence 393,>Random Sequence 393,2602,4901
>Random Sequence 394,>Random Sequence 394,2588,4917
>Random Sequence 395,>Random Sequence 395,2603,4932
>Random Sequence 396,>Random Sequence 396,2612,4893
>Random Sequence 397,>Random Sequence 397,2607,4911
>Random Sequence 398,>Random Sequence 398,2600,4902
>Random Sequence 399,>Random Sequence 399,2606,4888
>Random Sequence 400,>Random Sequence 400,2592,4932
>Random Sequence 401,>Random Sequence 401,2606,4929
>Random Sequence 402,>Random Sequence 402,2593,4933
>Random Sequence 403,>Random Sequence 403,2610,4936
>Random Sequence 404,>Random Sequence 404,2612,4927
>Random Sequence 405,>Random Sequence 405,2595,4957
>Random Sequence 406,>Random Sequence 406,2602,4911
>Random Sequence 407,>Random Sequence 407,2587,4928
>Random Sequence 408,>Random Sequence 408,2613,4929
>Random Sequence 409,>Random Sequence 409,2615,4932
>Random Sequence 410,>Random Sequence 410,2597,4924
>Random Sequence 411,>Random Sequence 411,2614,4876
>Random Sequence 412,>Random Sequence 412,2599,4913
>Random Sequence 413,>Random Sequence 413,2602,4944
>Random Sequence 414,>Random Sequence 414,2606,4938
>Random Sequence 415,>Random Sequence 415,2604,4933
>Random Sequence 416,>Random Sequence 416,2607,4918
>Random Sequence 417,>Random Sequence 417,2593,4910
>Random Sequence 418,>Random Sequence 418,2606,4911
>Random Sequence 419,>Random Sequence 419,2606,4886
>Random Sequence 420,>Random Sequence 420,2618,4907
>Random Sequence 421,>Random Sequence 421,2618,4937
>Random Sequence 422,>Random Sequence 422,2615,4954
>Random Sequence 423,>Random Sequence 423,2602,4933
>Random Sequence 424,>Random Sequence 424,2606,4896
>Random Sequence 425,>Random Sequence 425,2602,4946
>Random Sequence 426,>Random Sequence 426,2602,4915
>Random Sequence 427,>Random Sequence 427,2602,4915
>Random Sequence 428,>Random Sequence 428,2603,4933
>Random Sequence 429,>Random Sequence 429,2608,4891
>Random Sequence 430,>Random Sequence 430,2601,4917
>Random Sequence 431,>Random Sequence 431,2602,4917
>Random Sequence 432,>Random Sequence 432,2605,4920
>Random Sequence 433,>Random Sequence 433,2602,4928
>Random Sequence 434,>Random Sequence 434,2609,4907
>Random Sequence 435,>Random Sequence 435,2619,4930
>Random Sequence 436,>Random Sequence 436,2596,4945
>Random Sequence 437,>Random Sequence 437,2614,4932
>Random Sequence 438,>Random Sequence 438,2613,4903
>Random Sequence 439,>Random Sequence 439,2599,4944
>Random Sequence 440,>Random Sequence 440,2601,4933
>Random Sequence 441,>Random Sequence 441,2611,4937
>Random Sequence 442,>Random Sequence 442,2618,4884
>Random Sequence 443,>Random Sequence 443,2613,4917
>Random Sequence 444,>Random Sequence 444,2617,4924
>Random Sequence 445,>Random Sequence 445,2599,4896
>Random Sequence 446,>Random Sequence 446,2596,4888
>Random Sequence 447,>Random Sequence 447,2610,4898
>Random Sequence 448,>Random Sequence 448,2598,4931
>Random Sequence 449,>Random Sequence 449,2602,4935
>Random Sequence 450,>Random Sequence 450,2608,4944
>Random Sequence 451,>Random Sequence 451,2597,4913
>Random Sequence 452,>Random Sequence 452,2599,4927
>Random Sequence 453,>Random Sequence 453,2591,4906
>Random Sequence 454,>Random Sequence 454,2603,4940
>Random Sequence 455,>Random Sequence 455,2594,4875
>Random Sequence 456,>Random Sequence 456,2602,4910
>Random Sequence 457,>Random Sequence 457,2605,4891
>Random Sequence 458,>Random Sequence 458,2614,4940
>Random Sequence 459,>Random Sequence 459,2604,4924
>Random Sequence 460,>Random Sequence 460,2604,4928
>Random Sequence 461,>Random Sequence 461,2593,4904
>Random Sequence 462,>Random Sequence 462,2606,4920
>Random Sequence 463,>Random Sequence 463,2601,4903
>Random Sequence 464,>Random Sequence 464,2603,4950
>Random Sequence 465,>Random Sequence 465,2603,4914
>Random Sequence 466,>Random Sequence 466,2618,4897
>Random Sequence 467,>Random Sequence 467,2615,4903
>Random Sequence 468,>Random Sequence 468,2603,4940
>Random Sequence 469,>Random Sequence 469,2611,4941
>Random Sequence 470,>Random Sequence 470,2597,4908
>Random Sequence 471,>Random Sequence 471,2596,4905
>Random Sequence 472,>Random Sequence 472,2602,4901
>Random Sequence 473,>Random Sequence 473,2611,4911
>Random Sequence 474,>Random Sequence 474,2621,4926
>Random Sequence 475,>Random Sequence 475,2604,4890
>Random Sequence 476,>Random Sequence 476,2610,4923
>Random Sequence 477,>Random Sequence 477,2626,4921
>Random Sequence 478,>Random Sequence 478,2604,4923
>Random Sequence 479,>Random Sequence 479,2618,4895
>Random Sequence 480,>Random Sequence 480,2603,4906
>Random Sequence 481,>Random Sequence 481,2604,4919
>Random Sequence 482,>Random Sequence 482,2604,4922
>Random Sequence 483,>Random Sequence 483,2597,4940
>Random Sequence 484,>Random Sequence 484,2607,4943
>Random Sequence 485,>Random Sequence 485,2607,4915
>Random Sequence 486,>Random Sequence 486,2606,4947
>Random Sequence 487,>Random Sequence 487,2597,4912
>Random Sequence 488,>Random Sequence 488,2608,4933
>Random Sequence 489,>Random Sequence 489,2603,4928
>Random Sequence 490,>Random Sequence 490,2610,4940
>Random Sequence 491,>Random Sequence 491,2609,4926
>Random Sequence 492,>Random Sequence 492,2597,4924
>Random Sequence 493,>Random Sequence 493,2596,4910
>Random Sequence 494,>Random Sequence 494,2600,4899
>Random Sequence 495,>Random Sequence 495,2603,4886
>Random Sequence 496,>Random Sequence 496,2608,4917
>Random Sequence 497,>Random Sequence 497,2608,4930
>Random Sequence 498,>Random Sequence 498,2613,4919
>Random Sequence 499,>Random Sequence 499,2596,4910
>Random Sequence 500,>Random Sequence 500,2613,4908
