seq_from_file1,seq_from_file2,alignment_score,alignment_length
>Random Sequence 1,>Random Sequence 1,9,9
>Random Sequence 2,>Random Sequence 2,8,8
>Random Sequence 3,>Random Sequence 3,8,8
>Random Sequence 4,>Random Sequence 4,9,9
>Random Sequence 5,>Random Sequence 5,8,8
>Random Sequence 6,>Random Sequence 6,11,11
>Random Sequence 7,>Random Sequence 7,10,10
>Random Sequence 8,>Random Sequence 8,8,8
>Random Sequence 9,>Random Sequence 9,8,8
>Random Sequence 10,>Random Sequence 10,8,8
>Random Sequence 11,>Random Sequence 11,9,9
>Random Sequence 12,>Random Sequence 12,10,10
>Random Sequence 13,>Random Sequence 13,8,8
>Random Sequence 14,>Random Sequence 14,8,8
>Random Sequence 15,>Random Sequence 15,9,9
>Random Sequence 16,>Random Sequence 16,8,8
>Random Sequence 17,>Random Sequence 17,9,9
>Random Sequence 18,>Random Sequence 18,8,8
>Random Sequence 19,>Random Sequence 19,8,8
>Random Sequence 20,>Random Sequence 20,8,8
>Random Sequence 21,>Random Sequence 21,8,8
>Random Sequence 22,>Random Sequence 22,9,9
>Random Sequence 23,>Random Sequence 23,8,8
>Random Sequence 24,>Random Sequence 24,10,10
>Random Sequence 25,>Random Sequence 25,9,9
>Random Sequence 26,>Random Sequence 26,8,8
>Random Sequence 27,>Random Sequence 27,7,7
>Random Sequence 28,>Random Sequence 28,10,10
>Random Sequence 29,>Random Sequence 29,9,9
>Random Sequence 30,>Random Sequence 30,9,9
>Random Sequence 31,>Random Sequence 31,9,9
>Random Sequence 32,>Random Sequence 32,10,10
>Random Sequence 33,>Random Sequence 33,9,9
>Random Sequence 34,>Random Sequence 34,10,10
>Random Sequence 35,>Random Sequence 35,9,9
>Random Sequence 36,>Random Sequence 36,8,8
>Random Sequence 37,>Random Sequence 37,9,9
>Random Sequence 38,>Random Sequence 38,11,11
>Random Sequence 39,>Random Sequence 39,8,8
>Random Sequence 40,>Random Sequence 40,10,10
>Random Sequence 41,>Random Sequence 41,9,9
>Random Sequence 42,>Random Sequence 42,8,8
>Random Sequence 43,>Random Sequence 43,9,9
>Random Sequence 44,>Random Sequence 44,9,9
>Random Sequence 45,>Random Sequence 45,8,8
>Random Sequence 46,>Random Sequence 46,9,9
>Random Sequence 47,>Random Sequence 47,7,7
>Random Sequence 48,>Random Sequence 48,7,7
>Random Sequence 49,>Random Sequence 49,9,9
>Random Sequence 50,>Random Sequence 50,8,8
>Random Sequence 51,>Random Sequence 51,9,9
>Random Sequence 52,>Random Sequence 52,8,8
>Random Sequence 53,>Random Sequence 53,9,9
>Random Sequence 54,>Random Sequence 54,10,10
>Random Sequence 55,>Random Sequence 55,8,8
>Random Sequence 56,>Random Sequence 56,9,9
>Random Sequence 57,>Random Sequence 57,9,9
>Random Sequence 58,>Random Sequence 58,8,8
>Random Sequence 59,>Random Sequence 59,9,9
>Random Sequence 60,>Random Sequence 60,9,9
>Random Sequence 61,>Random Sequence 61,10,10
>Random Sequence 62,>Random Sequence 62,8,8
>Random Sequence 63,>Random Sequence 63,8,8
>Random Sequence 64,>Random Sequence 64,8,8
>Random Sequence 65,>Random Sequence 65,7,7
>Random Sequence 66,>Random Sequence 66,9,9
>Random Sequence 67,>Random Sequence 67,10,10
>Random Sequence 68,>Random Sequence 68,8,8
>Random Sequence 69,>Random Sequence 69,8,8
>Random Sequence 70,>Random Sequence 70,8,8
>Random Sequence 71,>Random Sequence 71,9,9
>Random Sequence 72,>Random Sequence 72,9,9
>Random Sequence 73,>Random Sequence 73,8,8
>Random Sequence 74,>Random Sequence 74,8,8
>Random Sequence 75,>Random Sequence 75,10,10
>Random Sequence 76,>Random Sequence 76,9,9
>Random Sequence 77,>Random Sequence 77,10,10
>Random Sequence 78,>Random Sequence 78,8,8
>Random Sequence 79,>Random Sequence 79,9,9
>Random Sequence 80,>Random Sequence 80,8,8
>Random Sequence 81,>Random Sequence 81,11,11
>Random Sequence 82,>Random Sequence 82,9,9
>Random Sequence 83,>Random Sequence 83,8,8
>Random Sequence 84,>Random Sequence 84,8,8
>Random Sequence 85,>Random Sequence 85,9,9
>Random Sequence 86,>Random Sequence 86,8,8
>Random Sequence 87,>Random Sequence 87,9,9
>Random Sequence 88,>Random Sequence 88,7,77
>Random Sequence 89,>Random Sequence 89,9,9
>Random Sequence 90,>Random Sequence 90,8,8
>Random Sequence 91,>Random Sequence 91,9,9
>Random Sequence 92,>Random Sequence 92,8,8
>Random Sequence 93,>Random Sequence 93,10,10
>Random Sequence 94,>Random Sequence 94,8,8
>Random Sequence 95,>Random Sequence 95,9,9
>Random Sequence 96,>Random Sequence 96,8,8
>Random Sequence 97,>Random Sequence 97,8,8
>Random Sequence 98,>Random Sequence 98,8,8
>Random Sequence 99,>Random Sequence 99,8,8
>Random Sequence 100,>Random Sequence 100,8,8
>Random Sequence 101,>Random Sequence 101,9,9
>Random Sequence 102,>Random Sequence 102,8,8
>Random Sequence 103,>Random Sequence 103,9,9
>Random Sequence 104,>Random Sequence 104,8,8
>Random Sequence 105,>Random Sequence 105,8,8
>Random Sequence 106,>Random Sequence 106,11,11
>Random Sequence 107,>Random Sequence 107,8,8
>Random Sequence 108,>Random Sequence 108,10,10
>Random Sequence 109,>Random Sequence 109,8,8
>Random Sequence 110,>Random Sequence 110,7,7
>Random Sequence 111,>Random Sequence 111,8,8
>Random Sequence 112,>Random Sequence 112,8,8
>Random Sequence 113,>Random Sequence 113,8,8
>Random Sequence 114,>Random Sequence 114,11,11
>Random Sequence 115,>Random Sequence 115,8,8
>Random Sequence 116,>Random Sequence 116,9,9
>Random Sequence 117,>Random Sequence 117,8,8
>Random Sequence 118,>Random Sequence 118,10,10
>Random Sequence 119,>Random Sequence 119,9,9
>Random Sequence 120,>Random Sequence 120,9,9
>Random Sequence 121,>Random Sequence 121,8,8
>Random Sequence 122,>Random Sequence 122,8,8
>Random Sequence 123,>Random Sequence 123,8,8
>Random Sequence 124,>Random Sequence 124,8,8
>Random Sequence 125,>Random Sequence 125,9,9
>Random Sequence 126,>Random Sequence 126,9,9
>Random Sequence 127,>Random Sequence 127,9,9
>Random Sequence 128,>Random Sequence 128,8,8
>Random Sequence 129,>Random Sequence 129,8,8
>Random Sequence 130,>Random Sequence 130,8,8
>Random Sequence 131,>Random Sequence 131,10,10
>Random Sequence 132,>Random Sequence 132,8,8
>Random Sequence 133,>Random Sequence 133,8,8
>Random Sequence 134,>Random Sequence 134,9,9
>Random Sequence 135,>Random Sequence 135,10,10
>Random Sequence 136,>Random Sequence 136,9,9
>Random Sequence 137,>Random Sequence 137,9,9
>Random Sequence 138,>Random Sequence 138,8,8
>Random Sequence 139,>Random Sequence 139,7,7
>Random Sequence 140,>Random Sequence 140,8,8
>Random Sequence 141,>Random Sequence 141,9,9
>Random Sequence 142,>Random Sequence 142,9,9
>Random Sequence 143,>Random Sequence 143,8,8
>Random Sequence 144,>Random Sequence 144,10,10
>Random Sequence 145,>Random Sequence 145,8,8
>Random Sequence 146,>Random Sequence 146,11,11
>Random Sequence 147,>Random Sequence 147,8,8
>Random Sequence 148,>Random Sequence 148,8,8
>Random Sequence 149,>Random Sequence 149,8,8
>Random Sequence 150,>Random Sequence 150,9,9
>Random Sequence 151,>Random Sequence 151,9,9
>Random Sequence 152,>Random Sequence 152,8,8
>Random Sequence 153,>Random Sequence 153,7,7
>Random Sequence 154,>Random Sequence 154,8,8
>Random Sequence 155,>Random Sequence 155,9,9
>Random Sequence 156,>Random Sequence 156,9,9
>Random Sequence 157,>Random Sequence 157,8,8
>Random Sequence 158,>Random Sequence 158,8,8
>Random Sequence 159,>Random Sequence 159,9,9
>Random Sequence 160,>Random Sequence 160,8,8
>Random Sequence 161,>Random Sequence 161,8,8
>Random Sequence 162,>Random Sequence 162,10,10
>Random Sequence 163,>Random Sequence 163,11,11
>Random Sequence 164,>Random Sequence 164,10,10
>Random Sequence 165,>Random Sequence 165,9,9
>Random Sequence 166,>Random Sequence 166,9,9
>Random Sequence 167,>Random Sequence 167,8,8
>Random Sequence 168,>Random Sequence 168,8,8
>Random Sequence 169,>Random Sequence 169,9,9
>Random Sequence 170,>Random Sequence 170,11,11
>Random Sequence 171,>Random Sequence 171,8,8
>Random Sequence 172,>Random Sequence 172,8,8
>Random Sequence 173,>Random Sequence 173,8,8
>Random Sequence 174,>Random Sequence 174,9,9
>Random Sequence 175,>Random Sequence 175,9,9
>Random Sequence 176,>Random Sequence 176,7,7
>Random Sequence 177,>Random Sequence 177,9,9
>Random Sequence 178,>Random Sequence 178,8,8
>Random Sequence 179,>Random Sequence 179,8,8
>Random Sequence 180,>Random Sequence 180,9,9
>Random Sequence 181,>Random Sequence 181,10,10
>Random Sequence 182,>Random Sequence 182,8,8
>Random Sequence 183,>Random Sequence 183,10,10
>Random Sequence 184,>Random Sequence 184,8,8
>Random Sequence 185,>Random Sequence 185,8,8
>Random Sequence 186,>Random Sequence 186,8,8
>Random Sequence 187,>Random Sequence 187,7,7
>Random Sequence 188,>Random Sequence 188,10,10
>Random Sequence 189,>Random Sequence 189,8,8
>Random Sequence 190,>Random Sequence 190,9,9
>Random Sequence 191,>Random Sequence 191,10,10
>Random Sequence 192,>Random Sequence 192,8,8
>Random Sequence 193,>Random Sequence 193,8,8
>Random Sequence 194,>Random Sequence 194,9,9
>Random Sequence 195,>Random Sequence 195,8,8
>Random Sequence 196,>Random Sequence 196,9,9
>Random Sequence 197,>Random Sequence 197,9,9
>Random Sequence 198,>Random Sequence 198,8,8
>Random Sequence 199,>Random Sequence 199,8,8
>Random Sequence 200,>Random Sequence 200,9,9
>Random Sequence 201,>Random Sequence 201,8,8
>Random Sequence 202,>Random Sequence 202,9,9
>Random Sequence 203,>Random Sequence 203,9,9
>Random Sequence 204,>Random Sequence 204,10,10
>Random Sequence 205,>Random Sequence 205,9,9
>Random Sequence 206,>Random Sequence 206,9,9
>Random Sequence 207,>Random Sequence 207,9,9
>Random Sequence 208,>Random Sequence 208,8,8
>Random Sequence 209,>Random Sequence 209,8,8
>Random Sequence 210,>Random Sequence 210,10,10
>Random Sequence 211,>Random Sequence 211,8,8
>Random Sequence 212,>Random Sequence 212,9,9
>Random Sequence 213,>Random Sequence 213,8,8
>Random Sequence 214,>Random Sequence 214,8,8
>Random Sequence 215,>Random Sequence 215,9,9
>Random Sequence 216,>Random Sequence 216,9,9
>Random Sequence 217,>Random Sequence 217,9,9
>Random Sequence 218,>Random Sequence 218,8,8
>Random Sequence 219,>Random Sequence 219,9,9
>Random Sequence 220,>Random Sequence 220,8,8
>Random Sequence 221,>Random Sequence 221,8,8
>Random Sequence 222,>Random Sequence 222,8,8
>Random Sequence 223,>Random Sequence 223,8,8
>Random Sequence 224,>Random Sequence 224,9,9
>Random Sequence 225,>Random Sequence 225,10,10
>Random Sequence 226,>Random Sequence 226,10,10
>Random Sequence 227,>Random Sequence 227,8,8
>Random Sequence 228,>Random Sequence 228,9,9
>Random Sequence 229,>Random Sequence 229,8,8
>Random Sequence 230,>Random Sequence 230,9,9
>Random Sequence 231,>Random Sequence 231,8,8
>Random Sequence 232,>Random Sequence 232,7,7
>Random Sequence 233,>Random Sequence 233,12,12
>Random Sequence 234,>Random Sequence 234,9,9
>Random Sequence 235,>Random Sequence 235,9,9
>Random Sequence 236,>Random Sequence 236,8,8
>Random Sequence 237,>Random Sequence 237,8,8
>Random Sequence 238,>Random Sequence 238,8,8
>Random Sequence 239,>Random Sequence 239,7,7
>Random Sequence 240,>Random Sequence 240,9,9
>Random Sequence 241,>Random Sequence 241,9,9
>Random Sequence 242,>Random Sequence 242,9,9
>Random Sequence 243,>Random Sequence 243,9,9
>Random Sequence 244,>Random Sequence 244,9,9
>Random Sequence 245,>Random Sequence 245,8,8
>Random Sequence 246,>Random Sequence 246,9,9
>Random Sequence 247,>Random Sequence 247,9,9
>Random Sequence 248,>Random Sequence 248,9,9
>Random Sequence 249,>Random Sequence 249,8,8
>Random Sequence 250,>Random Sequence 250,7,7
>Random Sequence 251,>Random Sequence 251,9,9
>Random Sequence 252,>Random Sequence 252,8,8
>Random Sequence 253,>Random Sequence 253,8,8
>Random Sequence 254,>Random Sequence 254,9,9
>Random Sequence 255,>Random Sequence 255,8,8
>Random Sequence 256,>Random Sequence 256,7,7
>Random Sequence 257,>Random Sequence 257,9,9
>Random Sequence 258,>Random Sequence 258,9,9
>Random Sequence 259,>Random Sequence 259,9,9
>Random Sequence 260,>Random Sequence 260,9,9
>Random Sequence 261,>Random Sequence 261,10,10
>Random Sequence 262,>Random Sequence 262,8,8
>Random Sequence 263,>Random Sequence 263,8,8
>Random Sequence 264,>Random Sequence 264,9,9
>Random Sequence 265,>Random Sequence 265,9,9
>Random Sequence 266,>Random Sequence 266,8,8
>Random Sequence 267,>Random Sequence 267,8,8
>Random Sequence 268,>Random Sequence 268,8,8
>Random Sequence 269,>Random Sequence 269,8,8
>Random Sequence 270,>Random Sequence 270,10,10
>Random Sequence 271,>Random Sequence 271,8,8
>Random Sequence 272,>Random Sequence 272,9,9
>Random Sequence 273,>Random Sequence 273,10,10
>Random Sequence 274,>Random Sequence 274,10,10
>Random Sequence 275,>Random Sequence 275,10,10
>Random Sequence 276,>Random Sequence 276,8,8
>Random Sequence 277,>Random Sequence 277,8,8
>Random Sequence 278,>Random Sequence 278,9,9
>Random Sequence 279,>Random Sequence 279,9,9
>Random Sequence 280,>Random Sequence 280,9,9
>Random Sequence 281,>Random Sequence 281,8,8
>Random Sequence 282,>Random Sequence 282,9,9
>Random Sequence 283,>Random Sequence 283,8,8
>Random Sequence 284,>Random Sequence 284,9,9
>Random Sequence 285,>Random Sequence 285,9,9
>Random Sequence 286,>Random Sequence 286,8,8
>Random Sequence 287,>Random Sequence 287,8,8
>Random Sequence 288,>Random Sequence 288,8,8
>Random Sequence 289,>Random Sequence 289,11,11
>Random Sequence 290,>Random Sequence 290,9,9
>Random Sequence 291,>Random Sequence 291,9,9
>Random Sequence 292,>Random Sequence 292,7,7
>Random Sequence 293,>Random Sequence 293,9,9
>Random Sequence 294,>Random Sequence 294,9,9
>Random Sequence 295,>Random Sequence 295,9,9
>Random Sequence 296,>Random Sequence 296,8,8
>Random Sequence 297,>Random Sequence 297,9,9
>Random Sequence 298,>Random Sequence 298,9,9
>Random Sequence 299,>Random Sequence 299,8,8
>Random Sequence 300,>Random Sequence 300,10,10
>Random Sequence 301,>Random Sequence 301,8,8
>Random Sequence 302,>Random Sequence 302,10,10
>Random Sequence 303,>Random Sequence 303,8,8
>Random Sequence 304,>Random Sequence 304,8,8
>Random Sequence 305,>Random Sequence 305,9,9
>Random Sequence 306,>Random Sequence 306,9,9
>Random Sequence 307,>Random Sequence 307,8,8
>Random Sequence 308,>Random Sequence 308,9,9
>Random Sequence 309,>Random Sequence 309,8,8
>Random Sequence 310,>Random Sequence 310,9,9
>Random Sequence 311,>Random Sequence 311,8,8
>Random Sequence 312,>Random Sequence 312,9,9
>Random Sequence 313,>Random Sequence 313,9,9
>Random Sequence 314,>Random Sequence 314,9,9
>Random Sequence 315,>Random Sequence 315,8,8
>Random Sequence 316,>Random Sequence 316,9,9
>Random Sequence 317,>Random Sequence 317,8,8
>Random Sequence 318,>Random Sequence 318,8,8
>Random Sequence 319,>Random Sequence 319,9,9
>Random Sequence 320,>Random Sequence 320,10,10
>Random Sequence 321,>Random Sequence 321,9,9
>Random Sequence 322,>Random Sequence 322,8,8
>Random Sequence 323,>Random Sequence 323,10,10
>Random Sequence 324,>Random Sequence 324,8,8
>Random Sequence 325,>Random Sequence 325,8,8
>Random Sequence 326,>Random Sequence 326,8,8
>Random Sequence 327,>Random Sequence 327,8,8
>Random Sequence 328,>Random Sequence 328,12,13
>Random Sequence 329,>Random Sequence 329,8,8
>Random Sequence 330,>Random Sequence 330,10,10
>Random Sequence 331,>Random Sequence 331,10,10
>Random Sequence 332,>Random Sequence 332,9,9
>Random Sequence 333,>Random Sequence 333,9,9
>Random Sequence 334,>Random Sequence 334,9,9
>Random Sequence 335,>Random Sequence 335,8,8
>Random Sequence 336,>Random Sequence 336,8,8
>Random Sequence 337,>Random Sequence 337,9,9
>Random Sequence 338,>Random Sequence 338,8,8
>Random Sequence 339,>Random Sequence 339,11,11
>Random Sequence 340,>Random Sequence 340,9,9
>Random Sequence 341,>Random Sequence 341,8,8
>Random Sequence 342,>Random Sequence 342,9,9
>Random Sequence 343,>Random Sequence 343,8,8
>Random Sequence 344,>Random Sequence 344,8,8
>Random Sequence 345,>Random Sequence 345,8,8
>Random Sequence 346,>Random Sequence 346,9,9
>Random Sequence 347,>Random Sequence 347,9,9
>Random Sequence 348,>Random Sequence 348,9,9
>Random Sequence 349,>Random Sequence 349,9,9
>Random Sequence 350,>Random Sequence 350,7,7
>Random Sequence 351,>Random Sequence 351,10,10
>Random Sequence 352,>Random Sequence 352,9,9
>Random Sequence 353,>Random Sequence 353,7,7
>Random Sequence 354,>Random Sequence 354,10,10
>Random Sequence 355,>Random Sequence 355,8,8
>Random Sequence 356,>Random Sequence 356,8,8
>Random Sequence 357,>Random Sequence 357,8,8
>Random Sequence 358,>Random Sequence 358,9,9
>Random Sequence 359,>Random Sequence 359,8,8
>Random Sequence 360,>Random Sequence 360,8,8
>Random Sequence 361,>Random Sequence 361,8,8
>Random Sequence 362,>Random Sequence 362,8,8
>Random Sequence 363,>Random Sequence 363,11,11
>Random Sequence 364,>Random Sequence 364,8,8
>Random Sequence 365,>Random Sequence 365,8,8
>Random Sequence 366,>Random Sequence 366,8,8
>Random Sequence 367,>Random Sequence 367,10,10
>Random Sequence 368,>Random Sequence 368,9,9
>Random Sequence 369,>Random Sequence 369,10,10
>Random Sequence 370,>Random Sequence 370,8,8
>Random Sequence 371,>Random Sequence 371,7,7
>Random Sequence 372,>Random Sequence 372,9,9
>Random Sequence 373,>Random Sequence 373,9,9
>Random Sequence 374,>Random Sequence 374,9,9
>Random Sequence 375,>Random Sequence 375,10,10
>Random Sequence 376,>Random Sequence 376,8,8
>Random Sequence 377,>Random Sequence 377,8,8
>Random Sequence 378,>Random Sequence 378,9,9
>Random Sequence 379,>Random Sequence 379,9,9
>Random Sequence 380,>Random Sequence 380,10,10
>Random Sequence 381,>Random Sequence 381,11,11
>Random Sequence 382,>Random Sequence 382,8,8
>Random Sequence 383,>Random Sequence 383,9,9
>Random Sequence 384,>Random Sequence 384,8,8
>Random Sequence 385,>Random Sequence 385,8,8
>Random Sequence 386,>Random Sequence 386,9,9
>Random Sequence 387,>Random Sequence 387,7,7
>Random Sequence 388,>Random Sequence 388,10,10
>Random Sequence 389,>Random Sequence 389,11,11
>Random Sequence 390,>Random Sequence 390,8,8
>Random Sequence 391,>Random Sequence 391,8,8
>Random Sequence 392,>Random Sequence 392,11,11
>Random Sequence 393,>Random Sequence 393,8,8
>Random Sequence 394,>Random Sequence 394,10,10
>Random Sequence 395,>Random Sequence 395,7,7
>Random Sequence 396,>Random Sequence 396,8,8
>Random Sequence 397,>Random Sequence 397,10,10
>Random Sequence 398,>Random Sequence 398,9,9
>Random Sequence 399,>Random Sequence 399,9,9
>Random Sequence 400,>Random Sequence 400,10,10
>Random Sequence 401,>Random Sequence 401,9,9
>Random Sequence 402,>Random Sequence 402,9,9
>Random Sequence 403,>Random Sequence 403,9,9
>Random Sequence 404,>Random Sequence 404,10,10
>Random Sequence 405,>Random Sequence 405,8,8
>Random Sequence 406,>Random Sequence 406,9,9
>Random Sequence 407,>Random Sequence 407,8,8
>Random Sequence 408,>Random Sequence 408,9,9
>Random Sequence 409,>Random Sequence 409,9,9
>Random Sequence 410,>Random Sequence 410,7,7
>Random Sequence 411,>Random Sequence 411,9,9
>Random Sequence 412,>Random Sequence 412,9,9
>Random Sequence 413,>Random Sequence 413,9,9
>Random Sequence 414,>Random Sequence 414,8,8
>Random Sequence 415,>Random Sequence 415,9,9
>Random Sequence 416,>Random Sequence 416,11,11
>Random Sequence 417,>Random Sequence 417,8,8
>Random Sequence 418,>Random Sequence 418,8,8
>Random Sequence 419,>Random Sequence 419,8,8
>Random Sequence 420,>Random Sequence 420,8,8
>Random Sequence 421,>Random Sequence 421,8,8
>Random Sequence 422,>Random Sequence 422,10,10
>Random Sequence 423,>Random Sequence 423,7,7
>Random Sequence 424,>Random Sequence 424,9,9
>Random Sequence 425,>Random Sequence 425,9,9
>Random Sequence 426,>Random Sequence 426,10,10
>Random Sequence 427,>Random Sequence 427,8,8
>Random Sequence 428,>Random Sequence 428,7,7
>Random Sequence 429,>Random Sequence 429,10,10
>Random Sequence 430,>Random Sequence 430,8,8
>Random Sequence 431,>Random Sequence 431,8,8
>Random Sequence 432,>Random Sequence 432,9,9
>Random Sequence 433,>Random Sequence 433,8,8
>Random Sequence 434,>Random Sequence 434,10,10
>Random Sequence 435,>Random Sequence 435,8,8
>Random Sequence 436,>Random Sequence 436,9,9
>Random Sequence 437,>Random Sequence 437,10,10
>Random Sequence 438,>Random Sequence 438,8,8
>Random Sequence 439,>Random Sequence 439,8,8
>Random Sequence 440,>Random Sequence 440,8,8
>Random Sequence 441,>Random Sequence 441,10,10
>Random Sequence 442,>Random Sequence 442,9,9
>Random Sequence 443,>Random Sequence 443,8,8
>Random Sequence 444,>Random Sequence 444,9,9
>Random Sequence 445,>Random Sequence 445,8,8
>Random Sequence 446,>Random Sequence 446,7,7
>Random Sequence 447,>Random Sequence 447,9,9
>Random Sequence 448,>Random Sequence 448,10,10
>Random Sequence 449,>Random Sequence 449,8,8
>Random Sequence 450,>Random Sequence 450,8,8
>Random Sequence 451,>Random Sequence 451,8,8
>Random Sequence 452,>Random Sequence 452,10,10
>Random Sequence 453,>Random Sequence 453,8,8
>Random Sequence 454,>Random Sequence 454,9,9
>Random Sequence 455,>Random Sequence 455,8,8
>Random Sequence 456,>Random Sequence 456,8,8
>Random Sequence 457,>Random Sequence 457,9,9
>Random Sequence 458,>Random Sequence 458,8,8
>Random Sequence 459,>Random Sequence 459,9,9
>Random Sequence 460,>Random Sequence 460,8,8
>Random Sequence 461,>Random Sequence 461,8,8
>Random Sequence 462,>Random Sequence 462,8,8
>Random Sequence 463,>Random Sequence 463,10,10
>Random Sequence 464,>Random Sequence 464,9,9
>Random Sequence 465,>Random Sequence 465,8,8
>Random Sequence 466,>Random Sequence 466,9,10
>Random Sequence 467,>Random Sequence 467,9,9
>Random Sequence 468,>Random Sequence 468,10,10
>Random Sequence 469,>Random Sequence 469,9,9
>Random Sequence 470,>Random Sequence 470,8,8
>Random Sequence 471,>Random Sequence 471,9,9
>Random Sequence 472,>Random Sequence 472,9,9
>Random Sequence 473,>Random Sequence 473,8,8
>Random Sequence 474,>Random Sequence 474,8,8
>Random Sequence 475,>Random Sequence 475,8,8
>Random Sequence 476,>Random Sequence 476,9,9
>Random Sequence 477,>Random Sequence 477,7,7
>Random Sequence 478,>Random Sequence 478,8,8
>Random Sequence 479,>Random Sequence 479,8,8
>Random Sequence 480,>Random Sequence 480,9,9
>Random Sequence 481,>Random Sequence 481,11,11
>Random Sequence 482,>Random Sequence 482,9,9
>Random Sequence 483,>Random Sequence 483,8,8
>Random Sequence 484,>Random Sequence 484,8,8
>Random Sequence 485,>Random Sequence 485,8,8
>Random Sequence 486,>Random Sequence 486,7,7
>Random Sequence 487,>Random Sequence 487,10,10
>Random Sequence 488,>Random Sequence 488,9,9
>Random Sequence 489,>Random Sequence 489,8,8
>Random Sequence 490,>Random Sequence 490,8,8
>Random Sequence 491,>Random Sequence 491,8,8
>Random Sequence 492,>Random Sequence 492,10,10
>Random Sequence 493,>Random Sequence 493,8,8
>Random Sequence 494,>Random Sequence 494,7,7
>Random Sequence 495,>Random Sequence 495,8,8
>Random Sequence 496,>Random Sequence 496,10,10
>Random Sequence 497,>Random Sequence 497,9,9
>Random Sequence 498,>Random Sequence 498,8,8
>Random Sequence 499,>Random Sequence 499,8,8
>Random Sequence 500,>Random Sequence 500,7,7
>Random Sequence 501,>Random Sequence 501,9,9
>Random Sequence 502,>Random Sequence 502,8,8
>Random Sequence 503,>Random Sequence 503,9,9
>Random Sequence 504,>Random Sequence 504,10,10
>Random Sequence 505,>Random Sequence 505,12,12
>Random Sequence 506,>Random Sequence 506,8,8
>Random Sequence 507,>Random Sequence 507,9,9
>Random Sequence 508,>Random Sequence 508,9,9
>Random Sequence 509,>Random Sequence 509,9,9
>Random Sequence 510,>Random Sequence 510,10,10
>Random Sequence 511,>Random Sequence 511,9,9
>Random Sequence 512,>Random Sequence 512,7,7
>Random Sequence 513,>Random Sequence 513,9,9
>Random Sequence 514,>Random Sequence 514,9,9
>Random Sequence 515,>Random Sequence 515,8,8
>Random Sequence 516,>Random Sequence 516,10,10
>Random Sequence 517,>Random Sequence 517,8,55
>Random Sequence 518,>Random Sequence 518,8,8
>Random Sequence 519,>Random Sequence 519,8,8
>Random Sequence 520,>Random Sequence 520,10,10
>Random Sequence 521,>Random Sequence 521,9,9
>Random Sequence 522,>Random Sequence 522,8,8
>Random Sequence 523,>Random Sequence 523,9,9
>Random Sequence 524,>Random Sequence 524,8,8
>Random Sequence 525,>Random Sequence 525,8,8
>Random Sequence 526,>Random Sequence 526,9,9
>Random Sequence 527,>Random Sequence 527,8,8
>Random Sequence 528,>Random Sequence 528,7,7
>Random Sequence 529,>Random Sequence 529,9,9
>Random Sequence 530,>Random Sequence 530,8,8
>Random Sequence 531,>Random Sequence 531,9,9
>Random Sequence 532,>Random Sequence 532,9,9
>Random Sequence 533,>Random Sequence 533,7,7
>Random Sequence 534,>Random Sequence 534,8,8
>Random Sequence 535,>Random Sequence 535,8,8
>Random Sequence 536,>Random Sequence 536,8,8
>Random Sequence 537,>Random Sequence 537,7,7
>Random Sequence 538,>Random Sequence 538,9,9
>Random Sequence 539,>Random Sequence 539,8,8
>Random Sequence 540,>Random Sequence 540,9,9
>Random Sequence 541,>Random Sequence 541,11,11
>Random Sequence 542,>Random Sequence 542,8,8
>Random Sequence 543,>Random Sequence 543,8,8
>Random Sequence 544,>Random Sequence 544,8,8
>Random Sequence 545,>Random Sequence 545,9,9
>Random Sequence 546,>Random Sequence 546,8,8
>Random Sequence 547,>Random Sequence 547,8,8
>Random Sequence 548,>Random Sequence 548,9,9
>Random Sequence 549,>Random Sequence 549,8,8
>Random Sequence 550,>Random Sequence 550,10,10
>Random Sequence 551,>Random Sequence 551,9,9
>Random Sequence 552,>Random Sequence 552,9,9
>Random Sequence 553,>Random Sequence 553,8,8
>Random Sequence 554,>Random Sequence 554,9,9
>Random Sequence 555,>Random Sequence 555,8,8
>Random Sequence 556,>Random Sequence 556,10,10
>Random Sequence 557,>Random Sequence 557,8,8
>Random Sequence 558,>Random Sequence 558,8,8
>Random Sequence 559,>Random Sequence 559,10,10
>Random Sequence 560,>Random Sequence 560,8,8
>Random Sequence 561,>Random Sequence 561,9,9
>Random Sequence 562,>Random Sequence 562,8,8
>Random Sequence 563,>Random Sequence 563,8,8
>Random Sequence 564,>Random Sequence 564,10,10
>Random Sequence 565,>Random Sequence 565,9,9
>Random Sequence 566,>Random Sequence 566,9,9
>Random Sequence 567,>Random Sequence 567,8,8
>Random Sequence 568,>Random Sequence 568,8,8
>Random Sequence 569,>Random Sequence 569,10,10
>Random Sequence 570,>Random Sequence 570,9,9
>Random Sequence 571,>Random Sequence 571,8,8
>Random Sequence 572,>Random Sequence 572,8,8
>Random Sequence 573,>Random Sequence 573,12,12
>Random Sequence 574,>Random Sequence 574,8,8
>Random Sequence 575,>Random Sequence 575,12,12
>Random Sequence 576,>Random Sequence 576,8,8
>Random Sequence 577,>Random Sequence 577,8,8
>Random Sequence 578,>Random Sequence 578,8,8
>Random Sequence 579,>Random Sequence 579,8,8
>Random Sequence 580,>Random Sequence 580,9,9
>Random Sequence 581,>Random Sequence 581,13,13
>Random Sequence 582,>Random Sequence 582,8,8
>Random Sequence 583,>Random Sequence 583,9,9
>Random Sequence 584,>Random Sequence 584,11,11
>Random Sequence 585,>Random Sequence 585,9,9
>Random Sequence 586,>Random Sequence 586,9,9
>Random Sequence 587,>Random Sequence 587,8,8
>Random Sequence 588,>Random Sequence 588,7,7
>Random Sequence 589,>Random Sequence 589,10,10
>Random Sequence 590,>Random Sequence 590,8,8
>Random Sequence 591,>Random Sequence 591,9,9
>Random Sequence 592,>Random Sequence 592,9,9
>Random Sequence 593,>Random Sequence 593,11,11
>Random Sequence 594,>Random Sequence 594,8,8
>Random Sequence 595,>Random Sequence 595,8,8
>Random Sequence 596,>Random Sequence 596,8,8
>Random Sequence 597,>Random Sequence 597,9,9
>Random Sequence 598,>Random Sequence 598,9,9
>Random Sequence 599,>Random Sequence 599,8,8
>Random Sequence 600,>Random Sequence 600,9,9
>Random Sequence 601,>Random Sequence 601,10,10
>Random Sequence 602,>Random Sequence 602,8,8
>Random Sequence 603,>Random Sequence 603,8,8
>Random Sequence 604,>Random Sequence 604,8,8
>Random Sequence 605,>Random Sequence 605,10,10
>Random Sequence 606,>Random Sequence 606,9,9
>Random Sequence 607,>Random Sequence 607,12,12
>Random Sequence 608,>Random Sequence 608,9,9
>Random Sequence 609,>Random Sequence 609,8,8
>Random Sequence 610,>Random Sequence 610,10,10
>Random Sequence 611,>Random Sequence 611,8,8
>Random Sequence 612,>Random Sequence 612,8,8
>Random Sequence 613,>Random Sequence 613,8,8
>Random Sequence 614,>Random Sequence 614,7,7
>Random Sequence 615,>Random Sequence 615,9,9
>Random Sequence 616,>Random Sequence 616,9,9
>Random Sequence 617,>Random Sequence 617,9,9
>Random Sequence 618,>Random Sequence 618,10,10
>Random Sequence 619,>Random Sequence 619,8,8
>Random Sequence 620,>Random Sequence 620,8,8
>Random Sequence 621,>Random Sequence 621,10,10
>Random Sequence 622,>Random Sequence 622,8,8
>Random Sequence 623,>Random Sequence 623,8,8
>Random Sequence 624,>Random Sequence 624,8,8
>Random Sequence 625,>Random Sequence 625,9,9
>Random Sequence 626,>Random Sequence 626,8,8
>Random Sequence 627,>Random Sequence 627,7,7
>Random Sequence 628,>Random Sequence 628,9,9
>Random Sequence 629,>Random Sequence 629,8,8
>Random Sequence 630,>Random Sequence 630,8,8
>Random Sequence 631,>Random Sequence 631,8,8
>Random Sequence 632,>Random Sequence 632,10,10
>Random Sequence 633,>Random Sequence 633,10,10
>Random Sequence 634,>Random Sequence 634,8,8
>Random Sequence 635,>Random Sequence 635,9,9
>Random Sequence 636,>Random Sequence 636,9,9
>Random Sequence 637,>Random Sequence 637,9,9
>Random Sequence 638,>Random Sequence 638,9,9
>Random Sequence 639,>Random Sequence 639,8,8
>Random Sequence 640,>Random Sequence 640,9,9
>Random Sequence 641,>Random Sequence 641,7,7
>Random Sequence 642,>Random Sequence 642,8,8
>Random Sequence 643,>Random Sequence 643,8,8
>Random Sequence 644,>Random Sequence 644,8,8
>Random Sequence 645,>Random Sequence 645,9,9
>Random Sequence 646,>Random Sequence 646,9,9
>Random Sequence 647,>Random Sequence 647,10,10
>Random Sequence 648,>Random Sequence 648,10,10
>Random Sequence 649,>Random Sequence 649,8,8
>Random Sequence 650,>Random Sequence 650,13,13
>Random Sequence 651,>Random Sequence 651,9,9
>Random Sequence 652,>Random Sequence 652,9,9
>Random Sequence 653,>Random Sequence 653,8,8
>Random Sequence 654,>Random Sequence 654,8,8
>Random Sequence 655,>Random Sequence 655,9,9
>Random Sequence 656,>Random Sequence 656,9,9
>Random Sequence 657,>Random Sequence 657,8,8
>Random Sequence 658,>Random Sequence 658,10,10
>Random Sequence 659,>Random Sequence 659,8,8
>Random Sequence 660,>Random Sequence 660,7,7
>Random Sequence 661,>Random Sequence 661,9,9
>Random Sequence 662,>Random Sequence 662,8,8
>Random Sequence 663,>Random Sequence 663,8,8
>Random Sequence 664,>Random Sequence 664,10,10
>Random Sequence 665,>Random Sequence 665,8,8
>Random Sequence 666,>Random Sequence 666,7,7
>Random Sequence 667,>Random Sequence 667,8,8
>Random Sequence 668,>Random Sequence 668,7,7
>Random Sequence 669,>Random Sequence 669,10,10
>Random Sequence 670,>Random Sequence 670,7,7
>Random Sequence 671,>Random Sequence 671,8,8
>Random Sequence 672,>Random Sequence 672,8,8
>Random Sequence 673,>Random Sequence 673,11,11
>Random Sequence 674,>Random Sequence 674,8,8
>Random Sequence 675,>Random Sequence 675,9,9
>Random Sequence 676,>Random Sequence 676,10,10
>Random Sequence 677,>Random Sequence 677,9,9
>Random Sequence 678,>Random Sequence 678,9,9
>Random Sequence 679,>Random Sequence 679,8,8
>Random Sequence 680,>Random Sequence 680,9,9
>Random Sequence 681,>Random Sequence 681,8,8
>Random Sequence 682,>Random Sequence 682,9,9
>Random Sequence 683,>Random Sequence 683,10,10
>Random Sequence 684,>Random Sequence 684,8,8
>Random Sequence 685,>Random Sequence 685,9,9
>Random Sequence 686,>Random Sequence 686,9,9
>Random Sequence 687,>Random Sequence 687,9,9
>Random Sequence 688,>Random Sequence 688,9,9
>Random Sequence 689,>Random Sequence 689,9,9
>Random Sequence 690,>Random Sequence 690,8,8
>Random Sequence 691,>Random Sequence 691,9,9
>Random Sequence 692,>Random Sequence 692,11,11
>Random Sequence 693,>Random Sequence 693,9,9
>Random Sequence 694,>Random Sequence 694,10,10
>Random Sequence 695,>Random Sequence 695,8,8
>Random Sequence 696,>Random Sequence 696,9,9
>Random Sequence 697,>Random Sequence 697,8,8
>Random Sequence 698,>Random Sequence 698,8,8
>Random Sequence 699,>Random Sequence 699,8,8
>Random Sequence 700,>Random Sequence 700,9,9
>Random Sequence 701,>Random Sequence 701,8,8
>Random Sequence 702,>Random Sequence 702,9,9
>Random Sequence 703,>Random Sequence 703,8,8
>Random Sequence 704,>Random Sequence 704,7,7
>Random Sequence 705,>Random Sequence 705,9,9
>Random Sequence 706,>Random Sequence 706,9,9
>Random Sequence 707,>Random Sequence 707,8,8
>Random Sequence 708,>Random Sequence 708,11,11
>Random Sequence 709,>Random Sequence 709,9,9
>Random Sequence 710,>Random Sequence 710,9,9
>Random Sequence 711,>Random Sequence 711,7,7
>Random Sequence 712,>Random Sequence 712,8,8
>Random Sequence 713,>Random Sequence 713,9,9
>Random Sequence 714,>Random Sequence 714,8,8
>Random Sequence 715,>Random Sequence 715,8,8
>Random Sequence 716,>Random Sequence 716,8,8
>Random Sequence 717,>Random Sequence 717,8,8
>Random Sequence 718,>Random Sequence 718,8,8
>Random Sequence 719,>Random Sequence 719,9,9
>Random Sequence 720,>Random Sequence 720,8,8
>Random Sequence 721,>Random Sequence 721,8,8
>Random Sequence 722,>Random Sequence 722,9,9
>Random Sequence 723,>Random Sequence 723,8,8
>Random Sequence 724,>Random Sequence 724,8,8
>Random Sequence 725,>Random Sequence 725,8,8
>Random Sequence 726,>Random Sequence 726,8,8
>Random Sequence 727,>Random Sequence 727,7,7
>Random Sequence 728,>Random Sequence 728,8,8
>Random Sequence 729,>Random Sequence 729,8,8
>Random Sequence 730,>Random Sequence 730,7,7
>Random Sequence 731,>Random Sequence 731,8,8
>Random Sequence 732,>Random Sequence 732,9,9
>Random Sequence 733,>Random Sequence 733,8,8
>Random Sequence 734,>Random Sequence 734,12,12
>Random Sequence 735,>Random Sequence 735,9,9
>Random Sequence 736,>Random Sequence 736,11,11
>Random Sequence 737,>Random Sequence 737,10,10
>Random Sequence 738,>Random Sequence 738,9,9
>Random Sequence 739,>Random Sequence 739,8,8
>Random Sequence 740,>Random Sequence 740,8,8
>Random Sequence 741,>Random Sequence 741,10,10
>Random Sequence 742,>Random Sequence 742,8,8
>Random Sequence 743,>Random Sequence 743,9,9
>Random Sequence 744,>Random Sequence 744,9,9
>Random Sequence 745,>Random Sequence 745,8,8
>Random Sequence 746,>Random Sequence 746,8,8
>Random Sequence 747,>Random Sequence 747,8,8
>Random Sequence 748,>Random Sequence 748,7,7
>Random Sequence 749,>Random Sequence 749,9,9
>Random Sequence 750,>Random Sequence 750,9,9
>Random Sequence 751,>Random Sequence 751,8,8
>Random Sequence 752,>Random Sequence 752,8,8
>Random Sequence 753,>Random Sequence 753,8,9
>Random Sequence 754,>Random Sequence 754,9,9
>Random Sequence 755,>Random Sequence 755,10,10
>Random Sequence 756,>Random Sequence 756,10,10
>Random Sequence 757,>Random Sequence 757,9,9
>Random Sequence 758,>Random Sequence 758,9,9
>Random Sequence 759,>Random Sequence 759,8,8
>Random Sequence 760,>Random Sequence 760,9,9
>Random Sequence 761,>Random Sequence 761,9,9
>Random Sequence 762,>Random Sequence 762,9,9
>Random Sequence 763,>Random Sequence 763,7,7
>Random Sequence 764,>Random Sequence 764,8,8
>Random Sequence 765,>Random Sequence 765,8,8
>Random Sequence 766,>Random Sequence 766,8,8
>Random Sequence 767,>Random Sequence 767,8,8
>Random Sequence 768,>Random Sequence 768,9,9
>Random Sequence 769,>Random Sequence 769,9,9
>Random Sequence 770,>Random Sequence 770,8,8
>Random Sequence 771,>Random Sequence 771,7,7
>Random Sequence 772,>Random Sequence 772,8,8
>Random Sequence 773,>Random Sequence 773,9,9
>Random Sequence 774,>Random Sequence 774,9,9
>Random Sequence 775,>Random Sequence 775,8,8
>Random Sequence 776,>Random Sequence 776,7,7
>Random Sequence 777,>Random Sequence 777,7,7
>Random Sequence 778,>Random Sequence 778,9,9
>Random Sequence 779,>Random Sequence 779,9,9
>Random Sequence 780,>Random Sequence 780,8,8
>Random Sequence 781,>Random Sequence 781,7,7
>Random Sequence 782,>Random Sequence 782,10,10
>Random Sequence 783,>Random Sequence 783,8,8
>Random Sequence 784,>Random Sequence 784,9,9
>Random Sequence 785,>Random Sequence 785,8,8
>Random Sequence 786,>Random Sequence 786,9,9
>Random Sequence 787,>Random Sequence 787,9,9
>Random Sequence 788,>Random Sequence 788,8,8
>Random Sequence 789,>Random Sequence 789,7,7
>Random Sequence 790,>Random Sequence 790,8,8
>Random Sequence 791,>Random Sequence 791,10,10
>Random Sequence 792,>Random Sequence 792,9,9
>Random Sequence 793,>Random Sequence 793,9,9
>Random Sequence 794,>Random Sequence 794,8,8
>Random Sequence 795,>Random Sequence 795,9,9
>Random Sequence 796,>Random Sequence 796,9,9
>Random Sequence 797,>Random Sequence 797,7,7
>Random Sequence 798,>Random Sequence 798,10,10
>Random Sequence 799,>Random Sequence 799,8,8
>Random Sequence 800,>Random Sequence 800,9,9
>Random Sequence 801,>Random Sequence 801,9,9
>Random Sequence 802,>Random Sequence 802,9,9
>Random Sequence 803,>Random Sequence 803,9,9
>Random Sequence 804,>Random Sequence 804,8,8
>Random Sequence 805,>Random Sequence 805,10,10
>Random Sequence 806,>Random Sequence 806,9,9
>Random Sequence 807,>Random Sequence 807,8,8
>Random Sequence 808,>Random Sequence 808,8,8
>Random Sequence 809,>Random Sequence 809,7,7
>Random Sequence 810,>Random Sequence 810,8,8
>Random Sequence 811,>Random Sequence 811,10,10
>Random Sequence 812,>Random Sequence 812,9,9
>Random Sequence 813,>Random Sequence 813,9,9
>Random Sequence 814,>Random Sequence 814,9,9
>Random Sequence 815,>Random Sequence 815,8,8
>Random Sequence 816,>Random Sequence 816,8,8
>Random Sequence 817,>Random Sequence 817,9,9
>Random Sequence 818,>Random Sequence 818,10,10
>Random Sequence 819,>Random Sequence 819,7,7
>Random Sequence 820,>Random Sequence 820,10,10
>Random Sequence 821,>Random Sequence 821,9,9
>Random Sequence 822,>Random Sequence 822,8,8
>Random Sequence 823,>Random Sequence 823,10,10
>Random Sequence 824,>Random Sequence 824,8,8
>Random Sequence 825,>Random Sequence 825,8,8
>Random Sequence 826,>Random Sequence 826,9,9
>Random Sequence 827,>Random Sequence 827,9,9
>Random Sequence 828,>Random Sequence 828,8,8
>Random Sequence 829,>Random Sequence 829,9,9
>Random Sequence 830,>Random Sequence 830,7,7
>Random Sequence 831,>Random Sequence 831,8,8
>Random Sequence 832,>Random Sequence 832,9,9
>Random Sequence 833,>Random Sequence 833,9,9
>Random Sequence 834,>Random Sequence 834,8,8
>Random Sequence 835,>Random Sequence 835,7,7
>Random Sequence 836,>Random Sequence 836,9,9
>Random Sequence 837,>Random Sequence 837,9,9
>Random Sequence 838,>Random Sequence 838,10,10
>Random Sequence 839,>Random Sequence 839,9,9
>Random Sequence 840,>Random Sequence 840,9,9
>Random Sequence 841,>Random Sequence 841,8,8
>Random Sequence 842,>Random Sequence 842,9,9
>Random Sequence 843,>Random Sequence 843,9,9
>Random Sequence 844,>Random Sequence 844,8,8
>Random Sequence 845,>Random Sequence 845,8,8
>Random Sequence 846,>Random Sequence 846,8,8
>Random Sequence 847,>Random Sequence 847,8,8
>Random Sequence 848,>Random Sequence 848,8,8
>Random Sequence 849,>Random Sequence 849,9,9
>Random Sequence 850,>Random Sequence 850,9,9
>Random Sequence 851,>Random Sequence 851,9,9
>Random Sequence 852,>Random Sequence 852,7,7
>Random Sequence 853,>Random Sequence 853,8,8
>Random Sequence 854,>Random Sequence 854,9,9
>Random Sequence 855,>Random Sequence 855,8,8
>Random Sequence 856,>Random Sequence 856,9,9
>Random Sequence 857,>Random Sequence 857,10,10
>Random Sequence 858,>Random Sequence 858,9,9
>Random Sequence 859,>Random Sequence 859,11,11
>Random Sequence 860,>Random Sequence 860,9,9
>Random Sequence 861,>Random Sequence 861,8,8
>Random Sequence 862,>Random Sequence 862,8,8
>Random Sequence 863,>Random Sequence 863,8,8
>Random Sequence 864,>Random Sequence 864,9,9
>Random Sequence 865,>Random Sequence 865,8,8
>Random Sequence 866,>Random Sequence 866,10,10
>Random Sequence 867,>Random Sequence 867,9,9
>Random Sequence 868,>Random Sequence 868,9,9
>Random Sequence 869,>Random Sequence 869,8,8
>Random Sequence 870,>Random Sequence 870,13,13
>Random Sequence 871,>Random Sequence 871,7,7
>Random Sequence 872,>Random Sequence 872,8,8
>Random Sequence 873,>Random Sequence 873,8,8
>Random Sequence 874,>Random Sequence 874,8,8
>Random Sequence 875,>Random Sequence 875,8,8
>Random Sequence 876,>Random Sequence 876,8,8
>Random Sequence 877,>Random Sequence 877,7,7
>Random Sequence 878,>Random Sequence 878,8,8
>Random Sequence 879,>Random Sequence 879,8,8
>Random Sequence 880,>Random Sequence 880,10,10
>Random Sequence 881,>Random Sequence 881,8,8
>Random Sequence 882,>Random Sequence 882,9,9
>Random Sequence 883,>Random Sequence 883,8,8
>Random Sequence 884,>Random Sequence 884,8,8
>Random Sequence 885,>Random Sequence 885,9,9
>Random Sequence 886,>Random Sequence 886,9,9
>Random Sequence 887,>Random Sequence 887,10,10
>Random Sequence 888,>Random Sequence 888,9,9
>Random Sequence 889,>Random Sequence 889,8,8
>Random Sequence 890,>Random Sequence 890,9,9
>Random Sequence 891,>Random Sequence 891,8,8
>Random Sequence 892,>Random Sequence 892,9,9
>Random Sequence 893,>Random Sequence 893,8,8
>Random Sequence 894,>Random Sequence 894,8,8
>Random Sequence 895,>Random Sequence 895,9,9
>Random Sequence 896,>Random Sequence 896,9,9
>Random Sequence 897,>Random Sequence 897,8,8
>Random Sequence 898,>Random Sequence 898,8,8
>Random Sequence 899,>Random Sequence 899,8,8
>Random Sequence 900,>Random Sequence 900,9,9
>Random Sequence 901,>Random Sequence 901,9,9
>Random Sequence 902,>Random Sequence 902,9,9
>Random Sequence 903,>Random Sequence 903,9,9
>Random Sequence 904,>Random Sequence 904,8,8
>Random Sequence 905,>Random Sequence 905,8,8
>Random Sequence 906,>Random Sequence 906,10,10
>Random Sequence 907,>Random Sequence 907,8,8
>Random Sequence 908,>Random Sequence 908,9,9
>Random Sequence 909,>Random Sequence 909,8,8
>Random Sequence 910,>Random Sequence 910,11,11
>Random Sequence 911,>Random Sequence 911,7,7
>Random Sequence 912,>Random Sequence 912,8,8
>Random Sequence 913,>Random Sequence 913,8,8
>Random Sequence 914,>Random Sequence 914,11,11
>Random Sequence 915,>Random Sequence 915,9,9
>Random Sequence 916,>Random Sequence 916,11,11
>Random Sequence 917,>Random Sequence 917,8,8
>Random Sequence 918,>Random Sequence 918,9,9
>Random Sequence 919,>Random Sequence 919,8,8
>Random Sequence 920,>Random Sequence 920,8,8
>Random Sequence 921,>Random Sequence 921,9,9
>Random Sequence 922,>Random Sequence 922,10,10
>Random Sequence 923,>Random Sequence 923,8,8
>Random Sequence 924,>Random Sequence 924,9,9
>Random Sequence 925,>Random Sequence 925,10,10
>Random Sequence 926,>Random Sequence 926,8,8
>Random Sequence 927,>Random Sequence 927,8,8
>Random Sequence 928,>Random Sequence 928,9,9
>Random Sequence 929,>Random Sequence 929,9,9
>Random Sequence 930,>Random Sequence 930,11,11
>Random Sequence 931,>Random Sequence 931,9,9
>Random Sequence 932,>Random Sequence 932,9,9
>Random Sequence 933,>Random Sequence 933,8,8
>Random Sequence 934,>Random Sequence 934,8,8
>Random Sequence 935,>Random Sequence 935,8,8
>Random Sequence 936,>Random Sequence 936,9,9
>Random Sequence 937,>Random Sequence 937,9,9
>Random Sequence 938,>Random Sequence 938,8,8
>Random Sequence 939,>Random Sequence 939,8,8
>Random Sequence 940,>Random Sequence 940,9,9
>Random Sequence 941,>Random Sequence 941,8,8
>Random Sequence 942,>Random Sequence 942,9,9
>Random Sequence 943,>Random Sequence 943,9,9
>Random Sequence 944,>Random Sequence 944,8,8
>Random Sequence 945,>Random Sequence 945,9,9
>Random Sequence 946,>Random Sequence 946,8,8
>Random Sequence 947,>Random Sequence 947,10,10
>Random Sequence 948,>Random Sequence 948,9,332
>Random Sequence 949,>Random Sequence 949,8,8
>Random Sequence 950,>Random Sequence 950,9,9
>Random Sequence 951,>Random Sequence 951,10,10
>Random Sequence 952,>Random Sequence 952,8,8
>Random Sequence 953,>Random Sequence 953,9,9
>Random Sequence 954,>Random Sequence 954,9,9
>Random Sequence 955,>Random Sequence 955,14,14
>Random Sequence 956,>Random Sequence 956,8,8
>Random Sequence 957,>Random Sequence 957,8,8
>Random Sequence 958,>Random Sequence 958,9,9
>Random Sequence 959,>Random Sequence 959,7,7
>Random Sequence 960,>Random Sequence 960,11,11
>Random Sequence 961,>Random Sequence 961,9,9
>Random Sequence 962,>Random Sequence 962,8,8
>Random Sequence 963,>Random Sequence 963,9,9
>Random Sequence 964,>Random Sequence 964,9,9
>Random Sequence 965,>Random Sequence 965,9,9
>Random Sequence 966,>Random Sequence 966,8,8
>Random Sequence 967,>Random Sequence 967,8,8
>Random Sequence 968,>Random Sequence 968,9,9
>Random Sequence 969,>Random Sequence 969,8,8
>Random Sequence 970,>Random Sequence 970,8,8
>Random Sequence 971,>Random Sequence 971,8,8
>Random Sequence 972,>Random Sequence 972,8,8
>Random Sequence 973,>Random Sequence 973,9,9
>Random Sequence 974,>Random Sequence 974,8,8
>Random Sequence 975,>Random Sequence 975,9,9
>Random Sequence 976,>Random Sequence 976,8,8
>Random Sequence 977,>Random Sequence 977,9,9
>Random Sequence 978,>Random Sequence 978,9,9
>Random Sequence 979,>Random Sequence 979,8,8
>Random Sequence 980,>Random Sequence 980,8,8
>Random Sequence 981,>Random Sequence 981,8,8
>Random Sequence 982,>Random Sequence 982,9,9
>Random Sequence 983,>Random Sequence 983,9,9
>Random Sequence 984,>Random Sequence 984,8,8
>Random Sequence 985,>Random Sequence 985,8,8
>Random Sequence 986,>Random Sequence 986,10,10
>Random Sequence 987,>Random Sequence 987,8,8
>Random Sequence 988,>Random Sequence 988,9,9
>Random Sequence 989,>Random Sequence 989,10,10
>Random Sequence 990,>Random Sequence 990,8,8
>Random Sequence 991,>Random Sequence 991,9,9
>Random Sequence 992,>Random Sequence 992,9,9
>Random Sequence 993,>Random Sequence 993,9,9
>Random Sequence 994,>Random Sequence 994,8,8
>Random Sequence 995,>Random Sequence 995,9,9
>Random Sequence 996,>Random Sequence 996,8,8
>Random Sequence 997,>Random Sequence 997,9,9
>Random Sequence 998,>Random Sequence 998,7,7
>Random Sequence 999,>Random Sequence 999,8,8
>Random Sequence 1000,>Random Sequence 1000,10,10
