seq_from_file1,seq_from_file2,alignment_score,alignment_length
>Random Sequence 1,>Random Sequence 1,277,986
>Random Sequence 2,>Random Sequence 2,286,984
>Random Sequence 3,>Random Sequence 3,280,981
>Random Sequence 4,>Random Sequence 4,269,974
>Random Sequence 5,>Random Sequence 5,275,959
>Random Sequence 6,>Random Sequence 6,283,965
>Random Sequence 7,>Random Sequence 7,272,976
>Random Sequence 8,>Random Sequence 8,279,991
>Random Sequence 9,>Random Sequence 9,280,960
>Random Sequence 10,>Random Sequence 10,284,982
>Random Sequence 11,>Random Sequence 11,282,981
>Random Sequence 12,>Random Sequence 12,277,974
>Random Sequence 13,>Random Sequence 13,285,984
>Random Sequence 14,>Random Sequence 14,276,982
>Random Sequence 15,>Random Sequence 15,281,985
>Random Sequence 16,>Random Sequence 16,273,952
>Random Sequence 17,>Random Sequence 17,282,992
>Random Sequence 18,>Random Sequence 18,275,975
>Random Sequence 19,>Random Sequence 19,288,988
>Random Sequence 20,>Random Sequence 20,278,997
>Random Sequence 21,>Random Sequence 21,289,985
>Random Sequence 22,>Random Sequence 22,274,982
>Random Sequence 23,>Random Sequence 23,274,924
>Random Sequence 24,>Random Sequence 24,272,950
>Random Sequence 25,>Random Sequence 25,274,983
>Random Sequence 26,>Random Sequence 26,282,976
>Random Sequence 27,>Random Sequence 27,274,965
>Random Sequence 28,>Random Sequence 28,273,984
>Random Sequence 29,>Random Sequence 29,279,992
>Random Sequence 30,>Random Sequence 30,278,983
>Random Sequence 31,>Random Sequence 31,271,987
>Random Sequence 32,>Random Sequence 32,279,983
>Random Sequence 33,>Random Sequence 33,277,977
>Random Sequence 34,>Random Sequence 34,276,973
>Random Sequence 35,>Random Sequence 35,285,977
>Random Sequence 36,>Random Sequence 36,281,987
>Random Sequence 37,>Random Sequence 37,279,940
>Random Sequence 38,>Random Sequence 38,273,990
>Random Sequence 39,>Random Sequence 39,289,964
>Random Sequence 40,>Random Sequence 40,282,996
>Random Sequence 41,>Random Sequence 41,274,973
>Random Sequence 42,>Random Sequence 42,290,964
>Random Sequence 43,>Random Sequence 43,292,989
>Random Sequence 44,>Random Sequence 44,277,972
>Random Sequence 45,>Random Sequence 45,277,984
>Random Sequence 46,>Random Sequence 46,286,975
>Random Sequence 47,>Random Sequence 47,274,987
>Random Sequence 48,>Random Sequence 48,279,992
>Random Sequence 49,>Random Sequence 49,278,990
>Random Sequence 50,>Random Sequence 50,294,979
>Random Sequence 51,>Random Sequence 51,272,987
>Random Sequence 52,>Random Sequence 52,279,934
>Random Sequence 53,>Random Sequence 53,281,987
>Random Sequence 54,>Random Sequence 54,272,989
>Random Sequence 55,>Random Sequence 55,279,980
>Random Sequence 56,>Random Sequence 56,274,941
>Random Sequence 57,>Random Sequence 57,271,982
>Random Sequence 58,>Random Sequence 58,273,985
>Random Sequence 59,>Random Sequence 59,272,978
>Random Sequence 60,>Random Sequence 60,275,936
>Random Sequence 61,>Random Sequence 61,269,955
>Random Sequence 62,>Random Sequence 62,274,985
>Random Sequence 63,>Random Sequence 63,278,959
>Random Sequence 64,>Random Sequence 64,288,964
>Random Sequence 65,>Random Sequence 65,283,984
>Random Sequence 66,>Random Sequence 66,280,978
>Random Sequence 67,>Random Sequence 67,272,981
>Random Sequence 68,>Random Sequence 68,271,985
>Random Sequence 69,>Random Sequence 69,272,926
>Random Sequence 70,>Random Sequence 70,281,968
>Random Sequence 71,>Random Sequence 71,274,978
>Random Sequence 72,>Random Sequence 72,277,973
>Random Sequence 73,>Random Sequence 73,274,961
>Random Sequence 74,>Random Sequence 74,272,986
>Random Sequence 75,>Random Sequence 75,278,946
>Random Sequence 76,>Random Sequence 76,276,967
>Random Sequence 77,>Random Sequence 77,286,989
>Random Sequence 78,>Random Sequence 78,267,945
>Random Sequence 79,>Random Sequence 79,279,944
>Random Sequence 80,>Random Sequence 80,278,982
>Random Sequence 81,>Random Sequence 81,281,928
>Random Sequence 82,>Random Sequence 82,266,995
>Random Sequence 83,>Random Sequence 83,269,915
>Random Sequence 84,>Random Sequence 84,282,942
>Random Sequence 85,>Random Sequence 85,282,994
>Random Sequence 86,>Random Sequence 86,279,998
>Random Sequence 87,>Random Sequence 87,279,954
>Random Sequence 88,>Random Sequence 88,281,979
>Random Sequence 89,>Random Sequence 89,271,938
>Random Sequence 90,>Random Sequence 90,274,988
>Random Sequence 91,>Random Sequence 91,274,992
>Random Sequence 92,>Random Sequence 92,279,984
>Random Sequence 93,>Random Sequence 93,274,961
>Random Sequence 94,>Random Sequence 94,278,988
>Random Sequence 95,>Random Sequence 95,278,980
>Random Sequence 96,>Random Sequence 96,288,988
>Random Sequence 97,>Random Sequence 97,280,983
>Random Sequence 98,>Random Sequence 98,274,982
>Random Sequence 99,>Random Sequence 99,285,995
>Random Sequence 100,>Random Sequence 100,291,990
>Random Sequence 101,>Random Sequence 101,281,981
>Random Sequence 102,>Random Sequence 102,279,996
>Random Sequence 103,>Random Sequence 103,292,964
>Random Sequence 104,>Random Sequence 104,287,969
>Random Sequence 105,>Random Sequence 105,273,975
>Random Sequence 106,>Random Sequence 106,278,968
>Random Sequence 107,>Random Sequence 107,273,964
>Random Sequence 108,>Random Sequence 108,276,947
>Random Sequence 109,>Random Sequence 109,288,993
>Random Sequence 110,>Random Sequence 110,286,948
>Random Sequence 111,>Random Sequence 111,280,981
>Random Sequence 112,>Random Sequence 112,267,951
>Random Sequence 113,>Random Sequence 113,280,958
>Random Sequence 114,>Random Sequence 114,285,989
>Random Sequence 115,>Random Sequence 115,276,969
>Random Sequence 116,>Random Sequence 116,270,952
>Random Sequence 117,>Random Sequence 117,275,987
>Random Sequence 118,>Random Sequence 118,275,983
>Random Sequence 119,>Random Sequence 119,269,971
>Random Sequence 120,>Random Sequence 120,274,996
>Random Sequence 121,>Random Sequence 121,278,957
>Random Sequence 122,>Random Sequence 122,287,989
>Random Sequence 123,>Random Sequence 123,276,978
>Random Sequence 124,>Random Sequence 124,280,990
>Random Sequence 125,>Random Sequence 125,280,939
>Random Sequence 126,>Random Sequence 126,282,966
>Random Sequence 127,>Random Sequence 127,278,992
>Random Sequence 128,>Random Sequence 128,287,945
>Random Sequence 129,>Random Sequence 129,282,990
>Random Sequence 130,>Random Sequence 130,283,997
>Random Sequence 131,>Random Sequence 131,271,986
>Random Sequence 132,>Random Sequence 132,285,985
>Random Sequence 133,>Random Sequence 133,264,981
>Random Sequence 134,>Random Sequence 134,283,992
>Random Sequence 135,>Random Sequence 135,283,989
>Random Sequence 136,>Random Sequence 136,269,931
>Random Sequence 137,>Random Sequence 137,272,963
>Random Sequence 138,>Random Sequence 138,282,970
>Random Sequence 139,>Random Sequence 139,287,990
>Random Sequence 140,>Random Sequence 140,279,991
>Random Sequence 141,>Random Sequence 141,275,979
>Random Sequence 142,>Random Sequence 142,278,993
>Random Sequence 143,>Random Sequence 143,280,973
>Random Sequence 144,>Random Sequence 144,289,989
>Random Sequence 145,>Random Sequence 145,284,985
>Random Sequence 146,>Random Sequence 146,278,981
>Random Sequence 147,>Random Sequence 147,284,989
>Random Sequence 148,>Random Sequence 148,273,980
>Random Sequence 149,>Random Sequence 149,282,971
>Random Sequence 150,>Random Sequence 150,283,990
>Random Sequence 151,>Random Sequence 151,271,978
>Random Sequence 152,>Random Sequence 152,275,982
>Random Sequence 153,>Random Sequence 153,295,995
>Random Sequence 154,>Random Sequence 154,275,986
>Random Sequence 155,>Random Sequence 155,283,988
>Random Sequence 156,>Random Sequence 156,265,972
>Random Sequence 157,>Random Sequence 157,287,993
>Random Sequence 158,>Random Sequence 158,280,915
>Random Sequence 159,>Random Sequence 159,277,988
>Random Sequence 160,>Random Sequence 160,276,977
>Random Sequence 161,>Random Sequence 161,275,988
>Random Sequence 162,>Random Sequence 162,280,984
>Random Sequence 163,>Random Sequence 163,270,975
>Random Sequence 164,>Random Sequence 164,289,986
>Random Sequence 165,>Random Sequence 165,271,969
>Random Sequence 166,>Random Sequence 166,285,960
>Random Sequence 167,>Random Sequence 167,281,989
>Random Sequence 168,>Random Sequence 168,279,968
>Random Sequence 169,>Random Sequence 169,281,981
>Random Sequence 170,>Random Sequence 170,289,929
>Random Sequence 171,>Random Sequence 171,282,992
>Random Sequence 172,>Random Sequence 172,276,983
>Random Sequence 173,>Random Sequence 173,281,982
>Random Sequence 174,>Random Sequence 174,279,944
>Random Sequence 175,>Random Sequence 175,268,954
>Random Sequence 176,>Random Sequence 176,280,965
>Random Sequence 177,>Random Sequence 177,276,986
>Random Sequence 178,>Random Sequence 178,285,994
>Random Sequence 179,>Random Sequence 179,275,982
>Random Sequence 180,>Random Sequence 180,282,975
>Random Sequence 181,>Random Sequence 181,285,993
>Random Sequence 182,>Random Sequence 182,280,990
>Random Sequence 183,>Random Sequence 183,271,952
>Random Sequence 184,>Random Sequence 184,286,987
>Random Sequence 185,>Random Sequence 185,276,991
>Random Sequence 186,>Random Sequence 186,277,994
>Random Sequence 187,>Random Sequence 187,280,977
>Random Sequence 188,>Random Sequence 188,277,981
>Random Sequence 189,>Random Sequence 189,286,990
>Random Sequence 190,>Random Sequence 190,277,962
>Random Sequence 191,>Random Sequence 191,288,994
>Random Sequence 192,>Random Sequence 192,274,946
>Random Sequence 193,>Random Sequence 193,277,993
>Random Sequence 194,>Random Sequence 194,280,992
>Random Sequence 195,>Random Sequence 195,276,979
>Random Sequence 196,>Random Sequence 196,283,958
>Random Sequence 197,>Random Sequence 197,292,997
>Random Sequence 198,>Random Sequence 198,275,973
>Random Sequence 199,>Random Sequence 199,283,963
>Random Sequence 200,>Random Sequence 200,275,995
>Random Sequence 201,>Random Sequence 201,282,992
>Random Sequence 202,>Random Sequence 202,282,993
>Random Sequence 203,>Random Sequence 203,286,963
>Random Sequence 204,>Random Sequence 204,283,995
>Random Sequence 205,>Random Sequence 205,280,938
>Random Sequence 206,>Random Sequence 206,275,983
>Random Sequence 207,>Random Sequence 207,271,987
>Random Sequence 208,>Random Sequence 208,278,948
>Random Sequence 209,>Random Sequence 209,278,964
>Random Sequence 210,>Random Sequence 210,283,969
>Random Sequence 211,>Random Sequence 211,288,953
>Random Sequence 212,>Random Sequence 212,280,980
>Random Sequence 213,>Random Sequence 213,290,990
>Random Sequence 214,>Random Sequence 214,290,980
>Random Sequence 215,>Random Sequence 215,271,980
>Random Sequence 216,>Random Sequence 216,289,984
>Random Sequence 217,>Random Sequence 217,275,983
>Random Sequence 218,>Random Sequence 218,282,982
>Random Sequence 219,>Random Sequence 219,281,975
>Random Sequence 220,>Random Sequence 220,294,985
>Random Sequence 221,>Random Sequence 221,268,983
>Random Sequence 222,>Random Sequence 222,281,918
>Random Sequence 223,>Random Sequence 223,273,977
>Random Sequence 224,>Random Sequence 224,287,971
>Random Sequence 225,>Random Sequence 225,292,981
>Random Sequence 226,>Random Sequence 226,272,994
>Random Sequence 227,>Random Sequence 227,300,988
>Random Sequence 228,>Random Sequence 228,278,964
>Random Sequence 229,>Random Sequence 229,277,995
>Random Sequence 230,>Random Sequence 230,289,991
>Random Sequence 231,>Random Sequence 231,275,986
>Random Sequence 232,>Random Sequence 232,275,984
>Random Sequence 233,>Random Sequence 233,284,976
>Random Sequence 234,>Random Sequence 234,283,968
>Random Sequence 235,>Random Sequence 235,293,990
>Random Sequence 236,>Random Sequence 236,281,982
>Random Sequence 237,>Random Sequence 237,276,953
>Random Sequence 238,>Random Sequence 238,273,978
>Random Sequence 239,>Random Sequence 239,282,995
>Random Sequence 240,>Random Sequence 240,278,983
>Random Sequence 241,>Random Sequence 241,271,963
>Random Sequence 242,>Random Sequence 242,286,987
>Random Sequence 243,>Random Sequence 243,270,918
>Random Sequence 244,>Random Sequence 244,281,994
>Random Sequence 245,>Random Sequence 245,276,989
>Random Sequence 246,>Random Sequence 246,275,990
>Random Sequence 247,>Random Sequence 247,272,977
>Random Sequence 248,>Random Sequence 248,276,981
>Random Sequence 249,>Random Sequence 249,280,949
>Random Sequence 250,>Random Sequence 250,284,973
>Random Sequence 251,>Random Sequence 251,272,962
>Random Sequence 252,>Random Sequence 252,278,996
>Random Sequence 253,>Random Sequence 253,270,977
>Random Sequence 254,>Random Sequence 254,284,974
>Random Sequence 255,>Random Sequence 255,279,997
>Random Sequence 256,>Random Sequence 256,284,925
>Random Sequence 257,>Random Sequence 257,280,983
>Random Sequence 258,>Random Sequence 258,275,995
>Random Sequence 259,>Random Sequence 259,271,992
>Random Sequence 260,>Random Sequence 260,282,948
>Random Sequence 261,>Random Sequence 261,278,992
>Random Sequence 262,>Random Sequence 262,284,968
>Random Sequence 263,>Random Sequence 263,283,976
>Random Sequence 264,>Random Sequence 264,272,982
>Random Sequence 265,>Random Sequence 265,276,983
>Random Sequence 266,>Random Sequence 266,274,995
>Random Sequence 267,>Random Sequence 267,277,965
>Random Sequence 268,>Random Sequence 268,294,997
>Random Sequence 269,>Random Sequence 269,270,995
>Random Sequence 270,>Random Sequence 270,276,965
>Random Sequence 271,>Random Sequence 271,284,973
>Random Sequence 272,>Random Sequence 272,288,991
>Random Sequence 273,>Random Sequence 273,269,988
>Random Sequence 274,>Random Sequence 274,273,939
>Random Sequence 275,>Random Sequence 275,282,990
>Random Sequence 276,>Random Sequence 276,280,975
>Random Sequence 277,>Random Sequence 277,285,988
>Random Sequence 278,>Random Sequence 278,272,964
>Random Sequence 279,>Random Sequence 279,291,989
>Random Sequence 280,>Random Sequence 280,274,981
>Random Sequence 281,>Random Sequence 281,272,993
>Random Sequence 282,>Random Sequence 282,283,988
>Random Sequence 283,>Random Sequence 283,276,985
>Random Sequence 284,>Random Sequence 284,277,971
>Random Sequence 285,>Random Sequence 285,293,979
>Random Sequence 286,>Random Sequence 286,291,977
>Random Sequence 287,>Random Sequence 287,275,980
>Random Sequence 288,>Random Sequence 288,286,986
>Random Sequence 289,>Random Sequence 289,279,970
>Random Sequence 290,>Random Sequence 290,280,996
>Random Sequence 291,>Random Sequence 291,278,976
>Random Sequence 292,>Random Sequence 292,279,988
>Random Sequence 293,>Random Sequence 293,276,942
>Random Sequence 294,>Random Sequence 294,281,982
>Random Sequence 295,>Random Sequence 295,275,994
>Random Sequence 296,>Random Sequence 296,282,995
>Random Sequence 297,>Random Sequence 297,278,979
>Random Sequence 298,>Random Sequence 298,287,996
>Random Sequence 299,>Random Sequence 299,285,976
>Random Sequence 300,>Random Sequence 300,280,980
>Random Sequence 301,>Random Sequence 301,282,980
>Random Sequence 302,>Random Sequence 302,276,973
>Random Sequence 303,>Random Sequence 303,274,986
>Random Sequence 304,>Random Sequence 304,282,986
>Random Sequence 305,>Random Sequence 305,281,985
>Random Sequence 306,>Random Sequence 306,276,989
>Random Sequence 307,>Random Sequence 307,281,984
>Random Sequence 308,>Random Sequence 308,290,997
>Random Sequence 309,>Random Sequence 309,282,995
>Random Sequence 310,>Random Sequence 310,273,984
>Random Sequence 311,>Random Sequence 311,275,979
>Random Sequence 312,>Random Sequence 312,286,996
>Random Sequence 313,>Random Sequence 313,278,985
>Random Sequence 314,>Random Sequence 314,279,983
>Random Sequence 315,>Random Sequence 315,281,982
>Random Sequence 316,>Random Sequence 316,282,972
>Random Sequence 317,>Random Sequence 317,271,989
>Random Sequence 318,>Random Sequence 318,288,961
>Random Sequence 319,>Random Sequence 319,274,953
>Random Sequence 320,>Random Sequence 320,278,997
>Random Sequence 321,>Random Sequence 321,273,947
>Random Sequence 322,>Random Sequence 322,277,970
>Random Sequence 323,>Random Sequence 323,283,992
>Random Sequence 324,>Random Sequence 324,281,984
>Random Sequence 325,>Random Sequence 325,277,968
>Random Sequence 326,>Random Sequence 326,296,990
>Random Sequence 327,>Random Sequence 327,274,951
>Random Sequence 328,>Random Sequence 328,277,994
>Random Sequence 329,>Random Sequence 329,271,948
>Random Sequence 330,>Random Sequence 330,282,991
>Random Sequence 331,>Random Sequence 331,273,967
>Random Sequence 332,>Random Sequence 332,280,994
>Random Sequence 333,>Random Sequence 333,289,981
>Random Sequence 334,>Random Sequence 334,278,980
>Random Sequence 335,>Random Sequence 335,277,974
>Random Sequence 336,>Random Sequence 336,282,991
>Random Sequence 337,>Random Sequence 337,279,982
>Random Sequence 338,>Random Sequence 338,289,983
>Random Sequence 339,>Random Sequence 339,273,980
>Random Sequence 340,>Random Sequence 340,276,978
>Random Sequence 341,>Random Sequence 341,283,981
>Random Sequence 342,>Random Sequence 342,282,983
>Random Sequence 343,>Random Sequence 343,285,991
>Random Sequence 344,>Random Sequence 344,294,978
>Random Sequence 345,>Random Sequence 345,275,981
>Random Sequence 346,>Random Sequence 346,286,991
>Random Sequence 347,>Random Sequence 347,283,957
>Random Sequence 348,>Random Sequence 348,281,965
>Random Sequence 349,>Random Sequence 349,273,996
>Random Sequence 350,>Random Sequence 350,282,982
>Random Sequence 351,>Random Sequence 351,270,972
>Random Sequence 352,>Random Sequence 352,274,968
>Random Sequence 353,>Random Sequence 353,278,951
>Random Sequence 354,>Random Sequence 354,272,995
>Random Sequence 355,>Random Sequence 355,280,976
>Random Sequence 356,>Random Sequence 356,285,992
>Random Sequence 357,>Random Sequence 357,275,990
>Random Sequence 358,>Random Sequence 358,278,991
>Random Sequence 359,>Random Sequence 359,279,971
>Random Sequence 360,>Random Sequence 360,278,990
>Random Sequence 361,>Random Sequence 361,279,971
>Random Sequence 362,>Random Sequence 362,275,981
>Random Sequence 363,>Random Sequence 363,281,989
>Random Sequence 364,>Random Sequence 364,281,988
>Random Sequence 365,>Random Sequence 365,289,995
>Random Sequence 366,>Random Sequence 366,273,957
>Random Sequence 367,>Random Sequence 367,281,976
>Random Sequence 368,>Random Sequence 368,286,987
>Random Sequence 369,>Random Sequence 369,284,990
>Random Sequence 370,>Random Sequence 370,287,984
>Random Sequence 371,>Random Sequence 371,269,993
>Random Sequence 372,>Random Sequence 372,278,979
>Random Sequence 373,>Random Sequence 373,272,993
>Random Sequence 374,>Random Sequence 374,272,998
>Random Sequence 375,>Random Sequence 375,277,978
>Random Sequence 376,>Random Sequence 376,279,986
>Random Sequence 377,>Random Sequence 377,279,985
>Random Sequence 378,>Random Sequence 378,274,993
>Random Sequence 379,>Random Sequence 379,272,987
>Random Sequence 380,>Random Sequence 380,275,901
>Random Sequence 381,>Random Sequence 381,277,958
>Random Sequence 382,>Random Sequence 382,276,934
>Random Sequence 383,>Random Sequence 383,291,986
>Random Sequence 384,>Random Sequence 384,277,958
>Random Sequence 385,>Random Sequence 385,284,959
>Random Sequence 386,>Random Sequence 386,289,988
>Random Sequence 387,>Random Sequence 387,280,982
>Random Sequence 388,>Random Sequence 388,273,984
>Random Sequence 389,>Random Sequence 389,287,995
>Random Sequence 390,>Random Sequence 390,276,983
>Random Sequence 391,>Random Sequence 391,280,983
>Random Sequence 392,>Random Sequence 392,280,988
>Random Sequence 393,>Random Sequence 393,272,958
>Random Sequence 394,>Random Sequence 394,286,961
>Random Sequence 395,>Random Sequence 395,283,970
>Random Sequence 396,>Random Sequence 396,270,988
>Random Sequence 397,>Random Sequence 397,279,986
>Random Sequence 398,>Random Sequence 398,276,928
>Random Sequence 399,>Random Sequence 399,280,959
>Random Sequence 400,>Random Sequence 400,285,986
>Random Sequence 401,>Random Sequence 401,270,965
>Random Sequence 402,>Random Sequence 402,289,998
>Random Sequence 403,>Random Sequence 403,281,975
>Random Sequence 404,>Random Sequence 404,287,990
>Random Sequence 405,>Random Sequence 405,280,985
>Random Sequence 406,>Random Sequence 406,282,996
>Random Sequence 407,>Random Sequence 407,278,975
>Random Sequence 408,>Random Sequence 408,275,962
>Random Sequence 409,>Random Sequence 409,291,982
>Random Sequence 410,>Random Sequence 410,273,924
>Random Sequence 411,>Random Sequence 411,286,978
>Random Sequence 412,>Random Sequence 412,285,989
>Random Sequence 413,>Random Sequence 413,274,981
>Random Sequence 414,>Random Sequence 414,292,999
>Random Sequence 415,>Random Sequence 415,276,960
>Random Sequence 416,>Random Sequence 416,274,924
>Random Sequence 417,>Random Sequence 417,276,959
>Random Sequence 418,>Random Sequence 418,283,988
>Random Sequence 419,>Random Sequence 419,279,972
>Random Sequence 420,>Random Sequence 420,273,983
>Random Sequence 421,>Random Sequence 421,281,984
>Random Sequence 422,>Random Sequence 422,282,962
>Random Sequence 423,>Random Sequence 423,282,992
>Random Sequence 424,>Random Sequence 424,281,976
>Random Sequence 425,>Random Sequence 425,272,985
>Random Sequence 426,>Random Sequence 426,303,982
>Random Sequence 427,>Random Sequence 427,294,969
>Random Sequence 428,>Random Sequence 428,294,993
>Random Sequence 429,>Random Sequence 429,272,973
>Random Sequence 430,>Random Sequence 430,270,956
>Random Sequence 431,>Random Sequence 431,277,999
>Random Sequence 432,>Random Sequence 432,276,978
>Random Sequence 433,>Random Sequence 433,280,977
>Random Sequence 434,>Random Sequence 434,289,985
>Random Sequence 435,>Random Sequence 435,275,878
>Random Sequence 436,>Random Sequence 436,287,953
>Random Sequence 437,>Random Sequence 437,283,983
>Random Sequence 438,>Random Sequence 438,275,976
>Random Sequence 439,>Random Sequence 439,278,981
>Random Sequence 440,>Random Sequence 440,288,975
>Random Sequence 441,>Random Sequence 441,283,991
>Random Sequence 442,>Random Sequence 442,276,949
>Random Sequence 443,>Random Sequence 443,273,954
>Random Sequence 444,>Random Sequence 444,276,970
>Random Sequence 445,>Random Sequence 445,274,988
>Random Sequence 446,>Random Sequence 446,271,994
>Random Sequence 447,>Random Sequence 447,275,977
>Random Sequence 448,>Random Sequence 448,288,990
>Random Sequence 449,>Random Sequence 449,279,983
>Random Sequence 450,>Random Sequence 450,278,964
>Random Sequence 451,>Random Sequence 451,271,921
>Random Sequence 452,>Random Sequence 452,279,976
>Random Sequence 453,>Random Sequence 453,280,988
>Random Sequence 454,>Random Sequence 454,287,989
>Random Sequence 455,>Random Sequence 455,277,987
>Random Sequence 456,>Random Sequence 456,281,972
>Random Sequence 457,>Random Sequence 457,274,934
>Random Sequence 458,>Random Sequence 458,291,980
>Random Sequence 459,>Random Sequence 459,273,954
>Random Sequence 460,>Random Sequence 460,275,993
>Random Sequence 461,>Random Sequence 461,283,987
>Random Sequence 462,>Random Sequence 462,278,979
>Random Sequence 463,>Random Sequence 463,274,978
>Random Sequence 464,>Random Sequence 464,277,982
>Random Sequence 465,>Random Sequence 465,278,985
>Random Sequence 466,>Random Sequence 466,283,985
>Random Sequence 467,>Random Sequence 467,287,991
>Random Sequence 468,>Random Sequence 468,284,957
>Random Sequence 469,>Random Sequence 469,280,942
>Random Sequence 470,>Random Sequence 470,282,979
>Random Sequence 471,>Random Sequence 471,269,936
>Random Sequence 472,>Random Sequence 472,284,970
>Random Sequence 473,>Random Sequence 473,276,990
>Random Sequence 474,>Random Sequence 474,276,993
>Random Sequence 475,>Random Sequence 475,286,983
>Random Sequence 476,>Random Sequence 476,284,990
>Random Sequence 477,>Random Sequence 477,279,945
>Random Sequence 478,>Random Sequence 478,280,969
>Random Sequence 479,>Random Sequence 479,275,980
>Random Sequence 480,>Random Sequence 480,275,970
>Random Sequence 481,>Random Sequence 481,287,984
>Random Sequence 482,>Random Sequence 482,275,925
>Random Sequence 483,>Random Sequence 483,281,947
>Random Sequence 484,>Random Sequence 484,278,986
>Random Sequence 485,>Random Sequence 485,284,975
>Random Sequence 486,>Random Sequence 486,273,986
>Random Sequence 487,>Random Sequence 487,285,979
>Random Sequence 488,>Random Sequence 488,287,991
>Random Sequence 489,>Random Sequence 489,283,988
>Random Sequence 490,>Random Sequence 490,276,958
>Random Sequence 491,>Random Sequence 491,278,961
>Random Sequence 492,>Random Sequence 492,280,994
>Random Sequence 493,>Random Sequence 493,280,993
>Random Sequence 494,>Random Sequence 494,272,983
>Random Sequence 495,>Random Sequence 495,277,984
>Random Sequence 496,>Random Sequence 496,276,973
>Random Sequence 497,>Random Sequence 497,280,972
>Random Sequence 498,>Random Sequence 498,279,984
>Random Sequence 499,>Random Sequence 499,277,986
>Random Sequence 500,>Random Sequence 500,265,989
