seq_from_file1,seq_from_file2,alignment_score,alignment_length
>Random Sequence 1,>Random Sequence 1,140,474
>Random Sequence 2,>Random Sequence 2,149,466
>Random Sequence 3,>Random Sequence 3,141,481
>Random Sequence 4,>Random Sequence 4,146,493
>Random Sequence 5,>Random Sequence 5,140,496
>Random Sequence 6,>Random Sequence 6,141,474
>Random Sequence 7,>Random Sequence 7,141,494
>Random Sequence 8,>Random Sequence 8,149,496
>Random Sequence 9,>Random Sequence 9,145,451
>Random Sequence 10,>Random Sequence 10,139,473
>Random Sequence 11,>Random Sequence 11,152,481
>Random Sequence 12,>Random Sequence 12,142,471
>Random Sequence 13,>Random Sequence 13,138,485
>Random Sequence 14,>Random Sequence 14,141,478
>Random Sequence 15,>Random Sequence 15,140,480
>Random Sequence 16,>Random Sequence 16,146,480
>Random Sequence 17,>Random Sequence 17,146,474
>Random Sequence 18,>Random Sequence 18,147,490
>Random Sequence 19,>Random Sequence 19,149,482
>Random Sequence 20,>Random Sequence 20,139,474
>Random Sequence 21,>Random Sequence 21,144,499
>Random Sequence 22,>Random Sequence 22,141,456
>Random Sequence 23,>Random Sequence 23,139,463
>Random Sequence 24,>Random Sequence 24,144,483
>Random Sequence 25,>Random Sequence 25,145,494
>Random Sequence 26,>Random Sequence 26,147,482
>Random Sequence 27,>Random Sequence 27,147,488
>Random Sequence 28,>Random Sequence 28,149,492
>Random Sequence 29,>Random Sequence 29,140,478
>Random Sequence 30,>Random Sequence 30,149,490
>Random Sequence 31,>Random Sequence 31,142,491
>Random Sequence 32,>Random Sequence 32,142,495
>Random Sequence 33,>Random Sequence 33,143,473
>Random Sequence 34,>Random Sequence 34,141,466
>Random Sequence 35,>Random Sequence 35,145,485
>Random Sequence 36,>Random Sequence 36,146,477
>Random Sequence 37,>Random Sequence 37,157,474
>Random Sequence 38,>Random Sequence 38,147,485
>Random Sequence 39,>Random Sequence 39,139,475
>Random Sequence 40,>Random Sequence 40,141,471
>Random Sequence 41,>Random Sequence 41,145,473
>Random Sequence 42,>Random Sequence 42,140,494
>Random Sequence 43,>Random Sequence 43,141,487
>Random Sequence 44,>Random Sequence 44,147,492
>Random Sequence 45,>Random Sequence 45,139,493
>Random Sequence 46,>Random Sequence 46,145,500
>Random Sequence 47,>Random Sequence 47,140,481
>Random Sequence 48,>Random Sequence 48,139,471
>Random Sequence 49,>Random Sequence 49,145,487
>Random Sequence 50,>Random Sequence 50,149,490
>Random Sequence 51,>Random Sequence 51,143,498
>Random Sequence 52,>Random Sequence 52,143,488
>Random Sequence 53,>Random Sequence 53,141,495
>Random Sequence 54,>Random Sequence 54,145,455
>Random Sequence 55,>Random Sequence 55,142,482
>Random Sequence 56,>Random Sequence 56,141,493
>Random Sequence 57,>Random Sequence 57,143,471
>Random Sequence 58,>Random Sequence 58,144,497
>Random Sequence 59,>Random Sequence 59,148,481
>Random Sequence 60,>Random Sequence 60,143,478
>Random Sequence 61,>Random Sequence 61,141,475
>Random Sequence 62,>Random Sequence 62,147,475
>Random Sequence 63,>Random Sequence 63,143,498
>Random Sequence 64,>Random Sequence 64,147,467
>Random Sequence 65,>Random Sequence 65,149,479
>Random Sequence 66,>Random Sequence 66,147,492
>Random Sequence 67,>Random Sequence 67,142,486
>Random Sequence 68,>Random Sequence 68,140,467
>Random Sequence 69,>Random Sequence 69,146,485
>Random Sequence 70,>Random Sequence 70,160,485
>Random Sequence 71,>Random Sequence 71,139,479
>Random Sequence 72,>Random Sequence 72,138,475
>Random Sequence 73,>Random Sequence 73,140,485
>Random Sequence 74,>Random Sequence 74,141,475
>Random Sequence 75,>Random Sequence 75,142,489
>Random Sequence 76,>Random Sequence 76,146,490
>Random Sequence 77,>Random Sequence 77,142,481
>Random Sequence 78,>Random Sequence 78,140,483
>Random Sequence 79,>Random Sequence 79,145,478
>Random Sequence 80,>Random Sequence 80,146,492
>Random Sequence 81,>Random Sequence 81,153,495
>Random Sequence 82,>Random Sequence 82,145,489
>Random Sequence 83,>Random Sequence 83,144,487
>Random Sequence 84,>Random Sequence 84,135,492
>Random Sequence 85,>Random Sequence 85,143,493
>Random Sequence 86,>Random Sequence 86,149,454
>Random Sequence 87,>Random Sequence 87,144,483
>Random Sequence 88,>Random Sequence 88,143,481
>Random Sequence 89,>Random Sequence 89,159,479
>Random Sequence 90,>Random Sequence 90,148,492
>Random Sequence 91,>Random Sequence 91,144,453
>Random Sequence 92,>Random Sequence 92,140,484
>Random Sequence 93,>Random Sequence 93,142,485
>Random Sequence 94,>Random Sequence 94,144,487
>Random Sequence 95,>Random Sequence 95,144,492
>Random Sequence 96,>Random Sequence 96,141,472
>Random Sequence 97,>Random Sequence 97,148,480
>Random Sequence 98,>Random Sequence 98,153,467
>Random Sequence 99,>Random Sequence 99,142,496
>Random Sequence 100,>Random Sequence 100,145,472
>Random Sequence 101,>Random Sequence 101,142,484
>Random Sequence 102,>Random Sequence 102,143,488
>Random Sequence 103,>Random Sequence 103,144,475
>Random Sequence 104,>Random Sequence 104,135,475
>Random Sequence 105,>Random Sequence 105,147,489
>Random Sequence 106,>Random Sequence 106,140,474
>Random Sequence 107,>Random Sequence 107,146,489
>Random Sequence 108,>Random Sequence 108,142,468
>Random Sequence 109,>Random Sequence 109,143,476
>Random Sequence 110,>Random Sequence 110,147,484
>Random Sequence 111,>Random Sequence 111,154,487
>Random Sequence 112,>Random Sequence 112,142,491
>Random Sequence 113,>Random Sequence 113,145,471
>Random Sequence 114,>Random Sequence 114,148,496
>Random Sequence 115,>Random Sequence 115,141,490
>Random Sequence 116,>Random Sequence 116,136,486
>Random Sequence 117,>Random Sequence 117,140,480
>Random Sequence 118,>Random Sequence 118,145,497
>Random Sequence 119,>Random Sequence 119,148,491
>Random Sequence 120,>Random Sequence 120,142,486
>Random Sequence 121,>Random Sequence 121,143,468
>Random Sequence 122,>Random Sequence 122,144,490
>Random Sequence 123,>Random Sequence 123,137,449
>Random Sequence 124,>Random Sequence 124,144,493
>Random Sequence 125,>Random Sequence 125,142,490
>Random Sequence 126,>Random Sequence 126,140,498
>Random Sequence 127,>Random Sequence 127,146,459
>Random Sequence 128,>Random Sequence 128,137,464
>Random Sequence 129,>Random Sequence 129,141,467
>Random Sequence 130,>Random Sequence 130,143,489
>Random Sequence 131,>Random Sequence 131,140,487
>Random Sequence 132,>Random Sequence 132,141,493
>Random Sequence 133,>Random Sequence 133,142,461
>Random Sequence 134,>Random Sequence 134,144,460
>Random Sequence 135,>Random Sequence 135,144,491
>Random Sequence 136,>Random Sequence 136,150,483
>Random Sequence 137,>Random Sequence 137,148,493
>Random Sequence 138,>Random Sequence 138,139,494
>Random Sequence 139,>Random Sequence 139,146,490
>Random Sequence 140,>Random Sequence 140,148,490
>Random Sequence 141,>Random Sequence 141,141,497
>Random Sequence 142,>Random Sequence 142,143,499
>Random Sequence 143,>Random Sequence 143,142,483
>Random Sequence 144,>Random Sequence 144,150,490
>Random Sequence 145,>Random Sequence 145,138,479
>Random Sequence 146,>Random Sequence 146,149,499
>Random Sequence 147,>Random Sequence 147,140,476
>Random Sequence 148,>Random Sequence 148,137,489
>Random Sequence 149,>Random Sequence 149,142,457
>Random Sequence 150,>Random Sequence 150,147,493
>Random Sequence 151,>Random Sequence 151,139,490
>Random Sequence 152,>Random Sequence 152,140,485
>Random Sequence 153,>Random Sequence 153,146,483
>Random Sequence 154,>Random Sequence 154,154,495
>Random Sequence 155,>Random Sequence 155,144,490
>Random Sequence 156,>Random Sequence 156,138,442
>Random Sequence 157,>Random Sequence 157,145,486
>Random Sequence 158,>Random Sequence 158,151,475
>Random Sequence 159,>Random Sequence 159,146,499
>Random Sequence 160,>Random Sequence 160,149,492
>Random Sequence 161,>Random Sequence 161,143,465
>Random Sequence 162,>Random Sequence 162,146,482
>Random Sequence 163,>Random Sequence 163,140,493
>Random Sequence 164,>Random Sequence 164,155,488
>Random Sequence 165,>Random Sequence 165,140,464
>Random Sequence 166,>Random Sequence 166,141,486
>Random Sequence 167,>Random Sequence 167,147,485
>Random Sequence 168,>Random Sequence 168,141,479
>Random Sequence 169,>Random Sequence 169,139,488
>Random Sequence 170,>Random Sequence 170,144,495
>Random Sequence 171,>Random Sequence 171,145,438
>Random Sequence 172,>Random Sequence 172,138,476
>Random Sequence 173,>Random Sequence 173,142,492
>Random Sequence 174,>Random Sequence 174,145,474
>Random Sequence 175,>Random Sequence 175,150,489
>Random Sequence 176,>Random Sequence 176,141,476
>Random Sequence 177,>Random Sequence 177,144,481
>Random Sequence 178,>Random Sequence 178,141,491
>Random Sequence 179,>Random Sequence 179,146,468
>Random Sequence 180,>Random Sequence 180,149,476
>Random Sequence 181,>Random Sequence 181,145,483
>Random Sequence 182,>Random Sequence 182,149,473
>Random Sequence 183,>Random Sequence 183,146,475
>Random Sequence 184,>Random Sequence 184,147,477
>Random Sequence 185,>Random Sequence 185,146,464
>Random Sequence 186,>Random Sequence 186,143,454
>Random Sequence 187,>Random Sequence 187,146,487
>Random Sequence 188,>Random Sequence 188,149,491
>Random Sequence 189,>Random Sequence 189,142,491
>Random Sequence 190,>Random Sequence 190,145,484
>Random Sequence 191,>Random Sequence 191,153,489
>Random Sequence 192,>Random Sequence 192,148,491
>Random Sequence 193,>Random Sequence 193,142,487
>Random Sequence 194,>Random Sequence 194,140,487
>Random Sequence 195,>Random Sequence 195,140,488
>Random Sequence 196,>Random Sequence 196,144,491
>Random Sequence 197,>Random Sequence 197,139,491
>Random Sequence 198,>Random Sequence 198,146,491
>Random Sequence 199,>Random Sequence 199,144,480
>Random Sequence 200,>Random Sequence 200,146,485
>Random Sequence 201,>Random Sequence 201,143,476
>Random Sequence 202,>Random Sequence 202,153,484
>Random Sequence 203,>Random Sequence 203,138,470
>Random Sequence 204,>Random Sequence 204,143,462
>Random Sequence 205,>Random Sequence 205,146,482
>Random Sequence 206,>Random Sequence 206,145,493
>Random Sequence 207,>Random Sequence 207,143,481
>Random Sequence 208,>Random Sequence 208,146,474
>Random Sequence 209,>Random Sequence 209,148,489
>Random Sequence 210,>Random Sequence 210,146,497
>Random Sequence 211,>Random Sequence 211,144,479
>Random Sequence 212,>Random Sequence 212,147,491
>Random Sequence 213,>Random Sequence 213,138,477
>Random Sequence 214,>Random Sequence 214,141,484
>Random Sequence 215,>Random Sequence 215,148,462
>Random Sequence 216,>Random Sequence 216,140,488
>Random Sequence 217,>Random Sequence 217,140,443
>Random Sequence 218,>Random Sequence 218,138,463
>Random Sequence 219,>Random Sequence 219,141,488
>Random Sequence 220,>Random Sequence 220,151,490
>Random Sequence 221,>Random Sequence 221,147,492
>Random Sequence 222,>Random Sequence 222,145,484
>Random Sequence 223,>Random Sequence 223,160,496
>Random Sequence 224,>Random Sequence 224,144,486
>Random Sequence 225,>Random Sequence 225,139,473
>Random Sequence 226,>Random Sequence 226,148,491
>Random Sequence 227,>Random Sequence 227,145,477
>Random Sequence 228,>Random Sequence 228,146,495
>Random Sequence 229,>Random Sequence 229,141,469
>Random Sequence 230,>Random Sequence 230,142,491
>Random Sequence 231,>Random Sequence 231,139,465
>Random Sequence 232,>Random Sequence 232,139,467
>Random Sequence 233,>Random Sequence 233,139,478
>Random Sequence 234,>Random Sequence 234,149,468
>Random Sequence 235,>Random Sequence 235,140,477
>Random Sequence 236,>Random Sequence 236,143,486
>Random Sequence 237,>Random Sequence 237,146,488
>Random Sequence 238,>Random Sequence 238,144,467
>Random Sequence 239,>Random Sequence 239,143,488
>Random Sequence 240,>Random Sequence 240,144,459
>Random Sequence 241,>Random Sequence 241,147,474
>Random Sequence 242,>Random Sequence 242,150,493
>Random Sequence 243,>Random Sequence 243,137,493
>Random Sequence 244,>Random Sequence 244,146,487
>Random Sequence 245,>Random Sequence 245,143,487
>Random Sequence 246,>Random Sequence 246,149,489
>Random Sequence 247,>Random Sequence 247,143,455
>Random Sequence 248,>Random Sequence 248,142,496
>Random Sequence 249,>Random Sequence 249,146,491
>Random Sequence 250,>Random Sequence 250,141,474
>Random Sequence 251,>Random Sequence 251,142,481
>Random Sequence 252,>Random Sequence 252,146,466
>Random Sequence 253,>Random Sequence 253,143,481
>Random Sequence 254,>Random Sequence 254,144,484
>Random Sequence 255,>Random Sequence 255,143,489
>Random Sequence 256,>Random Sequence 256,141,479
>Random Sequence 257,>Random Sequence 257,147,493
>Random Sequence 258,>Random Sequence 258,146,485
>Random Sequence 259,>Random Sequence 259,143,479
>Random Sequence 260,>Random Sequence 260,136,474
>Random Sequence 261,>Random Sequence 261,139,485
>Random Sequence 262,>Random Sequence 262,142,473
>Random Sequence 263,>Random Sequence 263,147,418
>Random Sequence 264,>Random Sequence 264,160,489
>Random Sequence 265,>Random Sequence 265,146,491
>Random Sequence 266,>Random Sequence 266,149,495
>Random Sequence 267,>Random Sequence 267,140,491
>Random Sequence 268,>Random Sequence 268,136,461
>Random Sequence 269,>Random Sequence 269,146,497
>Random Sequence 270,>Random Sequence 270,140,465
>Random Sequence 271,>Random Sequence 271,144,492
>Random Sequence 272,>Random Sequence 272,149,474
>Random Sequence 273,>Random Sequence 273,143,470
>Random Sequence 274,>Random Sequence 274,132,489
>Random Sequence 275,>Random Sequence 275,155,486
>Random Sequence 276,>Random Sequence 276,140,456
>Random Sequence 277,>Random Sequence 277,146,491
>Random Sequence 278,>Random Sequence 278,146,469
>Random Sequence 279,>Random Sequence 279,141,481
>Random Sequence 280,>Random Sequence 280,144,486
>Random Sequence 281,>Random Sequence 281,146,489
>Random Sequence 282,>Random Sequence 282,141,493
>Random Sequence 283,>Random Sequence 283,139,453
>Random Sequence 284,>Random Sequence 284,138,467
>Random Sequence 285,>Random Sequence 285,138,492
>Random Sequence 286,>Random Sequence 286,149,480
>Random Sequence 287,>Random Sequence 287,147,482
>Random Sequence 288,>Random Sequence 288,146,478
>Random Sequence 289,>Random Sequence 289,144,474
>Random Sequence 290,>Random Sequence 290,147,487
>Random Sequence 291,>Random Sequence 291,144,486
>Random Sequence 292,>Random Sequence 292,142,485
>Random Sequence 293,>Random Sequence 293,144,470
>Random Sequence 294,>Random Sequence 294,145,495
>Random Sequence 295,>Random Sequence 295,142,490
>Random Sequence 296,>Random Sequence 296,140,441
>Random Sequence 297,>Random Sequence 297,143,461
>Random Sequence 298,>Random Sequence 298,145,475
>Random Sequence 299,>Random Sequence 299,140,467
>Random Sequence 300,>Random Sequence 300,152,496
>Random Sequence 301,>Random Sequence 301,150,476
>Random Sequence 302,>Random Sequence 302,140,483
>Random Sequence 303,>Random Sequence 303,146,450
>Random Sequence 304,>Random Sequence 304,139,470
>Random Sequence 305,>Random Sequence 305,138,451
>Random Sequence 306,>Random Sequence 306,142,492
>Random Sequence 307,>Random Sequence 307,144,479
>Random Sequence 308,>Random Sequence 308,140,479
>Random Sequence 309,>Random Sequence 309,143,498
>Random Sequence 310,>Random Sequence 310,135,475
>Random Sequence 311,>Random Sequence 311,141,433
>Random Sequence 312,>Random Sequence 312,139,483
>Random Sequence 313,>Random Sequence 313,145,480
>Random Sequence 314,>Random Sequence 314,141,463
>Random Sequence 315,>Random Sequence 315,146,471
>Random Sequence 316,>Random Sequence 316,150,494
>Random Sequence 317,>Random Sequence 317,141,485
>Random Sequence 318,>Random Sequence 318,144,484
>Random Sequence 319,>Random Sequence 319,150,497
>Random Sequence 320,>Random Sequence 320,148,489
>Random Sequence 321,>Random Sequence 321,141,490
>Random Sequence 322,>Random Sequence 322,136,460
>Random Sequence 323,>Random Sequence 323,145,471
>Random Sequence 324,>Random Sequence 324,145,488
>Random Sequence 325,>Random Sequence 325,144,489
>Random Sequence 326,>Random Sequence 326,148,483
>Random Sequence 327,>Random Sequence 327,143,488
>Random Sequence 328,>Random Sequence 328,139,473
>Random Sequence 329,>Random Sequence 329,143,480
>Random Sequence 330,>Random Sequence 330,144,471
>Random Sequence 331,>Random Sequence 331,145,478
>Random Sequence 332,>Random Sequence 332,151,498
>Random Sequence 333,>Random Sequence 333,142,499
>Random Sequence 334,>Random Sequence 334,141,489
>Random Sequence 335,>Random Sequence 335,146,478
>Random Sequence 336,>Random Sequence 336,148,499
>Random Sequence 337,>Random Sequence 337,147,493
>Random Sequence 338,>Random Sequence 338,141,482
>Random Sequence 339,>Random Sequence 339,145,483
>Random Sequence 340,>Random Sequence 340,146,475
>Random Sequence 341,>Random Sequence 341,144,487
>Random Sequence 342,>Random Sequence 342,144,485
>Random Sequence 343,>Random Sequence 343,141,488
>Random Sequence 344,>Random Sequence 344,143,473
>Random Sequence 345,>Random Sequence 345,143,476
>Random Sequence 346,>Random Sequence 346,155,496
>Random Sequence 347,>Random Sequence 347,141,457
>Random Sequence 348,>Random Sequence 348,151,494
>Random Sequence 349,>Random Sequence 349,142,469
>Random Sequence 350,>Random Sequence 350,149,475
>Random Sequence 351,>Random Sequence 351,146,493
>Random Sequence 352,>Random Sequence 352,139,467
>Random Sequence 353,>Random Sequence 353,147,473
>Random Sequence 354,>Random Sequence 354,141,467
>Random Sequence 355,>Random Sequence 355,145,477
>Random Sequence 356,>Random Sequence 356,148,493
>Random Sequence 357,>Random Sequence 357,141,462
>Random Sequence 358,>Random Sequence 358,146,480
>Random Sequence 359,>Random Sequence 359,146,493
>Random Sequence 360,>Random Sequence 360,141,480
>Random Sequence 361,>Random Sequence 361,155,479
>Random Sequence 362,>Random Sequence 362,151,484
>Random Sequence 363,>Random Sequence 363,145,457
>Random Sequence 364,>Random Sequence 364,143,485
>Random Sequence 365,>Random Sequence 365,142,482
>Random Sequence 366,>Random Sequence 366,149,481
>Random Sequence 367,>Random Sequence 367,159,500
>Random Sequence 368,>Random Sequence 368,141,496
>Random Sequence 369,>Random Sequence 369,142,462
>Random Sequence 370,>Random Sequence 370,143,491
>Random Sequence 371,>Random Sequence 371,140,478
>Random Sequence 372,>Random Sequence 372,141,476
>Random Sequence 373,>Random Sequence 373,150,490
>Random Sequence 374,>Random Sequence 374,140,477
>Random Sequence 375,>Random Sequence 375,151,480
>Random Sequence 376,>Random Sequence 376,141,483
>Random Sequence 377,>Random Sequence 377,144,488
>Random Sequence 378,>Random Sequence 378,142,466
>Random Sequence 379,>Random Sequence 379,148,484
>Random Sequence 380,>Random Sequence 380,146,490
>Random Sequence 381,>Random Sequence 381,140,479
>Random Sequence 382,>Random Sequence 382,145,466
>Random Sequence 383,>Random Sequence 383,148,478
>Random Sequence 384,>Random Sequence 384,146,490
>Random Sequence 385,>Random Sequence 385,147,480
>Random Sequence 386,>Random Sequence 386,141,480
>Random Sequence 387,>Random Sequence 387,147,484
>Random Sequence 388,>Random Sequence 388,140,470
>Random Sequence 389,>Random Sequence 389,141,481
>Random Sequence 390,>Random Sequence 390,140,476
>Random Sequence 391,>Random Sequence 391,140,475
>Random Sequence 392,>Random Sequence 392,138,463
>Random Sequence 393,>Random Sequence 393,144,454
>Random Sequence 394,>Random Sequence 394,147,483
>Random Sequence 395,>Random Sequence 395,149,472
>Random Sequence 396,>Random Sequence 396,142,478
>Random Sequence 397,>Random Sequence 397,142,467
>Random Sequence 398,>Random Sequence 398,146,490
>Random Sequence 399,>Random Sequence 399,140,447
>Random Sequence 400,>Random Sequence 400,144,482
>Random Sequence 401,>Random Sequence 401,139,461
>Random Sequence 402,>Random Sequence 402,140,479
>Random Sequence 403,>Random Sequence 403,143,481
>Random Sequence 404,>Random Sequence 404,145,492
>Random Sequence 405,>Random Sequence 405,140,452
>Random Sequence 406,>Random Sequence 406,149,458
>Random Sequence 407,>Random Sequence 407,137,429
>Random Sequence 408,>Random Sequence 408,143,485
>Random Sequence 409,>Random Sequence 409,144,486
>Random Sequence 410,>Random Sequence 410,138,481
>Random Sequence 411,>Random Sequence 411,142,486
>Random Sequence 412,>Random Sequence 412,149,479
>Random Sequence 413,>Random Sequence 413,151,478
>Random Sequence 414,>Random Sequence 414,140,495
>Random Sequence 415,>Random Sequence 415,144,481
>Random Sequence 416,>Random Sequence 416,147,462
>Random Sequence 417,>Random Sequence 417,150,467
>Random Sequence 418,>Random Sequence 418,138,471
>Random Sequence 419,>Random Sequence 419,147,490
>Random Sequence 420,>Random Sequence 420,141,495
>Random Sequence 421,>Random Sequence 421,139,483
>Random Sequence 422,>Random Sequence 422,146,482
>Random Sequence 423,>Random Sequence 423,147,494
>Random Sequence 424,>Random Sequence 424,143,469
>Random Sequence 425,>Random Sequence 425,155,483
>Random Sequence 426,>Random Sequence 426,146,489
>Random Sequence 427,>Random Sequence 427,147,489
>Random Sequence 428,>Random Sequence 428,145,492
>Random Sequence 429,>Random Sequence 429,144,493
>Random Sequence 430,>Random Sequence 430,159,491
>Random Sequence 431,>Random Sequence 431,144,494
>Random Sequence 432,>Random Sequence 432,145,486
>Random Sequence 433,>Random Sequence 433,140,493
>Random Sequence 434,>Random Sequence 434,140,477
>Random Sequence 435,>Random Sequence 435,147,497
>Random Sequence 436,>Random Sequence 436,139,492
>Random Sequence 437,>Random Sequence 437,137,493
>Random Sequence 438,>Random Sequence 438,146,475
>Random Sequence 439,>Random Sequence 439,139,495
>Random Sequence 440,>Random Sequence 440,148,487
>Random Sequence 441,>Random Sequence 441,145,483
>Random Sequence 442,>Random Sequence 442,142,471
>Random Sequence 443,>Random Sequence 443,138,441
>Random Sequence 444,>Random Sequence 444,146,446
>Random Sequence 445,>Random Sequence 445,155,493
>Random Sequence 446,>Random Sequence 446,144,482
>Random Sequence 447,>Random Sequence 447,150,496
>Random Sequence 448,>Random Sequence 448,157,488
>Random Sequence 449,>Random Sequence 449,147,489
>Random Sequence 450,>Random Sequence 450,143,487
>Random Sequence 451,>Random Sequence 451,144,478
>Random Sequence 452,>Random Sequence 452,151,493
>Random Sequence 453,>Random Sequence 453,150,490
>Random Sequence 454,>Random Sequence 454,137,454
>Random Sequence 455,>Random Sequence 455,140,479
>Random Sequence 456,>Random Sequence 456,149,481
>Random Sequence 457,>Random Sequence 457,145,492
>Random Sequence 458,>Random Sequence 458,151,490
>Random Sequence 459,>Random Sequence 459,147,496
>Random Sequence 460,>Random Sequence 460,146,415
>Random Sequence 461,>Random Sequence 461,150,468
>Random Sequence 462,>Random Sequence 462,141,487
>Random Sequence 463,>Random Sequence 463,149,489
>Random Sequence 464,>Random Sequence 464,141,497
>Random Sequence 465,>Random Sequence 465,138,457
>Random Sequence 466,>Random Sequence 466,145,494
>Random Sequence 467,>Random Sequence 467,164,487
>Random Sequence 468,>Random Sequence 468,154,481
>Random Sequence 469,>Random Sequence 469,144,487
>Random Sequence 470,>Random Sequence 470,139,456
>Random Sequence 471,>Random Sequence 471,143,493
>Random Sequence 472,>Random Sequence 472,151,475
>Random Sequence 473,>Random Sequence 473,148,483
>Random Sequence 474,>Random Sequence 474,141,489
>Random Sequence 475,>Random Sequence 475,144,496
>Random Sequence 476,>Random Sequence 476,152,485
>Random Sequence 477,>Random Sequence 477,148,490
>Random Sequence 478,>Random Sequence 478,144,492
>Random Sequence 479,>Random Sequence 479,143,464
>Random Sequence 480,>Random Sequence 480,149,497
>Random Sequence 481,>Random Sequence 481,150,484
>Random Sequence 482,>Random Sequence 482,145,475
>Random Sequence 483,>Random Sequence 483,135,474
>Random Sequence 484,>Random Sequence 484,148,498
>Random Sequence 485,>Random Sequence 485,142,494
>Random Sequence 486,>Random Sequence 486,151,480
>Random Sequence 487,>Random Sequence 487,144,482
>Random Sequence 488,>Random Sequence 488,141,484
>Random Sequence 489,>Random Sequence 489,141,452
>Random Sequence 490,>Random Sequence 490,142,485
>Random Sequence 491,>Random Sequence 491,150,500
>Random Sequence 492,>Random Sequence 492,143,483
>Random Sequence 493,>Random Sequence 493,140,469
>Random Sequence 494,>Random Sequence 494,151,488
>Random Sequence 495,>Random Sequence 495,136,481
>Random Sequence 496,>Random Sequence 496,144,494
>Random Sequence 497,>Random Sequence 497,136,473
>Random Sequence 498,>Random Sequence 498,150,492
>Random Sequence 499,>Random Sequence 499,145,483
>Random Sequence 500,>Random Sequence 500,144,497
>Random Sequence 501,>Random Sequence 501,146,494
>Random Sequence 502,>Random Sequence 502,142,476
>Random Sequence 503,>Random Sequence 503,145,490
>Random Sequence 504,>Random Sequence 504,135,472
>Random Sequence 505,>Random Sequence 505,139,484
>Random Sequence 506,>Random Sequence 506,147,486
>Random Sequence 507,>Random Sequence 507,141,498
>Random Sequence 508,>Random Sequence 508,144,494
>Random Sequence 509,>Random Sequence 509,146,464
>Random Sequence 510,>Random Sequence 510,147,492
>Random Sequence 511,>Random Sequence 511,143,481
>Random Sequence 512,>Random Sequence 512,149,492
>Random Sequence 513,>Random Sequence 513,147,489
>Random Sequence 514,>Random Sequence 514,143,480
>Random Sequence 515,>Random Sequence 515,160,473
>Random Sequence 516,>Random Sequence 516,140,456
>Random Sequence 517,>Random Sequence 517,150,487
>Random Sequence 518,>Random Sequence 518,145,486
>Random Sequence 519,>Random Sequence 519,150,468
>Random Sequence 520,>Random Sequence 520,143,484
>Random Sequence 521,>Random Sequence 521,142,490
>Random Sequence 522,>Random Sequence 522,140,479
>Random Sequence 523,>Random Sequence 523,157,493
>Random Sequence 524,>Random Sequence 524,142,473
>Random Sequence 525,>Random Sequence 525,152,466
>Random Sequence 526,>Random Sequence 526,141,490
>Random Sequence 527,>Random Sequence 527,143,492
>Random Sequence 528,>Random Sequence 528,147,492
>Random Sequence 529,>Random Sequence 529,145,473
>Random Sequence 530,>Random Sequence 530,148,488
>Random Sequence 531,>Random Sequence 531,144,486
>Random Sequence 532,>Random Sequence 532,148,492
>Random Sequence 533,>Random Sequence 533,149,476
>Random Sequence 534,>Random Sequence 534,141,484
>Random Sequence 535,>Random Sequence 535,142,474
>Random Sequence 536,>Random Sequence 536,136,466
>Random Sequence 537,>Random Sequence 537,140,479
>Random Sequence 538,>Random Sequence 538,138,478
>Random Sequence 539,>Random Sequence 539,142,472
>Random Sequence 540,>Random Sequence 540,141,496
>Random Sequence 541,>Random Sequence 541,137,473
>Random Sequence 542,>Random Sequence 542,142,485
>Random Sequence 543,>Random Sequence 543,149,495
>Random Sequence 544,>Random Sequence 544,141,467
>Random Sequence 545,>Random Sequence 545,145,492
>Random Sequence 546,>Random Sequence 546,150,491
>Random Sequence 547,>Random Sequence 547,140,486
>Random Sequence 548,>Random Sequence 548,144,480
>Random Sequence 549,>Random Sequence 549,143,469
>Random Sequence 550,>Random Sequence 550,149,493
>Random Sequence 551,>Random Sequence 551,149,487
>Random Sequence 552,>Random Sequence 552,142,475
>Random Sequence 553,>Random Sequence 553,142,472
>Random Sequence 554,>Random Sequence 554,142,495
>Random Sequence 555,>Random Sequence 555,151,452
>Random Sequence 556,>Random Sequence 556,139,476
>Random Sequence 557,>Random Sequence 557,155,481
>Random Sequence 558,>Random Sequence 558,147,473
>Random Sequence 559,>Random Sequence 559,147,485
>Random Sequence 560,>Random Sequence 560,142,441
>Random Sequence 561,>Random Sequence 561,146,474
>Random Sequence 562,>Random Sequence 562,152,492
>Random Sequence 563,>Random Sequence 563,141,492
>Random Sequence 564,>Random Sequence 564,153,466
>Random Sequence 565,>Random Sequence 565,139,448
>Random Sequence 566,>Random Sequence 566,148,474
>Random Sequence 567,>Random Sequence 567,143,491
>Random Sequence 568,>Random Sequence 568,138,475
>Random Sequence 569,>Random Sequence 569,143,487
>Random Sequence 570,>Random Sequence 570,144,445
>Random Sequence 571,>Random Sequence 571,136,469
>Random Sequence 572,>Random Sequence 572,145,496
>Random Sequence 573,>Random Sequence 573,141,481
>Random Sequence 574,>Random Sequence 574,148,444
>Random Sequence 575,>Random Sequence 575,145,490
>Random Sequence 576,>Random Sequence 576,139,474
>Random Sequence 577,>Random Sequence 577,147,480
>Random Sequence 578,>Random Sequence 578,140,481
>Random Sequence 579,>Random Sequence 579,151,482
>Random Sequence 580,>Random Sequence 580,149,475
>Random Sequence 581,>Random Sequence 581,149,495
>Random Sequence 582,>Random Sequence 582,139,480
>Random Sequence 583,>Random Sequence 583,144,488
>Random Sequence 584,>Random Sequence 584,147,489
>Random Sequence 585,>Random Sequence 585,148,476
>Random Sequence 586,>Random Sequence 586,137,490
>Random Sequence 587,>Random Sequence 587,140,493
>Random Sequence 588,>Random Sequence 588,152,499
>Random Sequence 589,>Random Sequence 589,144,486
>Random Sequence 590,>Random Sequence 590,145,492
>Random Sequence 591,>Random Sequence 591,136,494
>Random Sequence 592,>Random Sequence 592,144,488
>Random Sequence 593,>Random Sequence 593,139,479
>Random Sequence 594,>Random Sequence 594,143,470
>Random Sequence 595,>Random Sequence 595,151,499
>Random Sequence 596,>Random Sequence 596,140,491
>Random Sequence 597,>Random Sequence 597,140,491
>Random Sequence 598,>Random Sequence 598,152,464
>Random Sequence 599,>Random Sequence 599,152,483
>Random Sequence 600,>Random Sequence 600,148,472
>Random Sequence 601,>Random Sequence 601,155,486
>Random Sequence 602,>Random Sequence 602,148,486
>Random Sequence 603,>Random Sequence 603,145,477
>Random Sequence 604,>Random Sequence 604,140,489
>Random Sequence 605,>Random Sequence 605,149,473
>Random Sequence 606,>Random Sequence 606,158,489
>Random Sequence 607,>Random Sequence 607,144,494
>Random Sequence 608,>Random Sequence 608,142,477
>Random Sequence 609,>Random Sequence 609,146,485
>Random Sequence 610,>Random Sequence 610,144,490
>Random Sequence 611,>Random Sequence 611,143,461
>Random Sequence 612,>Random Sequence 612,151,482
>Random Sequence 613,>Random Sequence 613,148,492
>Random Sequence 614,>Random Sequence 614,144,495
>Random Sequence 615,>Random Sequence 615,139,478
>Random Sequence 616,>Random Sequence 616,142,490
>Random Sequence 617,>Random Sequence 617,144,489
>Random Sequence 618,>Random Sequence 618,155,494
>Random Sequence 619,>Random Sequence 619,146,482
>Random Sequence 620,>Random Sequence 620,136,475
>Random Sequence 621,>Random Sequence 621,142,495
>Random Sequence 622,>Random Sequence 622,141,488
>Random Sequence 623,>Random Sequence 623,136,473
>Random Sequence 624,>Random Sequence 624,151,492
>Random Sequence 625,>Random Sequence 625,150,485
>Random Sequence 626,>Random Sequence 626,150,485
>Random Sequence 627,>Random Sequence 627,145,469
>Random Sequence 628,>Random Sequence 628,146,496
>Random Sequence 629,>Random Sequence 629,144,451
>Random Sequence 630,>Random Sequence 630,144,492
>Random Sequence 631,>Random Sequence 631,142,480
>Random Sequence 632,>Random Sequence 632,149,457
>Random Sequence 633,>Random Sequence 633,141,485
>Random Sequence 634,>Random Sequence 634,142,456
>Random Sequence 635,>Random Sequence 635,146,476
>Random Sequence 636,>Random Sequence 636,141,463
>Random Sequence 637,>Random Sequence 637,143,446
>Random Sequence 638,>Random Sequence 638,149,492
>Random Sequence 639,>Random Sequence 639,142,489
>Random Sequence 640,>Random Sequence 640,143,452
>Random Sequence 641,>Random Sequence 641,151,486
>Random Sequence 642,>Random Sequence 642,156,484
>Random Sequence 643,>Random Sequence 643,143,473
>Random Sequence 644,>Random Sequence 644,145,464
>Random Sequence 645,>Random Sequence 645,147,492
>Random Sequence 646,>Random Sequence 646,146,467
>Random Sequence 647,>Random Sequence 647,165,496
>Random Sequence 648,>Random Sequence 648,138,491
>Random Sequence 649,>Random Sequence 649,142,454
>Random Sequence 650,>Random Sequence 650,140,471
>Random Sequence 651,>Random Sequence 651,147,494
>Random Sequence 652,>Random Sequence 652,147,455
>Random Sequence 653,>Random Sequence 653,144,497
>Random Sequence 654,>Random Sequence 654,148,478
>Random Sequence 655,>Random Sequence 655,145,481
>Random Sequence 656,>Random Sequence 656,146,446
>Random Sequence 657,>Random Sequence 657,142,491
>Random Sequence 658,>Random Sequence 658,145,494
>Random Sequence 659,>Random Sequence 659,146,495
>Random Sequence 660,>Random Sequence 660,143,484
>Random Sequence 661,>Random Sequence 661,149,490
>Random Sequence 662,>Random Sequence 662,149,483
>Random Sequence 663,>Random Sequence 663,145,468
>Random Sequence 664,>Random Sequence 664,144,479
>Random Sequence 665,>Random Sequence 665,141,481
>Random Sequence 666,>Random Sequence 666,149,480
>Random Sequence 667,>Random Sequence 667,142,490
>Random Sequence 668,>Random Sequence 668,154,471
>Random Sequence 669,>Random Sequence 669,137,481
>Random Sequence 670,>Random Sequence 670,144,495
>Random Sequence 671,>Random Sequence 671,141,485
>Random Sequence 672,>Random Sequence 672,141,491
>Random Sequence 673,>Random Sequence 673,150,484
>Random Sequence 674,>Random Sequence 674,144,465
>Random Sequence 675,>Random Sequence 675,138,435
>Random Sequence 676,>Random Sequence 676,147,489
>Random Sequence 677,>Random Sequence 677,143,499
>Random Sequence 678,>Random Sequence 678,142,455
>Random Sequence 679,>Random Sequence 679,140,490
>Random Sequence 680,>Random Sequence 680,141,477
>Random Sequence 681,>Random Sequence 681,139,458
>Random Sequence 682,>Random Sequence 682,144,499
>Random Sequence 683,>Random Sequence 683,149,485
>Random Sequence 684,>Random Sequence 684,144,476
>Random Sequence 685,>Random Sequence 685,137,490
>Random Sequence 686,>Random Sequence 686,142,468
>Random Sequence 687,>Random Sequence 687,142,487
>Random Sequence 688,>Random Sequence 688,141,473
>Random Sequence 689,>Random Sequence 689,146,467
>Random Sequence 690,>Random Sequence 690,142,487
>Random Sequence 691,>Random Sequence 691,140,470
>Random Sequence 692,>Random Sequence 692,147,492
>Random Sequence 693,>Random Sequence 693,145,473
>Random Sequence 694,>Random Sequence 694,139,489
>Random Sequence 695,>Random Sequence 695,138,487
>Random Sequence 696,>Random Sequence 696,148,484
>Random Sequence 697,>Random Sequence 697,141,484
>Random Sequence 698,>Random Sequence 698,144,483
>Random Sequence 699,>Random Sequence 699,149,480
>Random Sequence 700,>Random Sequence 700,142,482
>Random Sequence 701,>Random Sequence 701,149,496
>Random Sequence 702,>Random Sequence 702,144,476
>Random Sequence 703,>Random Sequence 703,143,478
>Random Sequence 704,>Random Sequence 704,155,473
>Random Sequence 705,>Random Sequence 705,140,485
>Random Sequence 706,>Random Sequence 706,139,471
>Random Sequence 707,>Random Sequence 707,144,491
>Random Sequence 708,>Random Sequence 708,145,498
>Random Sequence 709,>Random Sequence 709,141,475
>Random Sequence 710,>Random Sequence 710,158,494
>Random Sequence 711,>Random Sequence 711,141,487
>Random Sequence 712,>Random Sequence 712,142,472
>Random Sequence 713,>Random Sequence 713,146,485
>Random Sequence 714,>Random Sequence 714,142,468
>Random Sequence 715,>Random Sequence 715,146,497
>Random Sequence 716,>Random Sequence 716,139,494
>Random Sequence 717,>Random Sequence 717,146,486
>Random Sequence 718,>Random Sequence 718,143,498
>Random Sequence 719,>Random Sequence 719,155,487
>Random Sequence 720,>Random Sequence 720,145,480
>Random Sequence 721,>Random Sequence 721,143,478
>Random Sequence 722,>Random Sequence 722,144,485
>Random Sequence 723,>Random Sequence 723,148,458
>Random Sequence 724,>Random Sequence 724,145,487
>Random Sequence 725,>Random Sequence 725,147,493
>Random Sequence 726,>Random Sequence 726,143,493
>Random Sequence 727,>Random Sequence 727,144,487
>Random Sequence 728,>Random Sequence 728,146,488
>Random Sequence 729,>Random Sequence 729,140,487
>Random Sequence 730,>Random Sequence 730,138,435
>Random Sequence 731,>Random Sequence 731,137,486
>Random Sequence 732,>Random Sequence 732,142,485
>Random Sequence 733,>Random Sequence 733,143,464
>Random Sequence 734,>Random Sequence 734,150,477
>Random Sequence 735,>Random Sequence 735,146,473
>Random Sequence 736,>Random Sequence 736,146,497
>Random Sequence 737,>Random Sequence 737,146,493
>Random Sequence 738,>Random Sequence 738,147,490
>Random Sequence 739,>Random Sequence 739,149,493
>Random Sequence 740,>Random Sequence 740,142,491
>Random Sequence 741,>Random Sequence 741,140,475
>Random Sequence 742,>Random Sequence 742,137,489
>Random Sequence 743,>Random Sequence 743,146,480
>Random Sequence 744,>Random Sequence 744,156,476
>Random Sequence 745,>Random Sequence 745,154,490
>Random Sequence 746,>Random Sequence 746,145,495
>Random Sequence 747,>Random Sequence 747,142,496
>Random Sequence 748,>Random Sequence 748,150,479
>Random Sequence 749,>Random Sequence 749,145,497
>Random Sequence 750,>Random Sequence 750,141,493
>Random Sequence 751,>Random Sequence 751,149,470
>Random Sequence 752,>Random Sequence 752,143,465
>Random Sequence 753,>Random Sequence 753,148,482
>Random Sequence 754,>Random Sequence 754,137,477
>Random Sequence 755,>Random Sequence 755,146,466
>Random Sequence 756,>Random Sequence 756,146,461
>Random Sequence 757,>Random Sequence 757,145,488
>Random Sequence 758,>Random Sequence 758,147,465
>Random Sequence 759,>Random Sequence 759,138,487
>Random Sequence 760,>Random Sequence 760,148,477
>Random Sequence 761,>Random Sequence 761,144,481
>Random Sequence 762,>Random Sequence 762,143,494
>Random Sequence 763,>Random Sequence 763,147,496
>Random Sequence 764,>Random Sequence 764,143,495
>Random Sequence 765,>Random Sequence 765,136,465
>Random Sequence 766,>Random Sequence 766,151,486
>Random Sequence 767,>Random Sequence 767,148,491
>Random Sequence 768,>Random Sequence 768,147,494
>Random Sequence 769,>Random Sequence 769,148,462
>Random Sequence 770,>Random Sequence 770,139,491
>Random Sequence 771,>Random Sequence 771,143,487
>Random Sequence 772,>Random Sequence 772,137,474
>Random Sequence 773,>Random Sequence 773,140,476
>Random Sequence 774,>Random Sequence 774,139,478
>Random Sequence 775,>Random Sequence 775,147,488
>Random Sequence 776,>Random Sequence 776,143,492
>Random Sequence 777,>Random Sequence 777,139,477
>Random Sequence 778,>Random Sequence 778,144,486
>Random Sequence 779,>Random Sequence 779,144,480
>Random Sequence 780,>Random Sequence 780,149,492
>Random Sequence 781,>Random Sequence 781,141,466
>Random Sequence 782,>Random Sequence 782,144,483
>Random Sequence 783,>Random Sequence 783,148,476
>Random Sequence 784,>Random Sequence 784,143,476
>Random Sequence 785,>Random Sequence 785,145,483
>Random Sequence 786,>Random Sequence 786,147,495
>Random Sequence 787,>Random Sequence 787,147,494
>Random Sequence 788,>Random Sequence 788,151,473
>Random Sequence 789,>Random Sequence 789,155,496
>Random Sequence 790,>Random Sequence 790,140,494
>Random Sequence 791,>Random Sequence 791,146,465
>Random Sequence 792,>Random Sequence 792,143,496
>Random Sequence 793,>Random Sequence 793,143,457
>Random Sequence 794,>Random Sequence 794,140,434
>Random Sequence 795,>Random Sequence 795,142,484
>Random Sequence 796,>Random Sequence 796,146,481
>Random Sequence 797,>Random Sequence 797,140,475
>Random Sequence 798,>Random Sequence 798,149,486
>Random Sequence 799,>Random Sequence 799,150,472
>Random Sequence 800,>Random Sequence 800,150,492
>Random Sequence 801,>Random Sequence 801,141,487
>Random Sequence 802,>Random Sequence 802,144,481
>Random Sequence 803,>Random Sequence 803,145,497
>Random Sequence 804,>Random Sequence 804,143,459
>Random Sequence 805,>Random Sequence 805,147,462
>Random Sequence 806,>Random Sequence 806,148,493
>Random Sequence 807,>Random Sequence 807,150,486
>Random Sequence 808,>Random Sequence 808,145,487
>Random Sequence 809,>Random Sequence 809,153,473
>Random Sequence 810,>Random Sequence 810,145,480
>Random Sequence 811,>Random Sequence 811,142,480
>Random Sequence 812,>Random Sequence 812,143,483
>Random Sequence 813,>Random Sequence 813,149,478
>Random Sequence 814,>Random Sequence 814,143,487
>Random Sequence 815,>Random Sequence 815,159,483
>Random Sequence 816,>Random Sequence 816,155,481
>Random Sequence 817,>Random Sequence 817,143,493
>Random Sequence 818,>Random Sequence 818,146,473
>Random Sequence 819,>Random Sequence 819,144,483
>Random Sequence 820,>Random Sequence 820,140,478
>Random Sequence 821,>Random Sequence 821,141,467
>Random Sequence 822,>Random Sequence 822,148,482
>Random Sequence 823,>Random Sequence 823,141,468
>Random Sequence 824,>Random Sequence 824,142,442
>Random Sequence 825,>Random Sequence 825,150,486
>Random Sequence 826,>Random Sequence 826,149,482
>Random Sequence 827,>Random Sequence 827,145,478
>Random Sequence 828,>Random Sequence 828,141,480
>Random Sequence 829,>Random Sequence 829,143,491
>Random Sequence 830,>Random Sequence 830,154,491
>Random Sequence 831,>Random Sequence 831,147,471
>Random Sequence 832,>Random Sequence 832,142,491
>Random Sequence 833,>Random Sequence 833,142,492
>Random Sequence 834,>Random Sequence 834,146,461
>Random Sequence 835,>Random Sequence 835,149,497
>Random Sequence 836,>Random Sequence 836,148,483
>Random Sequence 837,>Random Sequence 837,139,476
>Random Sequence 838,>Random Sequence 838,145,490
>Random Sequence 839,>Random Sequence 839,138,493
>Random Sequence 840,>Random Sequence 840,154,470
>Random Sequence 841,>Random Sequence 841,147,492
>Random Sequence 842,>Random Sequence 842,141,486
>Random Sequence 843,>Random Sequence 843,151,492
>Random Sequence 844,>Random Sequence 844,147,483
>Random Sequence 845,>Random Sequence 845,145,491
>Random Sequence 846,>Random Sequence 846,144,486
>Random Sequence 847,>Random Sequence 847,149,490
>Random Sequence 848,>Random Sequence 848,141,485
>Random Sequence 849,>Random Sequence 849,147,453
>Random Sequence 850,>Random Sequence 850,152,481
>Random Sequence 851,>Random Sequence 851,139,474
>Random Sequence 852,>Random Sequence 852,144,467
>Random Sequence 853,>Random Sequence 853,138,492
>Random Sequence 854,>Random Sequence 854,144,478
>Random Sequence 855,>Random Sequence 855,139,469
>Random Sequence 856,>Random Sequence 856,151,471
>Random Sequence 857,>Random Sequence 857,142,496
>Random Sequence 858,>Random Sequence 858,145,498
>Random Sequence 859,>Random Sequence 859,146,487
>Random Sequence 860,>Random Sequence 860,141,480
>Random Sequence 861,>Random Sequence 861,145,462
>Random Sequence 862,>Random Sequence 862,146,493
>Random Sequence 863,>Random Sequence 863,138,483
>Random Sequence 864,>Random Sequence 864,143,493
>Random Sequence 865,>Random Sequence 865,136,492
>Random Sequence 866,>Random Sequence 866,141,493
>Random Sequence 867,>Random Sequence 867,140,455
>Random Sequence 868,>Random Sequence 868,147,470
>Random Sequence 869,>Random Sequence 869,140,490
>Random Sequence 870,>Random Sequence 870,146,476
>Random Sequence 871,>Random Sequence 871,145,478
>Random Sequence 872,>Random Sequence 872,140,456
>Random Sequence 873,>Random Sequence 873,140,461
>Random Sequence 874,>Random Sequence 874,143,490
>Random Sequence 875,>Random Sequence 875,139,463
>Random Sequence 876,>Random Sequence 876,144,452
>Random Sequence 877,>Random Sequence 877,144,469
>Random Sequence 878,>Random Sequence 878,141,451
>Random Sequence 879,>Random Sequence 879,141,496
>Random Sequence 880,>Random Sequence 880,151,491
>Random Sequence 881,>Random Sequence 881,149,464
>Random Sequence 882,>Random Sequence 882,149,498
>Random Sequence 883,>Random Sequence 883,144,474
>Random Sequence 884,>Random Sequence 884,147,483
>Random Sequence 885,>Random Sequence 885,140,482
>Random Sequence 886,>Random Sequence 886,145,474
>Random Sequence 887,>Random Sequence 887,149,486
>Random Sequence 888,>Random Sequence 888,149,498
>Random Sequence 889,>Random Sequence 889,138,455
>Random Sequence 890,>Random Sequence 890,143,464
>Random Sequence 891,>Random Sequence 891,140,484
>Random Sequence 892,>Random Sequence 892,149,495
>Random Sequence 893,>Random Sequence 893,159,490
>Random Sequence 894,>Random Sequence 894,140,489
>Random Sequence 895,>Random Sequence 895,140,470
>Random Sequence 896,>Random Sequence 896,150,475
>Random Sequence 897,>Random Sequence 897,143,490
>Random Sequence 898,>Random Sequence 898,150,480
>Random Sequence 899,>Random Sequence 899,145,492
>Random Sequence 900,>Random Sequence 900,146,497
>Random Sequence 901,>Random Sequence 901,144,495
>Random Sequence 902,>Random Sequence 902,139,473
>Random Sequence 903,>Random Sequence 903,149,480
>Random Sequence 904,>Random Sequence 904,144,478
>Random Sequence 905,>Random Sequence 905,145,492
>Random Sequence 906,>Random Sequence 906,136,486
>Random Sequence 907,>Random Sequence 907,142,463
>Random Sequence 908,>Random Sequence 908,145,478
>Random Sequence 909,>Random Sequence 909,150,445
>Random Sequence 910,>Random Sequence 910,136,455
>Random Sequence 911,>Random Sequence 911,146,488
>Random Sequence 912,>Random Sequence 912,148,467
>Random Sequence 913,>Random Sequence 913,142,462
>Random Sequence 914,>Random Sequence 914,148,496
>Random Sequence 915,>Random Sequence 915,145,453
>Random Sequence 916,>Random Sequence 916,143,488
>Random Sequence 917,>Random Sequence 917,141,471
>Random Sequence 918,>Random Sequence 918,136,443
>Random Sequence 919,>Random Sequence 919,144,475
>Random Sequence 920,>Random Sequence 920,146,483
>Random Sequence 921,>Random Sequence 921,140,492
>Random Sequence 922,>Random Sequence 922,143,476
>Random Sequence 923,>Random Sequence 923,143,480
>Random Sequence 924,>Random Sequence 924,148,472
>Random Sequence 925,>Random Sequence 925,143,475
>Random Sequence 926,>Random Sequence 926,141,448
>Random Sequence 927,>Random Sequence 927,147,493
>Random Sequence 928,>Random Sequence 928,141,473
>Random Sequence 929,>Random Sequence 929,148,474
>Random Sequence 930,>Random Sequence 930,143,490
>Random Sequence 931,>Random Sequence 931,148,495
>Random Sequence 932,>Random Sequence 932,143,473
>Random Sequence 933,>Random Sequence 933,137,488
>Random Sequence 934,>Random Sequence 934,150,488
>Random Sequence 935,>Random Sequence 935,147,481
>Random Sequence 936,>Random Sequence 936,143,488
>Random Sequence 937,>Random Sequence 937,151,469
>Random Sequence 938,>Random Sequence 938,145,497
>Random Sequence 939,>Random Sequence 939,144,485
>Random Sequence 940,>Random Sequence 940,142,479
>Random Sequence 941,>Random Sequence 941,142,477
>Random Sequence 942,>Random Sequence 942,151,494
>Random Sequence 943,>Random Sequence 943,139,489
>Random Sequence 944,>Random Sequence 944,136,494
>Random Sequence 945,>Random Sequence 945,146,488
>Random Sequence 946,>Random Sequence 946,142,489
>Random Sequence 947,>Random Sequence 947,145,478
>Random Sequence 948,>Random Sequence 948,148,467
>Random Sequence 949,>Random Sequence 949,141,461
>Random Sequence 950,>Random Sequence 950,141,500
>Random Sequence 951,>Random Sequence 951,145,463
>Random Sequence 952,>Random Sequence 952,150,472
>Random Sequence 953,>Random Sequence 953,143,490
>Random Sequence 954,>Random Sequence 954,146,486
>Random Sequence 955,>Random Sequence 955,142,482
>Random Sequence 956,>Random Sequence 956,141,482
>Random Sequence 957,>Random Sequence 957,146,480
>Random Sequence 958,>Random Sequence 958,146,448
>Random Sequence 959,>Random Sequence 959,143,488
>Random Sequence 960,>Random Sequence 960,142,475
>Random Sequence 961,>Random Sequence 961,140,490
>Random Sequence 962,>Random Sequence 962,146,479
>Random Sequence 963,>Random Sequence 963,145,483
>Random Sequence 964,>Random Sequence 964,145,494
>Random Sequence 965,>Random Sequence 965,146,495
>Random Sequence 966,>Random Sequence 966,147,474
>Random Sequence 967,>Random Sequence 967,146,490
>Random Sequence 968,>Random Sequence 968,150,492
>Random Sequence 969,>Random Sequence 969,142,481
>Random Sequence 970,>Random Sequence 970,142,473
>Random Sequence 971,>Random Sequence 971,147,492
>Random Sequence 972,>Random Sequence 972,138,496
>Random Sequence 973,>Random Sequence 973,147,488
>Random Sequence 974,>Random Sequence 974,141,474
>Random Sequence 975,>Random Sequence 975,140,457
>Random Sequence 976,>Random Sequence 976,143,486
>Random Sequence 977,>Random Sequence 977,148,455
>Random Sequence 978,>Random Sequence 978,143,472
>Random Sequence 979,>Random Sequence 979,148,490
>Random Sequence 980,>Random Sequence 980,153,491
>Random Sequence 981,>Random Sequence 981,141,493
>Random Sequence 982,>Random Sequence 982,149,496
>Random Sequence 983,>Random Sequence 983,140,481
>Random Sequence 984,>Random Sequence 984,155,491
>Random Sequence 985,>Random Sequence 985,142,466
>Random Sequence 986,>Random Sequence 986,141,465
>Random Sequence 987,>Random Sequence 987,144,480
>Random Sequence 988,>Random Sequence 988,139,495
>Random Sequence 989,>Random Sequence 989,137,484
>Random Sequence 990,>Random Sequence 990,149,491
>Random Sequence 991,>Random Sequence 991,145,480
>Random Sequence 992,>Random Sequence 992,148,491
>Random Sequence 993,>Random Sequence 993,149,497
>Random Sequence 994,>Random Sequence 994,139,482
>Random Sequence 995,>Random Sequence 995,139,469
>Random Sequence 996,>Random Sequence 996,148,490
>Random Sequence 997,>Random Sequence 997,143,466
>Random Sequence 998,>Random Sequence 998,143,486
>Random Sequence 999,>Random Sequence 999,149,481
>Random Sequence 1000,>Random Sequence 1000,144,490
