seq_from_file1,seq_from_file2,alignment_score,alignment_length
>Random Sequence 1,>Random Sequence 1,550,1980
>Random Sequence 2,>Random Sequence 2,543,1991
>Random Sequence 3,>Random Sequence 3,537,1925
>Random Sequence 4,>Random Sequence 4,544,1977
>Random Sequence 5,>Random Sequence 5,544,1954
>Random Sequence 6,>Random Sequence 6,539,1964
>Random Sequence 7,>Random Sequence 7,555,1966
>Random Sequence 8,>Random Sequence 8,545,1949
>Random Sequence 9,>Random Sequence 9,554,1976
>Random Sequence 10,>Random Sequence 10,538,1976
>Random Sequence 11,>Random Sequence 11,547,1949
>Random Sequence 12,>Random Sequence 12,540,1973
>Random Sequence 13,>Random Sequence 13,539,1957
>Random Sequence 14,>Random Sequence 14,587,1965
>Random Sequence 15,>Random Sequence 15,540,1992
>Random Sequence 16,>Random Sequence 16,561,1983
>Random Sequence 17,>Random Sequence 17,559,1933
>Random Sequence 18,>Random Sequence 18,537,1965
>Random Sequence 19,>Random Sequence 19,545,1954
>Random Sequence 20,>Random Sequence 20,548,1988
>Random Sequence 21,>Random Sequence 21,552,1991
>Random Sequence 22,>Random Sequence 22,539,1944
>Random Sequence 23,>Random Sequence 23,551,1919
>Random Sequence 24,>Random Sequence 24,535,1987
>Random Sequence 25,>Random Sequence 25,547,1964
>Random Sequence 26,>Random Sequence 26,535,1971
>Random Sequence 27,>Random Sequence 27,546,1947
>Random Sequence 28,>Random Sequence 28,535,1988
>Random Sequence 29,>Random Sequence 29,529,1994
>Random Sequence 30,>Random Sequence 30,541,1986
>Random Sequence 31,>Random Sequence 31,538,1992
>Random Sequence 32,>Random Sequence 32,544,1991
>Random Sequence 33,>Random Sequence 33,536,1978
>Random Sequence 34,>Random Sequence 34,532,1924
>Random Sequence 35,>Random Sequence 35,542,1980
>Random Sequence 36,>Random Sequence 36,533,1956
>Random Sequence 37,>Random Sequence 37,541,1987
>Random Sequence 38,>Random Sequence 38,546,1969
>Random Sequence 39,>Random Sequence 39,541,1963
>Random Sequence 40,>Random Sequence 40,533,1989
>Random Sequence 41,>Random Sequence 41,539,1983
>Random Sequence 42,>Random Sequence 42,547,1991
>Random Sequence 43,>Random Sequence 43,540,1975
>Random Sequence 44,>Random Sequence 44,546,1965
>Random Sequence 45,>Random Sequence 45,534,1995
>Random Sequence 46,>Random Sequence 46,563,1954
>Random Sequence 47,>Random Sequence 47,534,1980
>Random Sequence 48,>Random Sequence 48,547,1966
>Random Sequence 49,>Random Sequence 49,538,1949
>Random Sequence 50,>Random Sequence 50,551,1976
>Random Sequence 51,>Random Sequence 51,542,1977
>Random Sequence 52,>Random Sequence 52,551,1978
>Random Sequence 53,>Random Sequence 53,535,1985
>Random Sequence 54,>Random Sequence 54,557,1952
>Random Sequence 55,>Random Sequence 55,542,1920
>Random Sequence 56,>Random Sequence 56,553,1952
>Random Sequence 57,>Random Sequence 57,561,1982
>Random Sequence 58,>Random Sequence 58,542,1974
>Random Sequence 59,>Random Sequence 59,540,1987
>Random Sequence 60,>Random Sequence 60,537,1993
>Random Sequence 61,>Random Sequence 61,554,1986
>Random Sequence 62,>Random Sequence 62,536,1981
>Random Sequence 63,>Random Sequence 63,539,1990
>Random Sequence 64,>Random Sequence 64,531,1950
>Random Sequence 65,>Random Sequence 65,546,1940
>Random Sequence 66,>Random Sequence 66,549,1968
>Random Sequence 67,>Random Sequence 67,556,1997
>Random Sequence 68,>Random Sequence 68,549,1980
>Random Sequence 69,>Random Sequence 69,542,1987
>Random Sequence 70,>Random Sequence 70,538,1993
>Random Sequence 71,>Random Sequence 71,550,1973
>Random Sequence 72,>Random Sequence 72,552,1985
>Random Sequence 73,>Random Sequence 73,538,1971
>Random Sequence 74,>Random Sequence 74,555,1983
>Random Sequence 75,>Random Sequence 75,534,1998
>Random Sequence 76,>Random Sequence 76,541,1975
>Random Sequence 77,>Random Sequence 77,558,1995
>Random Sequence 78,>Random Sequence 78,549,1929
>Random Sequence 79,>Random Sequence 79,538,1902
>Random Sequence 80,>Random Sequence 80,536,1964
>Random Sequence 81,>Random Sequence 81,550,1991
>Random Sequence 82,>Random Sequence 82,564,1981
>Random Sequence 83,>Random Sequence 83,543,1953
>Random Sequence 84,>Random Sequence 84,532,1972
>Random Sequence 85,>Random Sequence 85,544,1948
>Random Sequence 86,>Random Sequence 86,535,1988
>Random Sequence 87,>Random Sequence 87,567,1961
>Random Sequence 88,>Random Sequence 88,544,1969
>Random Sequence 89,>Random Sequence 89,564,1995
>Random Sequence 90,>Random Sequence 90,546,1970
>Random Sequence 91,>Random Sequence 91,544,1996
>Random Sequence 92,>Random Sequence 92,528,1983
>Random Sequence 93,>Random Sequence 93,550,1989
>Random Sequence 94,>Random Sequence 94,553,1977
>Random Sequence 95,>Random Sequence 95,542,1966
>Random Sequence 96,>Random Sequence 96,539,1993
>Random Sequence 97,>Random Sequence 97,565,1971
>Random Sequence 98,>Random Sequence 98,542,1984
>Random Sequence 99,>Random Sequence 99,548,1985
>Random Sequence 100,>Random Sequence 100,538,1970
>Random Sequence 101,>Random Sequence 101,561,1998
>Random Sequence 102,>Random Sequence 102,535,1919
>Random Sequence 103,>Random Sequence 103,535,1996
>Random Sequence 104,>Random Sequence 104,542,1985
>Random Sequence 105,>Random Sequence 105,543,1980
>Random Sequence 106,>Random Sequence 106,543,1951
>Random Sequence 107,>Random Sequence 107,557,1966
>Random Sequence 108,>Random Sequence 108,540,1940
>Random Sequence 109,>Random Sequence 109,541,1950
>Random Sequence 110,>Random Sequence 110,539,1927
>Random Sequence 111,>Random Sequence 111,550,1925
>Random Sequence 112,>Random Sequence 112,541,1969
>Random Sequence 113,>Random Sequence 113,542,1964
>Random Sequence 114,>Random Sequence 114,550,1927
>Random Sequence 115,>Random Sequence 115,542,1965
>Random Sequence 116,>Random Sequence 116,534,1935
>Random Sequence 117,>Random Sequence 117,548,1991
>Random Sequence 118,>Random Sequence 118,534,1979
>Random Sequence 119,>Random Sequence 119,559,1977
>Random Sequence 120,>Random Sequence 120,536,1962
>Random Sequence 121,>Random Sequence 121,540,1983
>Random Sequence 122,>Random Sequence 122,544,1960
>Random Sequence 123,>Random Sequence 123,542,1934
>Random Sequence 124,>Random Sequence 124,550,1978
>Random Sequence 125,>Random Sequence 125,538,1994
>Random Sequence 126,>Random Sequence 126,540,1989
>Random Sequence 127,>Random Sequence 127,545,1943
>Random Sequence 128,>Random Sequence 128,554,1937
>Random Sequence 129,>Random Sequence 129,543,1971
>Random Sequence 130,>Random Sequence 130,542,1983
>Random Sequence 131,>Random Sequence 131,544,1990
>Random Sequence 132,>Random Sequence 132,545,1988
>Random Sequence 133,>Random Sequence 133,536,1899
>Random Sequence 134,>Random Sequence 134,561,1968
>Random Sequence 135,>Random Sequence 135,538,1978
>Random Sequence 136,>Random Sequence 136,548,1996
>Random Sequence 137,>Random Sequence 137,560,1965
>Random Sequence 138,>Random Sequence 138,543,1962
>Random Sequence 139,>Random Sequence 139,543,1981
>Random Sequence 140,>Random Sequence 140,534,1941
>Random Sequence 141,>Random Sequence 141,549,1954
>Random Sequence 142,>Random Sequence 142,536,1866
>Random Sequence 143,>Random Sequence 143,540,1972
>Random Sequence 144,>Random Sequence 144,537,1978
>Random Sequence 145,>Random Sequence 145,562,1990
>Random Sequence 146,>Random Sequence 146,538,1966
>Random Sequence 147,>Random Sequence 147,536,1983
>Random Sequence 148,>Random Sequence 148,546,1975
>Random Sequence 149,>Random Sequence 149,541,1980
>Random Sequence 150,>Random Sequence 150,544,1957
>Random Sequence 151,>Random Sequence 151,534,1937
>Random Sequence 152,>Random Sequence 152,535,2000
>Random Sequence 153,>Random Sequence 153,554,1993
>Random Sequence 154,>Random Sequence 154,557,1967
>Random Sequence 155,>Random Sequence 155,550,1942
>Random Sequence 156,>Random Sequence 156,538,1992
>Random Sequence 157,>Random Sequence 157,529,1980
>Random Sequence 158,>Random Sequence 158,532,1983
>Random Sequence 159,>Random Sequence 159,555,1949
>Random Sequence 160,>Random Sequence 160,554,1976
>Random Sequence 161,>Random Sequence 161,553,1985
>Random Sequence 162,>Random Sequence 162,539,1944
>Random Sequence 163,>Random Sequence 163,552,1953
>Random Sequence 164,>Random Sequence 164,549,1989
>Random Sequence 165,>Random Sequence 165,537,1935
>Random Sequence 166,>Random Sequence 166,549,1950
>Random Sequence 167,>Random Sequence 167,542,1985
>Random Sequence 168,>Random Sequence 168,545,1971
>Random Sequence 169,>Random Sequence 169,553,1993
>Random Sequence 170,>Random Sequence 170,542,1976
>Random Sequence 171,>Random Sequence 171,544,1979
>Random Sequence 172,>Random Sequence 172,553,1998
>Random Sequence 173,>Random Sequence 173,542,1978
>Random Sequence 174,>Random Sequence 174,549,1970
>Random Sequence 175,>Random Sequence 175,543,1959
>Random Sequence 176,>Random Sequence 176,539,1949
>Random Sequence 177,>Random Sequence 177,545,1944
>Random Sequence 178,>Random Sequence 178,538,1866
>Random Sequence 179,>Random Sequence 179,535,1982
>Random Sequence 180,>Random Sequence 180,541,1917
>Random Sequence 181,>Random Sequence 181,550,1950
>Random Sequence 182,>Random Sequence 182,543,1979
>Random Sequence 183,>Random Sequence 183,545,1926
>Random Sequence 184,>Random Sequence 184,541,1996
>Random Sequence 185,>Random Sequence 185,552,1989
>Random Sequence 186,>Random Sequence 186,557,1943
>Random Sequence 187,>Random Sequence 187,555,1996
>Random Sequence 188,>Random Sequence 188,549,1980
>Random Sequence 189,>Random Sequence 189,544,1974
>Random Sequence 190,>Random Sequence 190,555,1963
>Random Sequence 191,>Random Sequence 191,559,1991
>Random Sequence 192,>Random Sequence 192,544,1982
>Random Sequence 193,>Random Sequence 193,549,1952
>Random Sequence 194,>Random Sequence 194,539,1990
>Random Sequence 195,>Random Sequence 195,543,1987
>Random Sequence 196,>Random Sequence 196,545,1927
>Random Sequence 197,>Random Sequence 197,540,1974
>Random Sequence 198,>Random Sequence 198,543,1932
>Random Sequence 199,>Random Sequence 199,542,1989
>Random Sequence 200,>Random Sequence 200,541,1996
>Random Sequence 201,>Random Sequence 201,543,1968
>Random Sequence 202,>Random Sequence 202,544,1927
>Random Sequence 203,>Random Sequence 203,549,1941
>Random Sequence 204,>Random Sequence 204,532,1985
>Random Sequence 205,>Random Sequence 205,544,1987
>Random Sequence 206,>Random Sequence 206,545,1989
>Random Sequence 207,>Random Sequence 207,538,1955
>Random Sequence 208,>Random Sequence 208,545,1940
>Random Sequence 209,>Random Sequence 209,540,1972
>Random Sequence 210,>Random Sequence 210,547,1961
>Random Sequence 211,>Random Sequence 211,547,1976
>Random Sequence 212,>Random Sequence 212,543,1983
>Random Sequence 213,>Random Sequence 213,550,1984
>Random Sequence 214,>Random Sequence 214,544,1959
>Random Sequence 215,>Random Sequence 215,535,1959
>Random Sequence 216,>Random Sequence 216,559,1997
>Random Sequence 217,>Random Sequence 217,540,1964
>Random Sequence 218,>Random Sequence 218,554,1983
>Random Sequence 219,>Random Sequence 219,549,1972
>Random Sequence 220,>Random Sequence 220,540,1981
>Random Sequence 221,>Random Sequence 221,544,1992
>Random Sequence 222,>Random Sequence 222,535,1931
>Random Sequence 223,>Random Sequence 223,536,1990
>Random Sequence 224,>Random Sequence 224,549,1976
>Random Sequence 225,>Random Sequence 225,552,1933
>Random Sequence 226,>Random Sequence 226,538,1964
>Random Sequence 227,>Random Sequence 227,537,1930
>Random Sequence 228,>Random Sequence 228,536,1967
>Random Sequence 229,>Random Sequence 229,539,1977
>Random Sequence 230,>Random Sequence 230,553,1984
>Random Sequence 231,>Random Sequence 231,531,1957
>Random Sequence 232,>Random Sequence 232,538,1993
>Random Sequence 233,>Random Sequence 233,537,1977
>Random Sequence 234,>Random Sequence 234,562,1966
>Random Sequence 235,>Random Sequence 235,546,1968
>Random Sequence 236,>Random Sequence 236,538,1955
>Random Sequence 237,>Random Sequence 237,567,1993
>Random Sequence 238,>Random Sequence 238,545,1994
>Random Sequence 239,>Random Sequence 239,543,1989
>Random Sequence 240,>Random Sequence 240,538,1919
>Random Sequence 241,>Random Sequence 241,555,1986
>Random Sequence 242,>Random Sequence 242,548,1990
>Random Sequence 243,>Random Sequence 243,537,1981
>Random Sequence 244,>Random Sequence 244,540,1941
>Random Sequence 245,>Random Sequence 245,548,1984
>Random Sequence 246,>Random Sequence 246,548,1976
>Random Sequence 247,>Random Sequence 247,559,1996
>Random Sequence 248,>Random Sequence 248,544,1949
>Random Sequence 249,>Random Sequence 249,539,1977
>Random Sequence 250,>Random Sequence 250,567,1975
>Random Sequence 251,>Random Sequence 251,549,1968
>Random Sequence 252,>Random Sequence 252,551,1988
>Random Sequence 253,>Random Sequence 253,537,1994
>Random Sequence 254,>Random Sequence 254,535,1988
>Random Sequence 255,>Random Sequence 255,538,1963
>Random Sequence 256,>Random Sequence 256,546,1944
>Random Sequence 257,>Random Sequence 257,553,1972
>Random Sequence 258,>Random Sequence 258,532,1979
>Random Sequence 259,>Random Sequence 259,547,1957
>Random Sequence 260,>Random Sequence 260,551,1988
>Random Sequence 261,>Random Sequence 261,540,1984
>Random Sequence 262,>Random Sequence 262,559,1997
>Random Sequence 263,>Random Sequence 263,579,1985
>Random Sequence 264,>Random Sequence 264,540,1951
>Random Sequence 265,>Random Sequence 265,538,1988
>Random Sequence 266,>Random Sequence 266,546,1979
>Random Sequence 267,>Random Sequence 267,545,1961
>Random Sequence 268,>Random Sequence 268,536,1978
>Random Sequence 269,>Random Sequence 269,544,1979
>Random Sequence 270,>Random Sequence 270,528,1957
>Random Sequence 271,>Random Sequence 271,538,1972
>Random Sequence 272,>Random Sequence 272,539,1985
>Random Sequence 273,>Random Sequence 273,549,1959
>Random Sequence 274,>Random Sequence 274,540,1959
>Random Sequence 275,>Random Sequence 275,542,1917
>Random Sequence 276,>Random Sequence 276,540,1937
>Random Sequence 277,>Random Sequence 277,547,1997
>Random Sequence 278,>Random Sequence 278,535,1939
>Random Sequence 279,>Random Sequence 279,543,1983
>Random Sequence 280,>Random Sequence 280,547,1979
>Random Sequence 281,>Random Sequence 281,543,1964
>Random Sequence 282,>Random Sequence 282,545,1985
>Random Sequence 283,>Random Sequence 283,551,1969
>Random Sequence 284,>Random Sequence 284,530,1894
>Random Sequence 285,>Random Sequence 285,538,1977
>Random Sequence 286,>Random Sequence 286,536,1890
>Random Sequence 287,>Random Sequence 287,550,1970
>Random Sequence 288,>Random Sequence 288,557,1987
>Random Sequence 289,>Random Sequence 289,539,1966
>Random Sequence 290,>Random Sequence 290,545,1952
>Random Sequence 291,>Random Sequence 291,558,1986
>Random Sequence 292,>Random Sequence 292,556,1964
>Random Sequence 293,>Random Sequence 293,536,1979
>Random Sequence 294,>Random Sequence 294,541,1985
>Random Sequence 295,>Random Sequence 295,547,1961
>Random Sequence 296,>Random Sequence 296,545,1972
>Random Sequence 297,>Random Sequence 297,543,1989
>Random Sequence 298,>Random Sequence 298,538,1989
>Random Sequence 299,>Random Sequence 299,537,1977
>Random Sequence 300,>Random Sequence 300,549,1927
>Random Sequence 301,>Random Sequence 301,542,1936
>Random Sequence 302,>Random Sequence 302,544,1933
>Random Sequence 303,>Random Sequence 303,550,1952
>Random Sequence 304,>Random Sequence 304,555,1987
>Random Sequence 305,>Random Sequence 305,539,1978
>Random Sequence 306,>Random Sequence 306,541,1980
>Random Sequence 307,>Random Sequence 307,552,1973
>Random Sequence 308,>Random Sequence 308,541,1998
>Random Sequence 309,>Random Sequence 309,539,1965
>Random Sequence 310,>Random Sequence 310,544,1965
>Random Sequence 311,>Random Sequence 311,542,1948
>Random Sequence 312,>Random Sequence 312,537,1920
>Random Sequence 313,>Random Sequence 313,542,1966
>Random Sequence 314,>Random Sequence 314,540,1940
>Random Sequence 315,>Random Sequence 315,564,1923
>Random Sequence 316,>Random Sequence 316,545,1962
>Random Sequence 317,>Random Sequence 317,547,1990
>Random Sequence 318,>Random Sequence 318,545,1993
>Random Sequence 319,>Random Sequence 319,551,1970
>Random Sequence 320,>Random Sequence 320,538,1932
>Random Sequence 321,>Random Sequence 321,543,1964
>Random Sequence 322,>Random Sequence 322,581,1989
>Random Sequence 323,>Random Sequence 323,542,1994
>Random Sequence 324,>Random Sequence 324,539,1941
>Random Sequence 325,>Random Sequence 325,543,1982
>Random Sequence 326,>Random Sequence 326,533,1937
>Random Sequence 327,>Random Sequence 327,543,1987
>Random Sequence 328,>Random Sequence 328,540,1967
>Random Sequence 329,>Random Sequence 329,547,1985
>Random Sequence 330,>Random Sequence 330,552,1980
>Random Sequence 331,>Random Sequence 331,551,1968
>Random Sequence 332,>Random Sequence 332,545,1959
>Random Sequence 333,>Random Sequence 333,552,1992
>Random Sequence 334,>Random Sequence 334,546,1945
>Random Sequence 335,>Random Sequence 335,540,1964
>Random Sequence 336,>Random Sequence 336,547,1981
>Random Sequence 337,>Random Sequence 337,542,1994
>Random Sequence 338,>Random Sequence 338,559,1975
>Random Sequence 339,>Random Sequence 339,540,1950
>Random Sequence 340,>Random Sequence 340,553,1952
>Random Sequence 341,>Random Sequence 341,541,1977
>Random Sequence 342,>Random Sequence 342,555,1958
>Random Sequence 343,>Random Sequence 343,535,1933
>Random Sequence 344,>Random Sequence 344,543,1996
>Random Sequence 345,>Random Sequence 345,553,1960
>Random Sequence 346,>Random Sequence 346,531,1934
>Random Sequence 347,>Random Sequence 347,543,1995
>Random Sequence 348,>Random Sequence 348,550,1992
>Random Sequence 349,>Random Sequence 349,540,1931
>Random Sequence 350,>Random Sequence 350,531,1948
>Random Sequence 351,>Random Sequence 351,534,1989
>Random Sequence 352,>Random Sequence 352,550,1986
>Random Sequence 353,>Random Sequence 353,567,1942
>Random Sequence 354,>Random Sequence 354,545,1989
>Random Sequence 355,>Random Sequence 355,537,1912
>Random Sequence 356,>Random Sequence 356,534,1991
>Random Sequence 357,>Random Sequence 357,533,1948
>Random Sequence 358,>Random Sequence 358,550,1974
>Random Sequence 359,>Random Sequence 359,538,1960
>Random Sequence 360,>Random Sequence 360,538,1926
>Random Sequence 361,>Random Sequence 361,538,1968
>Random Sequence 362,>Random Sequence 362,535,1945
>Random Sequence 363,>Random Sequence 363,538,1986
>Random Sequence 364,>Random Sequence 364,539,1968
>Random Sequence 365,>Random Sequence 365,544,1977
>Random Sequence 366,>Random Sequence 366,540,1914
>Random Sequence 367,>Random Sequence 367,552,1995
>Random Sequence 368,>Random Sequence 368,536,1989
>Random Sequence 369,>Random Sequence 369,542,1945
>Random Sequence 370,>Random Sequence 370,545,1961
>Random Sequence 371,>Random Sequence 371,532,1944
>Random Sequence 372,>Random Sequence 372,528,1964
>Random Sequence 373,>Random Sequence 373,542,1996
>Random Sequence 374,>Random Sequence 374,563,1984
>Random Sequence 375,>Random Sequence 375,550,1994
>Random Sequence 376,>Random Sequence 376,542,1967
>Random Sequence 377,>Random Sequence 377,552,1994
>Random Sequence 378,>Random Sequence 378,547,1987
>Random Sequence 379,>Random Sequence 379,540,1982
>Random Sequence 380,>Random Sequence 380,529,1950
>Random Sequence 381,>Random Sequence 381,547,1967
>Random Sequence 382,>Random Sequence 382,546,1952
>Random Sequence 383,>Random Sequence 383,552,1968
>Random Sequence 384,>Random Sequence 384,544,1971
>Random Sequence 385,>Random Sequence 385,550,1947
>Random Sequence 386,>Random Sequence 386,546,1993
>Random Sequence 387,>Random Sequence 387,539,1978
>Random Sequence 388,>Random Sequence 388,536,1977
>Random Sequence 389,>Random Sequence 389,547,1986
>Random Sequence 390,>Random Sequence 390,542,1969
>Random Sequence 391,>Random Sequence 391,550,1937
>Random Sequence 392,>Random Sequence 392,545,1986
>Random Sequence 393,>Random Sequence 393,550,1979
>Random Sequence 394,>Random Sequence 394,532,1978
>Random Sequence 395,>Random Sequence 395,537,1945
>Random Sequence 396,>Random Sequence 396,553,1988
>Random Sequence 397,>Random Sequence 397,539,1892
>Random Sequence 398,>Random Sequence 398,545,1998
>Random Sequence 399,>Random Sequence 399,541,1991
>Random Sequence 400,>Random Sequence 400,536,1999
>Random Sequence 401,>Random Sequence 401,550,1941
>Random Sequence 402,>Random Sequence 402,546,1984
>Random Sequence 403,>Random Sequence 403,554,1981
>Random Sequence 404,>Random Sequence 404,545,1974
>Random Sequence 405,>Random Sequence 405,542,1992
>Random Sequence 406,>Random Sequence 406,551,1988
>Random Sequence 407,>Random Sequence 407,547,1982
>Random Sequence 408,>Random Sequence 408,549,1949
>Random Sequence 409,>Random Sequence 409,541,1988
>Random Sequence 410,>Random Sequence 410,546,1983
>Random Sequence 411,>Random Sequence 411,538,1965
>Random Sequence 412,>Random Sequence 412,541,1903
>Random Sequence 413,>Random Sequence 413,555,1971
>Random Sequence 414,>Random Sequence 414,547,1969
>Random Sequence 415,>Random Sequence 415,536,1970
>Random Sequence 416,>Random Sequence 416,541,1958
>Random Sequence 417,>Random Sequence 417,538,1973
>Random Sequence 418,>Random Sequence 418,537,1978
>Random Sequence 419,>Random Sequence 419,544,1986
>Random Sequence 420,>Random Sequence 420,558,1960
>Random Sequence 421,>Random Sequence 421,540,1993
>Random Sequence 422,>Random Sequence 422,545,1968
>Random Sequence 423,>Random Sequence 423,533,1966
>Random Sequence 424,>Random Sequence 424,556,1946
>Random Sequence 425,>Random Sequence 425,545,1983
>Random Sequence 426,>Random Sequence 426,556,1984
>Random Sequence 427,>Random Sequence 427,547,1964
>Random Sequence 428,>Random Sequence 428,547,1979
>Random Sequence 429,>Random Sequence 429,543,1992
>Random Sequence 430,>Random Sequence 430,547,1988
>Random Sequence 431,>Random Sequence 431,547,1972
>Random Sequence 432,>Random Sequence 432,548,1991
>Random Sequence 433,>Random Sequence 433,544,1998
>Random Sequence 434,>Random Sequence 434,547,1981
>Random Sequence 435,>Random Sequence 435,554,1909
>Random Sequence 436,>Random Sequence 436,553,1965
>Random Sequence 437,>Random Sequence 437,540,1998
>Random Sequence 438,>Random Sequence 438,544,1923
>Random Sequence 439,>Random Sequence 439,541,1968
>Random Sequence 440,>Random Sequence 440,544,1990
>Random Sequence 441,>Random Sequence 441,549,1992
>Random Sequence 442,>Random Sequence 442,555,1996
>Random Sequence 443,>Random Sequence 443,540,1987
>Random Sequence 444,>Random Sequence 444,534,1946
>Random Sequence 445,>Random Sequence 445,561,1962
>Random Sequence 446,>Random Sequence 446,538,1950
>Random Sequence 447,>Random Sequence 447,541,1946
>Random Sequence 448,>Random Sequence 448,554,1972
>Random Sequence 449,>Random Sequence 449,536,1959
>Random Sequence 450,>Random Sequence 450,541,1988
>Random Sequence 451,>Random Sequence 451,539,1938
>Random Sequence 452,>Random Sequence 452,547,1971
>Random Sequence 453,>Random Sequence 453,551,1987
>Random Sequence 454,>Random Sequence 454,545,1946
>Random Sequence 455,>Random Sequence 455,555,1967
>Random Sequence 456,>Random Sequence 456,543,1989
>Random Sequence 457,>Random Sequence 457,541,1981
>Random Sequence 458,>Random Sequence 458,542,1986
>Random Sequence 459,>Random Sequence 459,544,1948
>Random Sequence 460,>Random Sequence 460,544,1977
>Random Sequence 461,>Random Sequence 461,537,1991
>Random Sequence 462,>Random Sequence 462,545,1926
>Random Sequence 463,>Random Sequence 463,542,1978
>Random Sequence 464,>Random Sequence 464,549,1998
>Random Sequence 465,>Random Sequence 465,543,1977
>Random Sequence 466,>Random Sequence 466,545,1996
>Random Sequence 467,>Random Sequence 467,537,1990
>Random Sequence 468,>Random Sequence 468,553,1965
>Random Sequence 469,>Random Sequence 469,533,1979
>Random Sequence 470,>Random Sequence 470,531,1905
>Random Sequence 471,>Random Sequence 471,543,1951
>Random Sequence 472,>Random Sequence 472,540,1928
>Random Sequence 473,>Random Sequence 473,547,1968
>Random Sequence 474,>Random Sequence 474,551,1968
>Random Sequence 475,>Random Sequence 475,547,1973
>Random Sequence 476,>Random Sequence 476,556,1960
>Random Sequence 477,>Random Sequence 477,538,1997
>Random Sequence 478,>Random Sequence 478,544,1974
>Random Sequence 479,>Random Sequence 479,552,1939
>Random Sequence 480,>Random Sequence 480,538,1971
>Random Sequence 481,>Random Sequence 481,533,1994
>Random Sequence 482,>Random Sequence 482,536,1950
>Random Sequence 483,>Random Sequence 483,543,1916
>Random Sequence 484,>Random Sequence 484,541,1993
>Random Sequence 485,>Random Sequence 485,546,1963
>Random Sequence 486,>Random Sequence 486,534,1987
>Random Sequence 487,>Random Sequence 487,550,1979
>Random Sequence 488,>Random Sequence 488,535,1994
>Random Sequence 489,>Random Sequence 489,555,1992
>Random Sequence 490,>Random Sequence 490,545,1981
>Random Sequence 491,>Random Sequence 491,530,1976
>Random Sequence 492,>Random Sequence 492,538,1899
>Random Sequence 493,>Random Sequence 493,545,1988
>Random Sequence 494,>Random Sequence 494,534,1984
>Random Sequence 495,>Random Sequence 495,560,1963
>Random Sequence 496,>Random Sequence 496,540,1973
>Random Sequence 497,>Random Sequence 497,539,1961
>Random Sequence 498,>Random Sequence 498,536,1982
>Random Sequence 499,>Random Sequence 499,543,1968
>Random Sequence 500,>Random Sequence 500,542,1966
