seq_from_file1,seq_from_file2,alignment_score,alignment_length
>Random Sequence 1,>Random Sequence 1,1288,2711
>Random Sequence 2,>Random Sequence 2,1301,2696
>Random Sequence 3,>Random Sequence 3,1299,2691
>Random Sequence 4,>Random Sequence 4,1302,2695
>Random Sequence 5,>Random Sequence 5,1298,2693
>Random Sequence 6,>Random Sequence 6,1293,2686
>Random Sequence 7,>Random Sequence 7,1304,2678
>Random Sequence 8,>Random Sequence 8,1311,2681
>Random Sequence 9,>Random Sequence 9,1295,2697
>Random Sequence 10,>Random Sequence 10,1304,2692
>Random Sequence 11,>Random Sequence 11,1298,2699
>Random Sequence 12,>Random Sequence 12,1283,2703
>Random Sequence 13,>Random Sequence 13,1300,2698
>Random Sequence 14,>Random Sequence 14,1291,2705
>Random Sequence 15,>Random Sequence 15,1293,2688
>Random Sequence 16,>Random Sequence 16,1296,2699
>Random Sequence 17,>Random Sequence 17,1306,2692
>Random Sequence 18,>Random Sequence 18,1306,2689
>Random Sequence 19,>Random Sequence 19,1296,2701
>Random Sequence 20,>Random Sequence 20,1291,2699
>Random Sequence 21,>Random Sequence 21,1299,2692
>Random Sequence 22,>Random Sequence 22,1288,2705
>Random Sequence 23,>Random Sequence 23,1292,2700
>Random Sequence 24,>Random Sequence 24,1298,2689
>Random Sequence 25,>Random Sequence 25,1301,2692
>Random Sequence 26,>Random Sequence 26,1293,2704
>Random Sequence 27,>Random Sequence 27,1293,2691
>Random Sequence 28,>Random Sequence 28,1286,2694
>Random Sequence 29,>Random Sequence 29,1303,2680
>Random Sequence 30,>Random Sequence 30,1288,2686
>Random Sequence 31,>Random Sequence 31,1313,2678
>Random Sequence 32,>Random Sequence 32,1302,2681
>Random Sequence 33,>Random Sequence 33,1317,2676
>Random Sequence 34,>Random Sequence 34,1303,2684
>Random Sequence 35,>Random Sequence 35,1307,2688
>Random Sequence 36,>Random Sequence 36,1301,2689
>Random Sequence 37,>Random Sequence 37,1294,2703
>Random Sequence 38,>Random Sequence 38,1298,2693
>Random Sequence 39,>Random Sequence 39,1310,2670
>Random Sequence 40,>Random Sequence 40,1301,2698
>Random Sequence 41,>Random Sequence 41,1306,2693
>Random Sequence 42,>Random Sequence 42,1285,2700
>Random Sequence 43,>Random Sequence 43,1302,2668
>Random Sequence 44,>Random Sequence 44,1286,2707
>Random Sequence 45,>Random Sequence 45,1291,2706
>Random Sequence 46,>Random Sequence 46,1294,2701
>Random Sequence 47,>Random Sequence 47,1290,2700
>Random Sequence 48,>Random Sequence 48,1299,2697
>Random Sequence 49,>Random Sequence 49,1305,2687
>Random Sequence 50,>Random Sequence 50,1294,2702
>Random Sequence 51,>Random Sequence 51,1306,2681
>Random Sequence 52,>Random Sequence 52,1292,2693
>Random Sequence 53,>Random Sequence 53,1315,2675
>Random Sequence 54,>Random Sequence 54,1301,2693
>Random Sequence 55,>Random Sequence 55,1301,2692
>Random Sequence 56,>Random Sequence 56,1283,2712
>Random Sequence 57,>Random Sequence 57,1297,2694
>Random Sequence 58,>Random Sequence 58,1305,2676
>Random Sequence 59,>Random Sequence 59,1306,2688
>Random Sequence 60,>Random Sequence 60,1299,2689
>Random Sequence 61,>Random Sequence 61,1291,2705
>Random Sequence 62,>Random Sequence 62,1302,2674
>Random Sequence 63,>Random Sequence 63,1288,2699
>Random Sequence 64,>Random Sequence 64,1289,2699
>Random Sequence 65,>Random Sequence 65,1298,2694
>Random Sequence 66,>Random Sequence 66,1288,2677
>Random Sequence 67,>Random Sequence 67,1291,2708
>Random Sequence 68,>Random Sequence 68,1297,2686
>Random Sequence 69,>Random Sequence 69,1292,2703
>Random Sequence 70,>Random Sequence 70,1303,2694
>Random Sequence 71,>Random Sequence 71,1300,2687
>Random Sequence 72,>Random Sequence 72,1298,2697
>Random Sequence 73,>Random Sequence 73,1306,2679
>Random Sequence 74,>Random Sequence 74,1306,2672
>Random Sequence 75,>Random Sequence 75,1298,2697
>Random Sequence 76,>Random Sequence 76,1294,2700
>Random Sequence 77,>Random Sequence 77,1290,2704
>Random Sequence 78,>Random Sequence 78,1299,2681
>Random Sequence 79,>Random Sequence 79,1314,2679
>Random Sequence 80,>Random Sequence 80,1300,2678
>Random Sequence 81,>Random Sequence 81,1288,2661
>Random Sequence 82,>Random Sequence 82,1299,2695
>Random Sequence 83,>Random Sequence 83,1298,2688
>Random Sequence 84,>Random Sequence 84,1299,2691
>Random Sequence 85,>Random Sequence 85,1295,2700
>Random Sequence 86,>Random Sequence 86,1301,2685
>Random Sequence 87,>Random Sequence 87,1301,2697
>Random Sequence 88,>Random Sequence 88,1291,2692
>Random Sequence 89,>Random Sequence 89,1293,2695
>Random Sequence 90,>Random Sequence 90,1301,2694
>Random Sequence 91,>Random Sequence 91,1314,2683
>Random Sequence 92,>Random Sequence 92,1296,2695
>Random Sequence 93,>Random Sequence 93,1292,2705
>Random Sequence 94,>Random Sequence 94,1307,2688
>Random Sequence 95,>Random Sequence 95,1303,2692
>Random Sequence 96,>Random Sequence 96,1297,2682
>Random Sequence 97,>Random Sequence 97,1298,2677
>Random Sequence 98,>Random Sequence 98,1296,2685
>Random Sequence 99,>Random Sequence 99,1303,2695
>Random Sequence 100,>Random Sequence 100,1301,2696
>Random Sequence 101,>Random Sequence 101,1301,2696
>Random Sequence 102,>Random Sequence 102,1293,2704
>Random Sequence 103,>Random Sequence 103,1306,2689
>Random Sequence 104,>Random Sequence 104,1290,2701
>Random Sequence 105,>Random Sequence 105,1296,2698
>Random Sequence 106,>Random Sequence 106,1300,2699
>Random Sequence 107,>Random Sequence 107,1305,2684
>Random Sequence 108,>Random Sequence 108,1293,2705
>Random Sequence 109,>Random Sequence 109,1309,2688
>Random Sequence 110,>Random Sequence 110,1295,2690
>Random Sequence 111,>Random Sequence 111,1294,2691
>Random Sequence 112,>Random Sequence 112,1305,2683
>Random Sequence 113,>Random Sequence 113,1298,2692
>Random Sequence 114,>Random Sequence 114,1303,2672
>Random Sequence 115,>Random Sequence 115,1308,2678
>Random Sequence 116,>Random Sequence 116,1297,2698
>Random Sequence 117,>Random Sequence 117,1300,2677
>Random Sequence 118,>Random Sequence 118,1298,2697
>Random Sequence 119,>Random Sequence 119,1298,2696
>Random Sequence 120,>Random Sequence 120,1289,2694
>Random Sequence 121,>Random Sequence 121,1298,2701
>Random Sequence 122,>Random Sequence 122,1306,2684
>Random Sequence 123,>Random Sequence 123,1288,2694
>Random Sequence 124,>Random Sequence 124,1297,2693
>Random Sequence 125,>Random Sequence 125,1289,2705
>Random Sequence 126,>Random Sequence 126,1296,2679
>Random Sequence 127,>Random Sequence 127,1301,2698
>Random Sequence 128,>Random Sequence 128,1300,2694
>Random Sequence 129,>Random Sequence 129,1313,2674
>Random Sequence 130,>Random Sequence 130,1290,2701
>Random Sequence 131,>Random Sequence 131,1305,2686
>Random Sequence 132,>Random Sequence 132,1293,2697
>Random Sequence 133,>Random Sequence 133,1296,2696
>Random Sequence 134,>Random Sequence 134,1297,2694
>Random Sequence 135,>Random Sequence 135,1303,2669
>Random Sequence 136,>Random Sequence 136,1308,2691
>Random Sequence 137,>Random Sequence 137,1294,2697
>Random Sequence 138,>Random Sequence 138,1303,2685
>Random Sequence 139,>Random Sequence 139,1285,2712
>Random Sequence 140,>Random Sequence 140,1305,2687
>Random Sequence 141,>Random Sequence 141,1288,2711
>Random Sequence 142,>Random Sequence 142,1298,2686
>Random Sequence 143,>Random Sequence 143,1294,2694
>Random Sequence 144,>Random Sequence 144,1291,2705
>Random Sequence 145,>Random Sequence 145,1292,2702
>Random Sequence 146,>Random Sequence 146,1289,2708
>Random Sequence 147,>Random Sequence 147,1305,2690
>Random Sequence 148,>Random Sequence 148,1294,2701
>Random Sequence 149,>Random Sequence 149,1305,2683
>Random Sequence 150,>Random Sequence 150,1301,2670
>Random Sequence 151,>Random Sequence 151,1299,2687
>Random Sequence 152,>Random Sequence 152,1297,2702
>Random Sequence 153,>Random Sequence 153,1307,2683
>Random Sequence 154,>Random Sequence 154,1292,2695
>Random Sequence 155,>Random Sequence 155,1293,2701
>Random Sequence 156,>Random Sequence 156,1294,2697
>Random Sequence 157,>Random Sequence 157,1307,2690
>Random Sequence 158,>Random Sequence 158,1293,2694
>Random Sequence 159,>Random Sequence 159,1297,2696
>Random Sequence 160,>Random Sequence 160,1288,2702
>Random Sequence 161,>Random Sequence 161,1298,2696
>Random Sequence 162,>Random Sequence 162,1303,2695
>Random Sequence 163,>Random Sequence 163,1300,2692
>Random Sequence 164,>Random Sequence 164,1312,2685
>Random Sequence 165,>Random Sequence 165,1306,2687
>Random Sequence 166,>Random Sequence 166,1296,2698
>Random Sequence 167,>Random Sequence 167,1292,2677
>Random Sequence 168,>Random Sequence 168,1293,2705
>Random Sequence 169,>Random Sequence 169,1295,2693
>Random Sequence 170,>Random Sequence 170,1289,2698
>Random Sequence 171,>Random Sequence 171,1296,2703
>Random Sequence 172,>Random Sequence 172,1304,2686
>Random Sequence 173,>Random Sequence 173,1291,2698
>Random Sequence 174,>Random Sequence 174,1293,2701
>Random Sequence 175,>Random Sequence 175,1307,2683
>Random Sequence 176,>Random Sequence 176,1288,2703
>Random Sequence 177,>Random Sequence 177,1297,2686
>Random Sequence 178,>Random Sequence 178,1302,2693
>Random Sequence 179,>Random Sequence 179,1294,2685
>Random Sequence 180,>Random Sequence 180,1301,2678
>Random Sequence 181,>Random Sequence 181,1295,2700
>Random Sequence 182,>Random Sequence 182,1303,2696
>Random Sequence 183,>Random Sequence 183,1297,2680
>Random Sequence 184,>Random Sequence 184,1301,2686
>Random Sequence 185,>Random Sequence 185,1289,2704
>Random Sequence 186,>Random Sequence 186,1292,2701
>Random Sequence 187,>Random Sequence 187,1292,2698
>Random Sequence 188,>Random Sequence 188,1297,2694
>Random Sequence 189,>Random Sequence 189,1297,2677
>Random Sequence 190,>Random Sequence 190,1290,2707
>Random Sequence 191,>Random Sequence 191,1310,2683
>Random Sequence 192,>Random Sequence 192,1295,2697
>Random Sequence 193,>Random Sequence 193,1289,2709
>Random Sequence 194,>Random Sequence 194,1290,2707
>Random Sequence 195,>Random Sequence 195,1297,2702
>Random Sequence 196,>Random Sequence 196,1298,2689
>Random Sequence 197,>Random Sequence 197,1299,2698
>Random Sequence 198,>Random Sequence 198,1306,2691
>Random Sequence 199,>Random Sequence 199,1295,2691
>Random Sequence 200,>Random Sequence 200,1301,2694
>Random Sequence 201,>Random Sequence 201,1296,2685
>Random Sequence 202,>Random Sequence 202,1293,2702
>Random Sequence 203,>Random Sequence 203,1296,2702
>Random Sequence 204,>Random Sequence 204,1294,2691
>Random Sequence 205,>Random Sequence 205,1299,2682
>Random Sequence 206,>Random Sequence 206,1303,2696
>Random Sequence 207,>Random Sequence 207,1301,2696
>Random Sequence 208,>Random Sequence 208,1300,2696
>Random Sequence 209,>Random Sequence 209,1293,2703
>Random Sequence 210,>Random Sequence 210,1288,2708
>Random Sequence 211,>Random Sequence 211,1301,2698
>Random Sequence 212,>Random Sequence 212,1306,2689
>Random Sequence 213,>Random Sequence 213,1288,2702
>Random Sequence 214,>Random Sequence 214,1303,2685
>Random Sequence 215,>Random Sequence 215,1308,2682
>Random Sequence 216,>Random Sequence 216,1296,2681
>Random Sequence 217,>Random Sequence 217,1300,2658
>Random Sequence 218,>Random Sequence 218,1305,2690
>Random Sequence 219,>Random Sequence 219,1301,2676
>Random Sequence 220,>Random Sequence 220,1301,2695
>Random Sequence 221,>Random Sequence 221,1296,2696
>Random Sequence 222,>Random Sequence 222,1307,2685
>Random Sequence 223,>Random Sequence 223,1301,2698
>Random Sequence 224,>Random Sequence 224,1320,2679
>Random Sequence 225,>Random Sequence 225,1309,2673
>Random Sequence 226,>Random Sequence 226,1300,2692
>Random Sequence 227,>Random Sequence 227,1294,2695
>Random Sequence 228,>Random Sequence 228,1307,2682
>Random Sequence 229,>Random Sequence 229,1289,2694
>Random Sequence 230,>Random Sequence 230,1305,2686
>Random Sequence 231,>Random Sequence 231,1297,2702
>Random Sequence 232,>Random Sequence 232,1297,2699
>Random Sequence 233,>Random Sequence 233,1303,2691
>Random Sequence 234,>Random Sequence 234,1302,2695
>Random Sequence 235,>Random Sequence 235,1299,2679
>Random Sequence 236,>Random Sequence 236,1299,2694
>Random Sequence 237,>Random Sequence 237,1306,2680
>Random Sequence 238,>Random Sequence 238,1295,2689
>Random Sequence 239,>Random Sequence 239,1288,2701
>Random Sequence 240,>Random Sequence 240,1291,2699
>Random Sequence 241,>Random Sequence 241,1305,2688
>Random Sequence 242,>Random Sequence 242,1300,2690
>Random Sequence 243,>Random Sequence 243,1292,2700
>Random Sequence 244,>Random Sequence 244,1298,2697
>Random Sequence 245,>Random Sequence 245,1285,2712
>Random Sequence 246,>Random Sequence 246,1304,2695
>Random Sequence 247,>Random Sequence 247,1300,2691
>Random Sequence 248,>Random Sequence 248,1297,2687
>Random Sequence 249,>Random Sequence 249,1308,2691
>Random Sequence 250,>Random Sequence 250,1312,2676
>Random Sequence 251,>Random Sequence 251,1297,2696
>Random Sequence 252,>Random Sequence 252,1297,2697
>Random Sequence 253,>Random Sequence 253,1282,2710
>Random Sequence 254,>Random Sequence 254,1298,2699
>Random Sequence 255,>Random Sequence 255,1287,2707
>Random Sequence 256,>Random Sequence 256,1302,2690
>Random Sequence 257,>Random Sequence 257,1296,2701
>Random Sequence 258,>Random Sequence 258,1300,2668
>Random Sequence 259,>Random Sequence 259,1292,2687
>Random Sequence 260,>Random Sequence 260,1301,2694
>Random Sequence 261,>Random Sequence 261,1311,2653
>Random Sequence 262,>Random Sequence 262,1302,2696
>Random Sequence 263,>Random Sequence 263,1297,2698
>Random Sequence 264,>Random Sequence 264,1295,2703
>Random Sequence 265,>Random Sequence 265,1293,2706
>Random Sequence 266,>Random Sequence 266,1302,2693
>Random Sequence 267,>Random Sequence 267,1297,2700
>Random Sequence 268,>Random Sequence 268,1289,2690
>Random Sequence 269,>Random Sequence 269,1304,2691
>Random Sequence 270,>Random Sequence 270,1299,2699
>Random Sequence 271,>Random Sequence 271,1294,2695
>Random Sequence 272,>Random Sequence 272,1295,2692
>Random Sequence 273,>Random Sequence 273,1301,2688
>Random Sequence 274,>Random Sequence 274,1305,2690
>Random Sequence 275,>Random Sequence 275,1289,2708
>Random Sequence 276,>Random Sequence 276,1293,2687
>Random Sequence 277,>Random Sequence 277,1289,2701
>Random Sequence 278,>Random Sequence 278,1291,2692
>Random Sequence 279,>Random Sequence 279,1290,2699
>Random Sequence 280,>Random Sequence 280,1290,2707
>Random Sequence 281,>Random Sequence 281,1296,2699
>Random Sequence 282,>Random Sequence 282,1298,2691
>Random Sequence 283,>Random Sequence 283,1292,2705
>Random Sequence 284,>Random Sequence 284,1284,2711
>Random Sequence 285,>Random Sequence 285,1305,2690
>Random Sequence 286,>Random Sequence 286,1295,2701
>Random Sequence 287,>Random Sequence 287,1297,2694
>Random Sequence 288,>Random Sequence 288,1298,2668
>Random Sequence 289,>Random Sequence 289,1294,2694
>Random Sequence 290,>Random Sequence 290,1292,2692
>Random Sequence 291,>Random Sequence 291,1297,2699
>Random Sequence 292,>Random Sequence 292,1299,2700
>Random Sequence 293,>Random Sequence 293,1301,2698
>Random Sequence 294,>Random Sequence 294,1294,2698
>Random Sequence 295,>Random Sequence 295,1296,2701
>Random Sequence 296,>Random Sequence 296,1297,2695
>Random Sequence 297,>Random Sequence 297,1295,2702
>Random Sequence 298,>Random Sequence 298,1296,2697
>Random Sequence 299,>Random Sequence 299,1294,2704
>Random Sequence 300,>Random Sequence 300,1300,2689
>Random Sequence 301,>Random Sequence 301,1295,2683
>Random Sequence 302,>Random Sequence 302,1300,2669
>Random Sequence 303,>Random Sequence 303,1294,2703
>Random Sequence 304,>Random Sequence 304,1300,2692
>Random Sequence 305,>Random Sequence 305,1294,2704
>Random Sequence 306,>Random Sequence 306,1302,2694
>Random Sequence 307,>Random Sequence 307,1297,2701
>Random Sequence 308,>Random Sequence 308,1304,2693
>Random Sequence 309,>Random Sequence 309,1300,2675
>Random Sequence 310,>Random Sequence 310,1294,2687
>Random Sequence 311,>Random Sequence 311,1298,2701
>Random Sequence 312,>Random Sequence 312,1297,2702
>Random Sequence 313,>Random Sequence 313,1297,2668
>Random Sequence 314,>Random Sequence 314,1301,2696
>Random Sequence 315,>Random Sequence 315,1301,2674
>Random Sequence 316,>Random Sequence 316,1300,2687
>Random Sequence 317,>Random Sequence 317,1303,2693
>Random Sequence 318,>Random Sequence 318,1285,2712
>Random Sequence 319,>Random Sequence 319,1282,2710
>Random Sequence 320,>Random Sequence 320,1291,2706
>Random Sequence 321,>Random Sequence 321,1296,2686
>Random Sequence 322,>Random Sequence 322,1291,2704
>Random Sequence 323,>Random Sequence 323,1298,2692
>Random Sequence 324,>Random Sequence 324,1299,2691
>Random Sequence 325,>Random Sequence 325,1289,2704
>Random Sequence 326,>Random Sequence 326,1289,2705
>Random Sequence 327,>Random Sequence 327,1293,2700
>Random Sequence 328,>Random Sequence 328,1295,2696
>Random Sequence 329,>Random Sequence 329,1302,2686
>Random Sequence 330,>Random Sequence 330,1300,2692
>Random Sequence 331,>Random Sequence 331,1301,2673
>Random Sequence 332,>Random Sequence 332,1299,2698
>Random Sequence 333,>Random Sequence 333,1296,2701
>Random Sequence 334,>Random Sequence 334,1312,2675
>Random Sequence 335,>Random Sequence 335,1305,2691
>Random Sequence 336,>Random Sequence 336,1296,2692
>Random Sequence 337,>Random Sequence 337,1306,2693
>Random Sequence 338,>Random Sequence 338,1297,2694
>Random Sequence 339,>Random Sequence 339,1295,2682
>Random Sequence 340,>Random Sequence 340,1292,2700
>Random Sequence 341,>Random Sequence 341,1307,2682
>Random Sequence 342,>Random Sequence 342,1296,2685
>Random Sequence 343,>Random Sequence 343,1305,2693
>Random Sequence 344,>Random Sequence 344,1289,2706
>Random Sequence 345,>Random Sequence 345,1302,2694
>Random Sequence 346,>Random Sequence 346,1311,2679
>Random Sequence 347,>Random Sequence 347,1295,2688
>Random Sequence 348,>Random Sequence 348,1302,2685
>Random Sequence 349,>Random Sequence 349,1309,2674
>Random Sequence 350,>Random Sequence 350,1300,2693
>Random Sequence 351,>Random Sequence 351,1298,2700
>Random Sequence 352,>Random Sequence 352,1307,2686
>Random Sequence 353,>Random Sequence 353,1298,2685
>Random Sequence 354,>Random Sequence 354,1299,2698
>Random Sequence 355,>Random Sequence 355,1298,2693
>Random Sequence 356,>Random Sequence 356,1292,2696
>Random Sequence 357,>Random Sequence 357,1296,2703
>Random Sequence 358,>Random Sequence 358,1305,2691
>Random Sequence 359,>Random Sequence 359,1286,2709
>Random Sequence 360,>Random Sequence 360,1296,2675
>Random Sequence 361,>Random Sequence 361,1298,2695
>Random Sequence 362,>Random Sequence 362,1297,2694
>Random Sequence 363,>Random Sequence 363,1286,2696
>Random Sequence 364,>Random Sequence 364,1308,2689
>Random Sequence 365,>Random Sequence 365,1300,2693
>Random Sequence 366,>Random Sequence 366,1291,2694
>Random Sequence 367,>Random Sequence 367,1302,2692
>Random Sequence 368,>Random Sequence 368,1299,2698
>Random Sequence 369,>Random Sequence 369,1310,2689
>Random Sequence 370,>Random Sequence 370,1309,2690
>Random Sequence 371,>Random Sequence 371,1292,2695
>Random Sequence 372,>Random Sequence 372,1308,2688
>Random Sequence 373,>Random Sequence 373,1311,2677
>Random Sequence 374,>Random Sequence 374,1299,2697
>Random Sequence 375,>Random Sequence 375,1298,2696
>Random Sequence 376,>Random Sequence 376,1298,2699
>Random Sequence 377,>Random Sequence 377,1291,2702
>Random Sequence 378,>Random Sequence 378,1296,2698
>Random Sequence 379,>Random Sequence 379,1294,2694
>Random Sequence 380,>Random Sequence 380,1301,2697
>Random Sequence 381,>Random Sequence 381,1296,2700
>Random Sequence 382,>Random Sequence 382,1288,2705
>Random Sequence 383,>Random Sequence 383,1298,2693
>Random Sequence 384,>Random Sequence 384,1296,2699
>Random Sequence 385,>Random Sequence 385,1299,2698
>Random Sequence 386,>Random Sequence 386,1302,2694
>Random Sequence 387,>Random Sequence 387,1294,2701
>Random Sequence 388,>Random Sequence 388,1301,2693
>Random Sequence 389,>Random Sequence 389,1297,2697
>Random Sequence 390,>Random Sequence 390,1301,2690
>Random Sequence 391,>Random Sequence 391,1294,2704
>Random Sequence 392,>Random Sequence 392,1300,2698
>Random Sequence 393,>Random Sequence 393,1307,2677
>Random Sequence 394,>Random Sequence 394,1301,2681
>Random Sequence 395,>Random Sequence 395,1294,2703
>Random Sequence 396,>Random Sequence 396,1316,2675
>Random Sequence 397,>Random Sequence 397,1299,2692
>Random Sequence 398,>Random Sequence 398,1303,2690
>Random Sequence 399,>Random Sequence 399,1288,2708
>Random Sequence 400,>Random Sequence 400,1289,2697
>Random Sequence 401,>Random Sequence 401,1305,2694
>Random Sequence 402,>Random Sequence 402,1298,2700
>Random Sequence 403,>Random Sequence 403,1305,2676
>Random Sequence 404,>Random Sequence 404,1289,2708
>Random Sequence 405,>Random Sequence 405,1304,2687
>Random Sequence 406,>Random Sequence 406,1298,2699
>Random Sequence 407,>Random Sequence 407,1306,2671
>Random Sequence 408,>Random Sequence 408,1300,2690
>Random Sequence 409,>Random Sequence 409,1295,2694
>Random Sequence 410,>Random Sequence 410,1305,2682
>Random Sequence 411,>Random Sequence 411,1285,2713
>Random Sequence 412,>Random Sequence 412,1301,2695
>Random Sequence 413,>Random Sequence 413,1312,2682
>Random Sequence 414,>Random Sequence 414,1293,2701
>Random Sequence 415,>Random Sequence 415,1296,2702
>Random Sequence 416,>Random Sequence 416,1291,2688
>Random Sequence 417,>Random Sequence 417,1311,2688
>Random Sequence 418,>Random Sequence 418,1290,2685
>Random Sequence 419,>Random Sequence 419,1297,2701
>Random Sequence 420,>Random Sequence 420,1295,2699
>Random Sequence 421,>Random Sequence 421,1293,2676
>Random Sequence 422,>Random Sequence 422,1306,2684
>Random Sequence 423,>Random Sequence 423,1301,2694
>Random Sequence 424,>Random Sequence 424,1284,2705
>Random Sequence 425,>Random Sequence 425,1307,2675
>Random Sequence 426,>Random Sequence 426,1297,2700
>Random Sequence 427,>Random Sequence 427,1301,2689
>Random Sequence 428,>Random Sequence 428,1308,2688
>Random Sequence 429,>Random Sequence 429,1298,2692
>Random Sequence 430,>Random Sequence 430,1292,2702
>Random Sequence 431,>Random Sequence 431,1303,2672
>Random Sequence 432,>Random Sequence 432,1288,2701
>Random Sequence 433,>Random Sequence 433,1301,2698
>Random Sequence 434,>Random Sequence 434,1312,2681
>Random Sequence 435,>Random Sequence 435,1299,2690
>Random Sequence 436,>Random Sequence 436,1304,2683
>Random Sequence 437,>Random Sequence 437,1302,2681
>Random Sequence 438,>Random Sequence 438,1303,2691
>Random Sequence 439,>Random Sequence 439,1304,2695
>Random Sequence 440,>Random Sequence 440,1297,2696
>Random Sequence 441,>Random Sequence 441,1302,2696
>Random Sequence 442,>Random Sequence 442,1300,2677
>Random Sequence 443,>Random Sequence 443,1293,2701
>Random Sequence 444,>Random Sequence 444,1294,2683
>Random Sequence 445,>Random Sequence 445,1309,2684
>Random Sequence 446,>Random Sequence 446,1292,2686
>Random Sequence 447,>Random Sequence 447,1286,2698
>Random Sequence 448,>Random Sequence 448,1295,2699
>Random Sequence 449,>Random Sequence 449,1292,2687
>Random Sequence 450,>Random Sequence 450,1304,2689
>Random Sequence 451,>Random Sequence 451,1283,2714
>Random Sequence 452,>Random Sequence 452,1298,2696
>Random Sequence 453,>Random Sequence 453,1301,2696
>Random Sequence 454,>Random Sequence 454,1290,2695
>Random Sequence 455,>Random Sequence 455,1301,2694
>Random Sequence 456,>Random Sequence 456,1296,2697
>Random Sequence 457,>Random Sequence 457,1292,2688
>Random Sequence 458,>Random Sequence 458,1305,2680
>Random Sequence 459,>Random Sequence 459,1286,2705
>Random Sequence 460,>Random Sequence 460,1299,2676
>Random Sequence 461,>Random Sequence 461,1290,2703
>Random Sequence 462,>Random Sequence 462,1301,2698
>Random Sequence 463,>Random Sequence 463,1308,2689
>Random Sequence 464,>Random Sequence 464,1305,2685
>Random Sequence 465,>Random Sequence 465,1304,2682
>Random Sequence 466,>Random Sequence 466,1296,2698
>Random Sequence 467,>Random Sequence 467,1299,2698
>Random Sequence 468,>Random Sequence 468,1303,2684
>Random Sequence 469,>Random Sequence 469,1293,2706
>Random Sequence 470,>Random Sequence 470,1293,2686
>Random Sequence 471,>Random Sequence 471,1294,2704
>Random Sequence 472,>Random Sequence 472,1298,2699
>Random Sequence 473,>Random Sequence 473,1314,2675
>Random Sequence 474,>Random Sequence 474,1289,2710
>Random Sequence 475,>Random Sequence 475,1298,2701
>Random Sequence 476,>Random Sequence 476,1292,2704
>Random Sequence 477,>Random Sequence 477,1286,2705
>Random Sequence 478,>Random Sequence 478,1299,2690
>Random Sequence 479,>Random Sequence 479,1287,2702
>Random Sequence 480,>Random Sequence 480,1293,2681
>Random Sequence 481,>Random Sequence 481,1298,2696
>Random Sequence 482,>Random Sequence 482,1292,2682
>Random Sequence 483,>Random Sequence 483,1299,2693
>Random Sequence 484,>Random Sequence 484,1305,2691
>Random Sequence 485,>Random Sequence 485,1307,2676
>Random Sequence 486,>Random Sequence 486,1293,2703
>Random Sequence 487,>Random Sequence 487,1301,2682
>Random Sequence 488,>Random Sequence 488,1288,2709
>Random Sequence 489,>Random Sequence 489,1290,2699
>Random Sequence 490,>Random Sequence 490,1303,2691
>Random Sequence 491,>Random Sequence 491,1304,2691
>Random Sequence 492,>Random Sequence 492,1296,2700
>Random Sequence 493,>Random Sequence 493,1294,2704
>Random Sequence 494,>Random Sequence 494,1302,2692
>Random Sequence 495,>Random Sequence 495,1300,2693
>Random Sequence 496,>Random Sequence 496,1300,2698
>Random Sequence 497,>Random Sequence 497,1293,2680
>Random Sequence 498,>Random Sequence 498,1294,2705
>Random Sequence 499,>Random Sequence 499,1292,2697
>Random Sequence 500,>Random Sequence 500,1294,2699
