seq_from_file1,seq_from_file2,alignment_score,alignment_length
>Random Sequence 1,>Random Sequence 1,13,13
>Random Sequence 2,>Random Sequence 2,11,11
>Random Sequence 3,>Random Sequence 3,13,13
>Random Sequence 4,>Random Sequence 4,12,12
>Random Sequence 5,>Random Sequence 5,13,13
>Random Sequence 6,>Random Sequence 6,13,13
>Random Sequence 7,>Random Sequence 7,13,13
>Random Sequence 8,>Random Sequence 8,12,12
>Random Sequence 9,>Random Sequence 9,11,11
>Random Sequence 10,>Random Sequence 10,11,11
>Random Sequence 11,>Random Sequence 11,14,14
>Random Sequence 12,>Random Sequence 12,11,11
>Random Sequence 13,>Random Sequence 13,12,12
>Random Sequence 14,>Random Sequence 14,13,13
>Random Sequence 15,>Random Sequence 15,11,11
>Random Sequence 16,>Random Sequence 16,12,12
>Random Sequence 17,>Random Sequence 17,11,11
>Random Sequence 18,>Random Sequence 18,14,14
>Random Sequence 19,>Random Sequence 19,12,12
>Random Sequence 20,>Random Sequence 20,11,11
>Random Sequence 21,>Random Sequence 21,14,14
>Random Sequence 22,>Random Sequence 22,12,12
>Random Sequence 23,>Random Sequence 23,13,13
>Random Sequence 24,>Random Sequence 24,12,12
>Random Sequence 25,>Random Sequence 25,14,14
>Random Sequence 26,>Random Sequence 26,11,11
>Random Sequence 27,>Random Sequence 27,11,11
>Random Sequence 28,>Random Sequence 28,11,11
>Random Sequence 29,>Random Sequence 29,13,13
>Random Sequence 30,>Random Sequence 30,11,11
>Random Sequence 31,>Random Sequence 31,11,11
>Random Sequence 32,>Random Sequence 32,12,12
>Random Sequence 33,>Random Sequence 33,11,11
>Random Sequence 34,>Random Sequence 34,11,11
>Random Sequence 35,>Random Sequence 35,13,13
>Random Sequence 36,>Random Sequence 36,12,12
>Random Sequence 37,>Random Sequence 37,11,11
>Random Sequence 38,>Random Sequence 38,12,12
>Random Sequence 39,>Random Sequence 39,12,12
>Random Sequence 40,>Random Sequence 40,11,11
>Random Sequence 41,>Random Sequence 41,11,11
>Random Sequence 42,>Random Sequence 42,11,11
>Random Sequence 43,>Random Sequence 43,10,10
>Random Sequence 44,>Random Sequence 44,11,11
>Random Sequence 45,>Random Sequence 45,12,12
>Random Sequence 46,>Random Sequence 46,12,12
>Random Sequence 47,>Random Sequence 47,11,11
>Random Sequence 48,>Random Sequence 48,12,12
>Random Sequence 49,>Random Sequence 49,13,13
>Random Sequence 50,>Random Sequence 50,12,12
>Random Sequence 51,>Random Sequence 51,12,12
>Random Sequence 52,>Random Sequence 52,13,13
>Random Sequence 53,>Random Sequence 53,10,10
>Random Sequence 54,>Random Sequence 54,11,11
>Random Sequence 55,>Random Sequence 55,11,11
>Random Sequence 56,>Random Sequence 56,12,12
>Random Sequence 57,>Random Sequence 57,11,11
>Random Sequence 58,>Random Sequence 58,12,12
>Random Sequence 59,>Random Sequence 59,10,10
>Random Sequence 60,>Random Sequence 60,11,11
>Random Sequence 61,>Random Sequence 61,11,11
>Random Sequence 62,>Random Sequence 62,11,11
>Random Sequence 63,>Random Sequence 63,13,13
>Random Sequence 64,>Random Sequence 64,12,12
>Random Sequence 65,>Random Sequence 65,12,12
>Random Sequence 66,>Random Sequence 66,11,11
>Random Sequence 67,>Random Sequence 67,11,11
>Random Sequence 68,>Random Sequence 68,13,13
>Random Sequence 69,>Random Sequence 69,11,11
>Random Sequence 70,>Random Sequence 70,10,10
>Random Sequence 71,>Random Sequence 71,12,12
>Random Sequence 72,>Random Sequence 72,11,11
>Random Sequence 73,>Random Sequence 73,13,13
>Random Sequence 74,>Random Sequence 74,13,13
>Random Sequence 75,>Random Sequence 75,12,12
>Random Sequence 76,>Random Sequence 76,11,11
>Random Sequence 77,>Random Sequence 77,14,14
>Random Sequence 78,>Random Sequence 78,13,13
>Random Sequence 79,>Random Sequence 79,13,13
>Random Sequence 80,>Random Sequence 80,11,11
>Random Sequence 81,>Random Sequence 81,11,11
>Random Sequence 82,>Random Sequence 82,12,12
>Random Sequence 83,>Random Sequence 83,11,11
>Random Sequence 84,>Random Sequence 84,11,11
>Random Sequence 85,>Random Sequence 85,12,12
>Random Sequence 86,>Random Sequence 86,11,11
>Random Sequence 87,>Random Sequence 87,11,11
>Random Sequence 88,>Random Sequence 88,11,11
>Random Sequence 89,>Random Sequence 89,12,12
>Random Sequence 90,>Random Sequence 90,11,11
>Random Sequence 91,>Random Sequence 91,11,11
>Random Sequence 92,>Random Sequence 92,11,11
>Random Sequence 93,>Random Sequence 93,11,11
>Random Sequence 94,>Random Sequence 94,11,11
>Random Sequence 95,>Random Sequence 95,12,12
>Random Sequence 96,>Random Sequence 96,11,11
>Random Sequence 97,>Random Sequence 97,11,11
>Random Sequence 98,>Random Sequence 98,15,15
>Random Sequence 99,>Random Sequence 99,13,13
>Random Sequence 100,>Random Sequence 100,12,12
>Random Sequence 101,>Random Sequence 101,12,12
>Random Sequence 102,>Random Sequence 102,11,11
>Random Sequence 103,>Random Sequence 103,13,13
>Random Sequence 104,>Random Sequence 104,10,10
>Random Sequence 105,>Random Sequence 105,10,10
>Random Sequence 106,>Random Sequence 106,14,14
>Random Sequence 107,>Random Sequence 107,11,11
>Random Sequence 108,>Random Sequence 108,11,11
>Random Sequence 109,>Random Sequence 109,13,13
>Random Sequence 110,>Random Sequence 110,11,11
>Random Sequence 111,>Random Sequence 111,11,11
>Random Sequence 112,>Random Sequence 112,12,12
>Random Sequence 113,>Random Sequence 113,12,12
>Random Sequence 114,>Random Sequence 114,11,11
>Random Sequence 115,>Random Sequence 115,11,11
>Random Sequence 116,>Random Sequence 116,11,11
>Random Sequence 117,>Random Sequence 117,11,11
>Random Sequence 118,>Random Sequence 118,12,12
>Random Sequence 119,>Random Sequence 119,10,10
>Random Sequence 120,>Random Sequence 120,12,12
>Random Sequence 121,>Random Sequence 121,11,11
>Random Sequence 122,>Random Sequence 122,12,12
>Random Sequence 123,>Random Sequence 123,12,12
>Random Sequence 124,>Random Sequence 124,12,12
>Random Sequence 125,>Random Sequence 125,14,14
>Random Sequence 126,>Random Sequence 126,12,12
>Random Sequence 127,>Random Sequence 127,11,11
>Random Sequence 128,>Random Sequence 128,11,11
>Random Sequence 129,>Random Sequence 129,12,12
>Random Sequence 130,>Random Sequence 130,12,12
>Random Sequence 131,>Random Sequence 131,12,12
>Random Sequence 132,>Random Sequence 132,14,14
>Random Sequence 133,>Random Sequence 133,13,13
>Random Sequence 134,>Random Sequence 134,12,12
>Random Sequence 135,>Random Sequence 135,10,10
>Random Sequence 136,>Random Sequence 136,12,12
>Random Sequence 137,>Random Sequence 137,13,13
>Random Sequence 138,>Random Sequence 138,14,14
>Random Sequence 139,>Random Sequence 139,11,11
>Random Sequence 140,>Random Sequence 140,11,11
>Random Sequence 141,>Random Sequence 141,12,12
>Random Sequence 142,>Random Sequence 142,11,11
>Random Sequence 143,>Random Sequence 143,12,12
>Random Sequence 144,>Random Sequence 144,11,11
>Random Sequence 145,>Random Sequence 145,12,12
>Random Sequence 146,>Random Sequence 146,12,12
>Random Sequence 147,>Random Sequence 147,11,11
>Random Sequence 148,>Random Sequence 148,11,11
>Random Sequence 149,>Random Sequence 149,11,11
>Random Sequence 150,>Random Sequence 150,13,13
>Random Sequence 151,>Random Sequence 151,12,12
>Random Sequence 152,>Random Sequence 152,13,13
>Random Sequence 153,>Random Sequence 153,12,12
>Random Sequence 154,>Random Sequence 154,12,12
>Random Sequence 155,>Random Sequence 155,11,11
>Random Sequence 156,>Random Sequence 156,12,12
>Random Sequence 157,>Random Sequence 157,13,13
>Random Sequence 158,>Random Sequence 158,11,11
>Random Sequence 159,>Random Sequence 159,11,11
>Random Sequence 160,>Random Sequence 160,12,12
>Random Sequence 161,>Random Sequence 161,11,11
>Random Sequence 162,>Random Sequence 162,10,10
>Random Sequence 163,>Random Sequence 163,12,12
>Random Sequence 164,>Random Sequence 164,12,12
>Random Sequence 165,>Random Sequence 165,11,11
>Random Sequence 166,>Random Sequence 166,12,12
>Random Sequence 167,>Random Sequence 167,11,11
>Random Sequence 168,>Random Sequence 168,12,12
>Random Sequence 169,>Random Sequence 169,11,11
>Random Sequence 170,>Random Sequence 170,11,11
>Random Sequence 171,>Random Sequence 171,12,12
>Random Sequence 172,>Random Sequence 172,12,12
>Random Sequence 173,>Random Sequence 173,12,12
>Random Sequence 174,>Random Sequence 174,11,11
>Random Sequence 175,>Random Sequence 175,12,12
>Random Sequence 176,>Random Sequence 176,10,10
>Random Sequence 177,>Random Sequence 177,11,11
>Random Sequence 178,>Random Sequence 178,12,12
>Random Sequence 179,>Random Sequence 179,11,11
>Random Sequence 180,>Random Sequence 180,12,12
>Random Sequence 181,>Random Sequence 181,12,12
>Random Sequence 182,>Random Sequence 182,11,11
>Random Sequence 183,>Random Sequence 183,13,13
>Random Sequence 184,>Random Sequence 184,12,12
>Random Sequence 185,>Random Sequence 185,13,13
>Random Sequence 186,>Random Sequence 186,11,11
>Random Sequence 187,>Random Sequence 187,12,12
>Random Sequence 188,>Random Sequence 188,12,12
>Random Sequence 189,>Random Sequence 189,11,11
>Random Sequence 190,>Random Sequence 190,12,12
>Random Sequence 191,>Random Sequence 191,11,11
>Random Sequence 192,>Random Sequence 192,12,12
>Random Sequence 193,>Random Sequence 193,12,12
>Random Sequence 194,>Random Sequence 194,12,12
>Random Sequence 195,>Random Sequence 195,13,13
>Random Sequence 196,>Random Sequence 196,13,13
>Random Sequence 197,>Random Sequence 197,11,11
>Random Sequence 198,>Random Sequence 198,11,11
>Random Sequence 199,>Random Sequence 199,12,12
>Random Sequence 200,>Random Sequence 200,11,11
>Random Sequence 201,>Random Sequence 201,11,11
>Random Sequence 202,>Random Sequence 202,12,12
>Random Sequence 203,>Random Sequence 203,13,13
>Random Sequence 204,>Random Sequence 204,11,11
>Random Sequence 205,>Random Sequence 205,14,14
>Random Sequence 206,>Random Sequence 206,13,13
>Random Sequence 207,>Random Sequence 207,12,12
>Random Sequence 208,>Random Sequence 208,13,13
>Random Sequence 209,>Random Sequence 209,13,13
>Random Sequence 210,>Random Sequence 210,14,14
>Random Sequence 211,>Random Sequence 211,11,11
>Random Sequence 212,>Random Sequence 212,11,11
>Random Sequence 213,>Random Sequence 213,11,11
>Random Sequence 214,>Random Sequence 214,13,13
>Random Sequence 215,>Random Sequence 215,10,10
>Random Sequence 216,>Random Sequence 216,11,11
>Random Sequence 217,>Random Sequence 217,13,13
>Random Sequence 218,>Random Sequence 218,12,12
>Random Sequence 219,>Random Sequence 219,11,11
>Random Sequence 220,>Random Sequence 220,12,12
>Random Sequence 221,>Random Sequence 221,12,12
>Random Sequence 222,>Random Sequence 222,13,13
>Random Sequence 223,>Random Sequence 223,12,12
>Random Sequence 224,>Random Sequence 224,11,11
>Random Sequence 225,>Random Sequence 225,13,13
>Random Sequence 226,>Random Sequence 226,11,11
>Random Sequence 227,>Random Sequence 227,12,12
>Random Sequence 228,>Random Sequence 228,13,13
>Random Sequence 229,>Random Sequence 229,13,13
>Random Sequence 230,>Random Sequence 230,11,11
>Random Sequence 231,>Random Sequence 231,13,13
>Random Sequence 232,>Random Sequence 232,12,12
>Random Sequence 233,>Random Sequence 233,11,11
>Random Sequence 234,>Random Sequence 234,13,13
>Random Sequence 235,>Random Sequence 235,12,12
>Random Sequence 236,>Random Sequence 236,11,11
>Random Sequence 237,>Random Sequence 237,12,12
>Random Sequence 238,>Random Sequence 238,11,11
>Random Sequence 239,>Random Sequence 239,13,13
>Random Sequence 240,>Random Sequence 240,12,12
>Random Sequence 241,>Random Sequence 241,11,11
>Random Sequence 242,>Random Sequence 242,11,11
>Random Sequence 243,>Random Sequence 243,11,11
>Random Sequence 244,>Random Sequence 244,12,12
>Random Sequence 245,>Random Sequence 245,12,12
>Random Sequence 246,>Random Sequence 246,10,10
>Random Sequence 247,>Random Sequence 247,12,12
>Random Sequence 248,>Random Sequence 248,12,12
>Random Sequence 249,>Random Sequence 249,12,12
>Random Sequence 250,>Random Sequence 250,11,11
>Random Sequence 251,>Random Sequence 251,11,11
>Random Sequence 252,>Random Sequence 252,11,11
>Random Sequence 253,>Random Sequence 253,11,11
>Random Sequence 254,>Random Sequence 254,11,11
>Random Sequence 255,>Random Sequence 255,12,12
>Random Sequence 256,>Random Sequence 256,11,11
>Random Sequence 257,>Random Sequence 257,11,11
>Random Sequence 258,>Random Sequence 258,12,12
>Random Sequence 259,>Random Sequence 259,11,11
>Random Sequence 260,>Random Sequence 260,12,12
>Random Sequence 261,>Random Sequence 261,11,11
>Random Sequence 262,>Random Sequence 262,11,11
>Random Sequence 263,>Random Sequence 263,12,12
>Random Sequence 264,>Random Sequence 264,13,13
>Random Sequence 265,>Random Sequence 265,11,11
>Random Sequence 266,>Random Sequence 266,12,12
>Random Sequence 267,>Random Sequence 267,12,12
>Random Sequence 268,>Random Sequence 268,13,13
>Random Sequence 269,>Random Sequence 269,12,12
>Random Sequence 270,>Random Sequence 270,11,11
>Random Sequence 271,>Random Sequence 271,12,12
>Random Sequence 272,>Random Sequence 272,11,11
>Random Sequence 273,>Random Sequence 273,12,12
>Random Sequence 274,>Random Sequence 274,12,12
>Random Sequence 275,>Random Sequence 275,12,12
>Random Sequence 276,>Random Sequence 276,11,11
>Random Sequence 277,>Random Sequence 277,12,12
>Random Sequence 278,>Random Sequence 278,11,11
>Random Sequence 279,>Random Sequence 279,13,13
>Random Sequence 280,>Random Sequence 280,11,11
>Random Sequence 281,>Random Sequence 281,12,12
>Random Sequence 282,>Random Sequence 282,12,12
>Random Sequence 283,>Random Sequence 283,11,11
>Random Sequence 284,>Random Sequence 284,11,11
>Random Sequence 285,>Random Sequence 285,12,12
>Random Sequence 286,>Random Sequence 286,11,11
>Random Sequence 287,>Random Sequence 287,12,12
>Random Sequence 288,>Random Sequence 288,12,12
>Random Sequence 289,>Random Sequence 289,11,11
>Random Sequence 290,>Random Sequence 290,11,11
>Random Sequence 291,>Random Sequence 291,12,12
>Random Sequence 292,>Random Sequence 292,12,12
>Random Sequence 293,>Random Sequence 293,11,11
>Random Sequence 294,>Random Sequence 294,11,11
>Random Sequence 295,>Random Sequence 295,12,12
>Random Sequence 296,>Random Sequence 296,12,12
>Random Sequence 297,>Random Sequence 297,12,12
>Random Sequence 298,>Random Sequence 298,14,14
>Random Sequence 299,>Random Sequence 299,11,11
>Random Sequence 300,>Random Sequence 300,13,13
>Random Sequence 301,>Random Sequence 301,11,11
>Random Sequence 302,>Random Sequence 302,11,11
>Random Sequence 303,>Random Sequence 303,12,12
>Random Sequence 304,>Random Sequence 304,11,11
>Random Sequence 305,>Random Sequence 305,11,11
>Random Sequence 306,>Random Sequence 306,16,16
>Random Sequence 307,>Random Sequence 307,11,11
>Random Sequence 308,>Random Sequence 308,11,11
>Random Sequence 309,>Random Sequence 309,11,11
>Random Sequence 310,>Random Sequence 310,10,10
>Random Sequence 311,>Random Sequence 311,11,11
>Random Sequence 312,>Random Sequence 312,12,12
>Random Sequence 313,>Random Sequence 313,12,12
>Random Sequence 314,>Random Sequence 314,12,12
>Random Sequence 315,>Random Sequence 315,11,11
>Random Sequence 316,>Random Sequence 316,14,14
>Random Sequence 317,>Random Sequence 317,11,11
>Random Sequence 318,>Random Sequence 318,14,14
>Random Sequence 319,>Random Sequence 319,11,11
>Random Sequence 320,>Random Sequence 320,11,11
>Random Sequence 321,>Random Sequence 321,12,12
>Random Sequence 322,>Random Sequence 322,15,15
>Random Sequence 323,>Random Sequence 323,11,11
>Random Sequence 324,>Random Sequence 324,13,13
>Random Sequence 325,>Random Sequence 325,12,12
>Random Sequence 326,>Random Sequence 326,12,12
>Random Sequence 327,>Random Sequence 327,12,12
>Random Sequence 328,>Random Sequence 328,12,12
>Random Sequence 329,>Random Sequence 329,10,10
>Random Sequence 330,>Random Sequence 330,12,12
>Random Sequence 331,>Random Sequence 331,11,11
>Random Sequence 332,>Random Sequence 332,12,12
>Random Sequence 333,>Random Sequence 333,12,12
>Random Sequence 334,>Random Sequence 334,11,11
>Random Sequence 335,>Random Sequence 335,11,11
>Random Sequence 336,>Random Sequence 336,11,11
>Random Sequence 337,>Random Sequence 337,12,12
>Random Sequence 338,>Random Sequence 338,11,11
>Random Sequence 339,>Random Sequence 339,13,13
>Random Sequence 340,>Random Sequence 340,11,11
>Random Sequence 341,>Random Sequence 341,14,14
>Random Sequence 342,>Random Sequence 342,12,12
>Random Sequence 343,>Random Sequence 343,11,11
>Random Sequence 344,>Random Sequence 344,11,11
>Random Sequence 345,>Random Sequence 345,16,16
>Random Sequence 346,>Random Sequence 346,12,12
>Random Sequence 347,>Random Sequence 347,11,11
>Random Sequence 348,>Random Sequence 348,11,11
>Random Sequence 349,>Random Sequence 349,14,14
>Random Sequence 350,>Random Sequence 350,12,12
>Random Sequence 351,>Random Sequence 351,12,12
>Random Sequence 352,>Random Sequence 352,11,11
>Random Sequence 353,>Random Sequence 353,13,13
>Random Sequence 354,>Random Sequence 354,12,12
>Random Sequence 355,>Random Sequence 355,11,11
>Random Sequence 356,>Random Sequence 356,12,12
>Random Sequence 357,>Random Sequence 357,12,12
>Random Sequence 358,>Random Sequence 358,13,13
>Random Sequence 359,>Random Sequence 359,13,13
>Random Sequence 360,>Random Sequence 360,11,11
>Random Sequence 361,>Random Sequence 361,11,11
>Random Sequence 362,>Random Sequence 362,12,12
>Random Sequence 363,>Random Sequence 363,12,12
>Random Sequence 364,>Random Sequence 364,14,14
>Random Sequence 365,>Random Sequence 365,12,12
>Random Sequence 366,>Random Sequence 366,15,15
>Random Sequence 367,>Random Sequence 367,11,11
>Random Sequence 368,>Random Sequence 368,11,11
>Random Sequence 369,>Random Sequence 369,11,11
>Random Sequence 370,>Random Sequence 370,11,11
>Random Sequence 371,>Random Sequence 371,11,11
>Random Sequence 372,>Random Sequence 372,12,12
>Random Sequence 373,>Random Sequence 373,12,12
>Random Sequence 374,>Random Sequence 374,11,11
>Random Sequence 375,>Random Sequence 375,11,11
>Random Sequence 376,>Random Sequence 376,12,12
>Random Sequence 377,>Random Sequence 377,12,12
>Random Sequence 378,>Random Sequence 378,11,11
>Random Sequence 379,>Random Sequence 379,11,11
>Random Sequence 380,>Random Sequence 380,12,12
>Random Sequence 381,>Random Sequence 381,11,11
>Random Sequence 382,>Random Sequence 382,12,12
>Random Sequence 383,>Random Sequence 383,12,12
>Random Sequence 384,>Random Sequence 384,12,12
>Random Sequence 385,>Random Sequence 385,11,11
>Random Sequence 386,>Random Sequence 386,12,12
>Random Sequence 387,>Random Sequence 387,10,10
>Random Sequence 388,>Random Sequence 388,13,13
>Random Sequence 389,>Random Sequence 389,15,15
>Random Sequence 390,>Random Sequence 390,11,11
>Random Sequence 391,>Random Sequence 391,11,11
>Random Sequence 392,>Random Sequence 392,13,13
>Random Sequence 393,>Random Sequence 393,11,11
>Random Sequence 394,>Random Sequence 394,10,10
>Random Sequence 395,>Random Sequence 395,11,11
>Random Sequence 396,>Random Sequence 396,12,12
>Random Sequence 397,>Random Sequence 397,12,12
>Random Sequence 398,>Random Sequence 398,11,11
>Random Sequence 399,>Random Sequence 399,12,12
>Random Sequence 400,>Random Sequence 400,11,11
>Random Sequence 401,>Random Sequence 401,11,11
>Random Sequence 402,>Random Sequence 402,12,12
>Random Sequence 403,>Random Sequence 403,12,12
>Random Sequence 404,>Random Sequence 404,11,11
>Random Sequence 405,>Random Sequence 405,12,12
>Random Sequence 406,>Random Sequence 406,11,11
>Random Sequence 407,>Random Sequence 407,11,11
>Random Sequence 408,>Random Sequence 408,11,11
>Random Sequence 409,>Random Sequence 409,11,11
>Random Sequence 410,>Random Sequence 410,11,11
>Random Sequence 411,>Random Sequence 411,11,11
>Random Sequence 412,>Random Sequence 412,13,13
>Random Sequence 413,>Random Sequence 413,13,13
>Random Sequence 414,>Random Sequence 414,10,10
>Random Sequence 415,>Random Sequence 415,12,12
>Random Sequence 416,>Random Sequence 416,11,11
>Random Sequence 417,>Random Sequence 417,12,12
>Random Sequence 418,>Random Sequence 418,11,11
>Random Sequence 419,>Random Sequence 419,12,12
>Random Sequence 420,>Random Sequence 420,13,13
>Random Sequence 421,>Random Sequence 421,11,11
>Random Sequence 422,>Random Sequence 422,12,12
>Random Sequence 423,>Random Sequence 423,12,12
>Random Sequence 424,>Random Sequence 424,11,11
>Random Sequence 425,>Random Sequence 425,11,11
>Random Sequence 426,>Random Sequence 426,11,11
>Random Sequence 427,>Random Sequence 427,12,12
>Random Sequence 428,>Random Sequence 428,11,11
>Random Sequence 429,>Random Sequence 429,10,10
>Random Sequence 430,>Random Sequence 430,12,12
>Random Sequence 431,>Random Sequence 431,10,10
>Random Sequence 432,>Random Sequence 432,12,12
>Random Sequence 433,>Random Sequence 433,12,12
>Random Sequence 434,>Random Sequence 434,11,11
>Random Sequence 435,>Random Sequence 435,15,15
>Random Sequence 436,>Random Sequence 436,11,11
>Random Sequence 437,>Random Sequence 437,12,12
>Random Sequence 438,>Random Sequence 438,12,12
>Random Sequence 439,>Random Sequence 439,13,13
>Random Sequence 440,>Random Sequence 440,10,10
>Random Sequence 441,>Random Sequence 441,10,10
>Random Sequence 442,>Random Sequence 442,12,12
>Random Sequence 443,>Random Sequence 443,11,11
>Random Sequence 444,>Random Sequence 444,11,11
>Random Sequence 445,>Random Sequence 445,12,12
>Random Sequence 446,>Random Sequence 446,12,12
>Random Sequence 447,>Random Sequence 447,12,12
>Random Sequence 448,>Random Sequence 448,11,11
>Random Sequence 449,>Random Sequence 449,11,11
>Random Sequence 450,>Random Sequence 450,12,12
>Random Sequence 451,>Random Sequence 451,11,11
>Random Sequence 452,>Random Sequence 452,12,12
>Random Sequence 453,>Random Sequence 453,15,15
>Random Sequence 454,>Random Sequence 454,14,14
>Random Sequence 455,>Random Sequence 455,10,10
>Random Sequence 456,>Random Sequence 456,14,14
>Random Sequence 457,>Random Sequence 457,13,13
>Random Sequence 458,>Random Sequence 458,10,10
>Random Sequence 459,>Random Sequence 459,11,11
>Random Sequence 460,>Random Sequence 460,10,10
>Random Sequence 461,>Random Sequence 461,10,10
>Random Sequence 462,>Random Sequence 462,11,11
>Random Sequence 463,>Random Sequence 463,12,12
>Random Sequence 464,>Random Sequence 464,12,12
>Random Sequence 465,>Random Sequence 465,14,14
>Random Sequence 466,>Random Sequence 466,11,11
>Random Sequence 467,>Random Sequence 467,12,12
>Random Sequence 468,>Random Sequence 468,11,11
>Random Sequence 469,>Random Sequence 469,11,11
>Random Sequence 470,>Random Sequence 470,11,11
>Random Sequence 471,>Random Sequence 471,13,13
>Random Sequence 472,>Random Sequence 472,11,11
>Random Sequence 473,>Random Sequence 473,11,11
>Random Sequence 474,>Random Sequence 474,12,12
>Random Sequence 475,>Random Sequence 475,12,12
>Random Sequence 476,>Random Sequence 476,11,11
>Random Sequence 477,>Random Sequence 477,11,11
>Random Sequence 478,>Random Sequence 478,15,15
>Random Sequence 479,>Random Sequence 479,12,12
>Random Sequence 480,>Random Sequence 480,11,11
>Random Sequence 481,>Random Sequence 481,12,12
>Random Sequence 482,>Random Sequence 482,11,11
>Random Sequence 483,>Random Sequence 483,12,12
>Random Sequence 484,>Random Sequence 484,11,11
>Random Sequence 485,>Random Sequence 485,11,11
>Random Sequence 486,>Random Sequence 486,14,14
>Random Sequence 487,>Random Sequence 487,11,11
>Random Sequence 488,>Random Sequence 488,11,11
>Random Sequence 489,>Random Sequence 489,11,11
>Random Sequence 490,>Random Sequence 490,11,11
>Random Sequence 491,>Random Sequence 491,13,13
>Random Sequence 492,>Random Sequence 492,10,10
>Random Sequence 493,>Random Sequence 493,11,11
>Random Sequence 494,>Random Sequence 494,14,14
>Random Sequence 495,>Random Sequence 495,12,12
>Random Sequence 496,>Random Sequence 496,10,10
>Random Sequence 497,>Random Sequence 497,18,18
>Random Sequence 498,>Random Sequence 498,11,11
>Random Sequence 499,>Random Sequence 499,12,12
>Random Sequence 500,>Random Sequence 500,11,11
